PMID,Title,Authors,Citation,First Author,Journal/Book,Publication Year,Create Date,PMCID,NIHMS ID,DOI
"42626053","Artificial intelligence in ophthalmology: From diagnostic accuracy to clinical application","Zeppieri M, Capobianco M, Visalli F, Khouyyi M, Musa M, Avitabile A, Leandro I, Giglio R, Tognetto D, Gagliano C, D'Esposito F, Cappellani F.","World J Methodol. 2026 Sep 20;16(3):115265. doi: 10.5662/wjm.115265. eCollection 2026 Sep 20.","Zeppieri M","World J Methodol","2026","2026/08/21","PMC13491185","","10.5662/wjm.115265"
"42623169","Diagnostic Accuracy of Medical Imaging-Based Artificial Intelligence for Osteonecrosis of the Femoral Head: Systematic Review and Meta-Analysis","Lu F, Wang L, Zhang W, Ma Y, Tian J, Hu Y.","J Med Internet Res. 2026 Aug 20;28:e95648. doi: 10.2196/95648.","Lu F","J Med Internet Res","2026","2026/08/20","PMC13492484","","10.2196/95648"
"42617201","Diagnostic performance of machine learning models for malignant and non-malignant pleural effusion: Systematic review and meta-analysis","Guo L, Li J, Yao J, Liu W, Su Y, Zhao H.","Int J Med Inform. 2026 Aug 16;221:106667. doi: 10.1016/j.ijmedinf.2026.106667. Online ahead of print.","Guo L","Int J Med Inform","2026","2026/08/19","","","10.1016/j.ijmedinf.2026.106667"
"42611640","Artificial Intelligence in Ultrasound Imaging: Opportunities for Improving Diagnostic Accuracy in Gulf Health Care","Alghamdi BM, Alrewily EM, Alghamdi SS.","Ultrasound Q. 2026 Aug 18;42(3):e00753. doi: 10.1097/RUQ.0000000000000753. eCollection 2026 Sep 1.","Alghamdi BM","Ultrasound Q","2026","2026/08/18","","","10.1097/RUQ.0000000000000753"
"42591757","Artificial intelligence-based systems as auxiliary tools for thyroid nodule malignancy detection on ultrasound: a systematic review and meta-analysis of diagnostic accuracy","De Cicco R, Dias FA, Vieira VB, Souza R, Briaunys Milan T.","Gland Surg. 2026 Jul 31;15(7):186. doi: 10.21037/gs-2026-1-0126. Epub 2026 Jun 26.","De Cicco R","Gland Surg","2026","2026/08/13","PMC13462842","","10.21037/gs-2026-1-0126"
"42582423","Diagnostic performance of deep learning models in differentiating benign and malignant pulmonary nodules: a systematic review and meta-analysis","Chen F, Chen L, Lv Y, Song Y, Zhao Z, Zhao L.","Quant Imaging Med Surg. 2026 Aug 1;16(8):645. doi: 10.21037/qims-2026-0581. Epub 2026 Jul 10.","Chen F","Quant Imaging Med Surg","2026","2026/08/12","PMC13457760","","10.21037/qims-2026-0581"
"42576231","Diagnostic accuracy of deep learning-assisted low-dose CT screening for lung cancer detection: a systematic review and meta-analysis","Gebremichael D, Zimme ZA, Mengesha LY, Jibat N, Berihun A, Ayele AA, Ashenafi SA, Tegegn HG, Gete KY.","Diagn Progn Res. 2026 Aug 10;10(1):21. doi: 10.1186/s41512-026-00235-w.","Gebremichael D","Diagn Progn Res","2026","2026/08/11","PMC13455218","","10.1186/s41512-026-00235-w"
"42568352","Comparative diagnostic accuracy of radiomics, deep learning, and hybrid AI for invasiveness stratification of pulmonary ground-glass nodules: a systematic review and meta-analysis","Dong N, Li Z, Cong Z, Ba X, Qin J, Lin Z, Wang X, Liang P.","Front Oncol. 2026 Jul 24;16:1752652. doi: 10.3389/fonc.2026.1752652. eCollection 2026.","Dong N","Front Oncol","2026","2026/08/08","PMC13447058","","10.3389/fonc.2026.1752652"
"42564476","Diagnostic Accuracy of MRI-Based Artificial Intelligence Models for Distinguishing Alzheimer's Disease and Mild Cognitive Impairment From Cognitively Normal Controls: A Systematic Review and Meta-Analysis","Allaham SMI.","Dement Neurocogn Disord. 2026 Jul;25(3):141-151. doi: 10.12779/dnd.2026.25.3.141. Epub 2026 Jun 4.","Allaham SMI","Dement Neurocogn Disord","2026","2026/08/07","PMC13444374","","10.12779/dnd.2026.25.3.141"
"42561580","Artificial intelligence enabled electrocardiography and digital auscultation for detection of peripartum cardiomyopathy and pregnancy-associated left ventricular systolic dysfunction: A systematic review and meta-analysis of diagnostic accuracy studies","Albino Dos Santos Silva RR, Batista PG, Montenegro MV, Gaelzer G, de Lucena LA, Molinari ME, de Oliveira JP, Huntermann R, Malik M, Dandamudi M, Fischer-Bacca CO, Giorgi J.","Eur J Obstet Gynecol Reprod Biol. 2026 Jul 31;326:115349. doi: 10.1016/j.ejogrb.2026.115349. Online ahead of print.","Albino Dos Santos Silva RR","Eur J Obstet Gynecol Reprod Biol","2026","2026/08/06","","","10.1016/j.ejogrb.2026.115349"
"42547590","Artificial intelligence in breast cancer imaging: a systematic review of diagnostic performance, predictive modeling, and clinical translation","Gumma L, Gumma B.","Naunyn Schmiedebergs Arch Pharmacol. 2026 Aug 4. doi: 10.1007/s00210-026-05700-3. Online ahead of print.","Gumma L","Naunyn Schmiedebergs Arch Pharmacol","2026","2026/08/03","","","10.1007/s00210-026-05700-3"
"42536568","Artificial intelligence for early diagnosis of mild cognitive impairment: A scoping review comparing diagnostic accuracy with physician performance","Byeon H.","Medicine (Baltimore). 2026 Jul 31;105(31):e50006. doi: 10.1097/MD.0000000000050006.","Byeon H","Medicine (Baltimore)","2026","2026/07/31","PMC13433120","","10.1097/MD.0000000000050006"
"42536192","Diagnostic accuracy of image-based deep learning for glaucomatous optic neuropathy detection: a systematic review and meta-analysis","Liang M, Lu J, Qin C.","Graefes Arch Clin Exp Ophthalmol. 2026 Jul 31. doi: 10.1007/s00417-026-07433-8. Online ahead of print.","Liang M","Graefes Arch Clin Exp Ophthalmol","2026","2026/07/31","","","10.1007/s00417-026-07433-8"
"42534492","Artificial Intelligence in Clinical Decision-Making: A Systematic Review of Diagnostic Accuracy, Predictive Performance, and Clinical Outcomes","Chari N, Ahmed Abdelmageed AA, Subhedar D, Sabra M, Ali O, Ali S, Waqas R, Ali R.","Cureus. 2026 Jun 30;18(6):e111796. doi: 10.7759/cureus.111796. eCollection 2026 Jun.","Chari N","Cureus","2026","2026/07/31","PMC13420832","","10.7759/cureus.111796"
"42528679","Diagnostic accuracy and clinical performance of deep learning models for grading diabetic retinopathy: a systematic review and meta-analysis","Yan X, Lei S, Hu L, Qin M, Wu N.","Front Endocrinol (Lausanne). 2026 Jul 15;17:1853785. doi: 10.3389/fendo.2026.1853785. eCollection 2026.","Yan X","Front Endocrinol (Lausanne)","2026","2026/07/30","PMC13414145","","10.3389/fendo.2026.1853785"
"42516637","Diagnostic Accuracy of Artificial Intelligence in Predicting Admission Status, Intensive Care Requirements, and Mortality in the Emergency Department: A Systematic Review and Meta-Analysis","Hosseini Kasnavieh SM, Shaker SH, Milanifard M, Hessam R, Saghandian Tousi A, Ghadesi M.","Med J Islam Repub Iran. 2026 Feb 23;40:18. doi: 10.47176/mjiri.40.18. eCollection 2026.","Hosseini Kasnavieh SM","Med J Islam Repub Iran","2026","2026/07/28","PMC13404239","","10.47176/mjiri.40.18"
"42516469","Diagnostic Accuracy of Artificial Intelligence for Detection of Intracranial Haemorrhage on Non-contrast CT Head: A Systematic Review","Sachithananthan HV, Chitravanshi A, Umasankar A, Banerjee I.","Cureus. 2026 Jun 27;18(6):e111617. doi: 10.7759/cureus.111617. eCollection 2026 Jun.","Sachithananthan HV","Cureus","2026","2026/07/28","PMC13404507","","10.7759/cureus.111617"
"42512336","Performance of Machine Learning Models for Predicting Occult Nodal Metastasis in Oral Cavity Squamous Cell Carcinoma: A Systematic Review and Diagnostic Accuracy Meta-Analysis","Hughes JM, Gao SY, Nguyen SA, Newman JG.","Cancers (Basel). 2026 Jul 15;18(14):2271. doi: 10.3390/cancers18142271.","Hughes JM","Cancers (Basel)","2026","2026/07/28","PMC13406554","","10.3390/cancers18142271"
"42508088","Diagnostic performance of artificial intelligence in traumatic femur fracture: A systematic review and meta-analysis","Bankes A, Navarro SM, Wang Z, Gharavi A, Gish M, Tom A, McGinnis M, Abou Chaar MK, Khandelwal A, Wyles C, Thomas G, Lundeen A, Hidden K, Stephens D.","Surgery. 2026 Jul 3;198:110431. doi: 10.1016/j.surg.2026.110431. Online ahead of print.","Bankes A","Surgery","2026","2026/07/27","","","10.1016/j.surg.2026.110431"
"42505724","Diagnostic Performance of Artificial Intelligence Models for Periodontitis Disease Detection Using Panoramic Radiographs: A Systematic Review","Almutairi K, Almanseer T, Guerrero EE, España AJ, Moreu G.","Dent J (Basel). 2026 Jul 7;14(7):416. doi: 10.3390/dj14070416.","Almutairi K","Dent J (Basel)","2026","2026/07/27","PMC13408786","","10.3390/dj14070416"
"42505697","Artificial Intelligence in Implant Dentistry: Clinical Validity, Diagnostic Performance, Surgical Planning, and Medico-Legal Implications-A Narrative Review","Acerra A, Aliberti A, Amato A, Eccellente A, Santurro A, Giordano F.","Dent J (Basel). 2026 Jun 23;14(7):389. doi: 10.3390/dj14070389.","Acerra A","Dent J (Basel)","2026","2026/07/27","PMC13409548","","10.3390/dj14070389"
"42492219","Diagnostic accuracy of artificial intelligence-enhanced coronary CT angiography for detecting functionally significant coronary artery disease: A systematic review and meta-analysis","Tiotsop M, Roger DO, Panta UR, Asnake Z, Ismail Z, Salabei JK.","Clin Imaging. 2026 Oct;138:110906. doi: 10.1016/j.clinimag.2026.110906. Epub 2026 Jul 21.","Tiotsop M","Clin Imaging","2026","2026/07/23","","","10.1016/j.clinimag.2026.110906"
"42487114","Correction: Diagnostic performance of machine learning and deep learning algorithms for thyroid cancer metastasis: a systematic review and meta-analysis","Lichahi MA, Anvari S, Hemmati H, Zadgari E, Jafari M, Mirkalaie SMM, Farzin M, Larijani A.","BMC Med Inform Decis Mak. 2026 Jul 23;26(1):279. doi: 10.1186/s12911-026-03708-6.","Lichahi MA","BMC Med Inform Decis Mak","2026","2026/07/22","PMC13393856","","10.1186/s12911-026-03708-6"
"42480336","Machine learning and deep learning for ankle fracture detection in radiographs: A systematic review with narrative synthesis on diagnostic performance and future clinical integration","Mangwani J, Jithin SP, Akram N, Ravi L, Vaishya R.","Foot (Edinb). 2026 Sep;68:102263. doi: 10.1016/j.foot.2026.102263. Epub 2026 May 25.","Mangwani J","Foot (Edinb)","2026","2026/07/21","","","10.1016/j.foot.2026.102263"
"42462969","Diagnostic performance of deep learning for automated mandibular canal segmentation on CBCT images: A systematic review and meta-analysis","Ağırağaç R.","J Stomatol Oral Maxillofac Surg. 2026 Jul 16;127(6):102901. doi: 10.1016/j.jormas.2026.102901. Online ahead of print.","Ağırağaç R","J Stomatol Oral Maxillofac Surg","2026","2026/07/16","","","10.1016/j.jormas.2026.102901"
"42461107","Diagnostic performance of deep-learning algorithms in radiographic grading of knee osteoarthritis: a systematic review and meta-analysis","Ren X, Jin X, Wang Z, Li T.","Acta Radiol. 2026 Jul 16:2841851261462501. doi: 10.1177/02841851261462501. Online ahead of print.","Ren X","Acta Radiol","2026","2026/07/16","","","10.1177/02841851261462501"
"42456599","Diagnostic performance of artificial intelligence based on PET/CT for lymph node involvement in prostate cancer: A systematic review and meta-analysis","Song D, Zhao Z, Chen K.","Int J Med Inform. 2026 Nov 1;220:106583. doi: 10.1016/j.ijmedinf.2026.106583. Epub 2026 Jul 1.","Song D","Int J Med Inform","2026","2026/07/15","","","10.1016/j.ijmedinf.2026.106583"
"42432707","The diagnostic accuracy of artificial intelligence in detecting foot and ankle fractures: a systematic review and meta-analysis of diagnostic test accuracy","Prasetiyo GT, Wijaya JH.","J Orthop Surg Res. 2026 Jul 10. doi: 10.1186/s13018-026-07108-4. Online ahead of print.","Prasetiyo GT","J Orthop Surg Res","2026","2026/07/10","","","10.1186/s13018-026-07108-4"
"42415844","Diagnostic accuracy of artificial intelligence for tuberculosis detection from cough sounds: a systematic review and meta-analysis","Sahoo RK, Sahoo KC, Sinha A, Talukdar R, Mishra M, Bhattacharya D, Pati S.","Front Artif Intell. 2026 Jun 23;9:1774125. doi: 10.3389/frai.2026.1774125. eCollection 2026.","Sahoo RK","Front Artif Intell","2026","2026/07/08","PMC13337634","","10.3389/frai.2026.1774125"
"42399770","Meta-analysis and Systematic Review of Diagnostic Performance of Machine Learning Algorithms on Skeletally Mature Wrist Fractures","Sarsour R, Baz S, Collins CE, Won A, Giammanco PA, Hagerty J, Jesurajan J, Schneiderman BA, Ouro-Rodrigues E, Elsissy JG.","Hand (N Y). 2026 Jul 3:15589447261457466. doi: 10.1177/15589447261457466. Online ahead of print.","Sarsour R","Hand (N Y)","2026","2026/07/03","PMC13332940","","10.1177/15589447261457466"
"42396618","Diagnostic performance of machine learning-based radiomics models for predicting epidermal growth factor receptor mutation status in lung adenocarcinoma in Chinese patients: A systematic review and meta-analysis","Yang J, Jiang J, Peng J, Li J, Mi P, Chen G.","J Int Med Res. 2026 Jul;54(7):3000605261460311. doi: 10.1177/03000605261460311. Epub 2026 Jul 3.","Yang J","J Int Med Res","2026","2026/07/03","PMC13332255","","10.1177/03000605261460311"
"42394549","[Research progress in artificial intelligence-driven digital removable partial denture clinical diagnosis and treatment]","Zhang N, Dong B, Luo T, Zhao YW, Yue L, Yu HY.","Zhonghua Kou Qiang Yi Xue Za Zhi. 2026 Jul 9;61(7):946-953. doi: 10.3760/cma.j.cn112144-20260320-00182.","Zhang N","Zhonghua Kou Qiang Yi Xue Za Zhi","2026","2026/07/03","","","10.3760/cma.j.cn112144-20260320-00182"
"42388633","Artificial intelligence-enabled liquid biopsy in cancer: a systematic review and meta- analysis of diagnostic performance and biological implications","Sisca L, Polito MG, Sisca E, Iuliani M, Cortellini A, Vincenzi B, Tonini G, Pantano F.","Front Oncol. 2026 Jun 17;16:1850705. doi: 10.3389/fonc.2026.1850705. eCollection 2026.","Sisca L","Front Oncol","2026","2026/07/02","PMC13318569","","10.3389/fonc.2026.1850705"
"42377343","Artificial intelligence demonstrates comparable diagnostic accuracy to radiologists for anterior cruciate ligament tears on MRI: A systematic review and meta-analysis","Moraes de Oliveira G, Zotter S, Tao B, Silva ABND, Mascarenhas M, B G Leite C, Almeida G, Mansur N, Medina G.","Knee Surg Sports Traumatol Arthrosc. 2026 Jun 30. doi: 10.1002/ksa.70478. Online ahead of print.","Moraes de Oliveira G","Knee Surg Sports Traumatol Arthrosc","2026","2026/06/30","","","10.1002/ksa.70478"
"42371462","Evaluating the Diagnostic Performance of AI and Machine Learning in Sickle Cell Disease Detection: A Systematic Review","Abdelgader Adam NE, Ahmed Omer OK, Ahamed F, Mohammed Mansoor ME, Abuelgasim Hassan SM, Mohamed Abdalla AK, Abdelghaffar Osman SM.","Cureus. 2026 May 29;18(5):e109880. doi: 10.7759/cureus.109880. eCollection 2026 May.","Abdelgader Adam NE","Cureus","2026","2026/06/29","PMC13310518","","10.7759/cureus.109880"
"42346612","Diagnostic Accuracy of Artificial Intelligence in Laryngeal Disorders: An Integrative Review","Mairesse S, Maniaci A, Briganti G, Lechien JR.","J Pers Med. 2026 Jun 1;16(6):301. doi: 10.3390/jpm16060301.","Mairesse S","J Pers Med","2026","2026/06/25","PMC13301393","","10.3390/jpm16060301"
"42335527","Diagnostic accuracy of artificial intelligence models for seizure outcome prediction after epilepsy surgery: A systematic review and meta-analysis","Raccagni NG, Laguardia S, Piccioni A, Bochicchio FF, Bernasconi DP, d'Orio P.","Epilepsy Res. 2026 Jun 19;226:107855. doi: 10.1016/j.eplepsyres.2026.107855. Online ahead of print.","Raccagni NG","Epilepsy Res","2026","2026/06/23","","","10.1016/j.eplepsyres.2026.107855"
"42333867","Artificial Intelligence-Driven MRI for Cervical Nodal Metastasis Detection in Oral Squamous Cell Carcinoma: A Hierarchical Meta-Analysis of Diagnostic Accuracy","da Silva-Filho JE, Ribeiro RR, de Aguiar AWO, Silva CM, de Melo DP, Pereira KMA, de Albuquerque DF, Costa FWG, Gurgel-Filho ED.","Head Neck. 2026 Sep;48(9):2557-2569. doi: 10.1002/hed.70367. Epub 2026 Jun 23.","da Silva-Filho JE","Head Neck","2026","2026/06/23","PMC13432375","","10.1002/hed.70367"
"42259363","Diagnostic Performance of Artificial Intelligence in Salivary Gland Tumors Using Ultrasound Imaging: A Systematic Review","Binghaith A, Alanazi NF, Alsalem A, Alsayyari MS, Alshurafa H, Alzahrani F.","Ear Nose Throat J. 2026 Jun 8:1455613261459298. doi: 10.1177/01455613261459298. Online ahead of print.","Binghaith A","Ear Nose Throat J","2026","2026/06/08","","","10.1177/01455613261459298"
"42244453","""Diagnostic Performance of Artificial Intelligence in Evaluating Tricuspid Regurgitation: A Systematic Review and Meta-Analysis""","Eini P, Serpoush H, Rezayee M, Kassulke M.","Clin Cardiol. 2026 Jun;49(6):e70366. doi: 10.1002/clc.70366.","Eini P","Clin Cardiol","2026","2026/06/05","PMC13238691","","10.1002/clc.70366"
"42242899","Diagnostic performance of machine learning models versus established risk stratification for intracranial aneurysm rupture: a systematic review and bivariate meta-analysis","Patel S, Nischal SA, Chai YH, Mendonca A, Kale KM, Castiglione J, Patel P, Gooch R, Tjoumakaris SI, Jabbour P.","J Neurol Neurosurg Psychiatry. 2026 Jun 4:jnnp-2026-338867. doi: 10.1136/jnnp-2026-338867. Online ahead of print.","Patel S","J Neurol Neurosurg Psychiatry","2026","2026/06/04","","","10.1136/jnnp-2026-338867"
"42181393","Cross-Domain Diagnostic Performance of Analytical and Artificial Intelligence-Based Methods: A Systematic Review With Emphasis on Ophthalmic Imaging","Shah SH, Yadav NK, Virani A, Priya P, Rathore KB, Dange K, Warjukar E.","Cureus. 2026 Apr 23;18(4):e107560. doi: 10.7759/cureus.107560. eCollection 2026 Apr.","Shah SH","Cureus","2026","2026/05/25","PMC13197728","","10.7759/cureus.107560"
"42163701","Diagnostic performance of artificial intelligence in fracture detection with ultrasound: A systematic review and meta-analysis","Xie M, Kim JJ, Im JH, Dennett L, Hareendranathan A, Jaremko JL.","Ultrasound J. 2026 May 20;18(1):18778. doi: 10.5826/tuj.2026.18778.","Xie M","Ultrasound J","2026","2026/05/21","","","10.5826/tuj.2026.18778"
"42144587","Diagnostic performance of artificial intelligence models in hepatocellular carcinoma: a systematic review and diagnostic meta-analysis","Ren Z, Sun J, Liu X, Li Y.","BMC Gastroenterol. 2026 May 18;26(1):425. doi: 10.1186/s12876-026-04927-x.","Ren Z","BMC Gastroenterol","2026","2026/05/18","PMC13348566","","10.1186/s12876-026-04927-x"
"42141103","Clinical setting-dependent diagnostic accuracy of artificial intelligence and store-and-forward diabetic retinopathy screening: a systematic review and meta-analysis","Chen KY, Chan HC, Chan CM.","NPJ Digit Med. 2026 May 15;9(1):400. doi: 10.1038/s41746-026-02627-0.","Chen KY","NPJ Digit Med","2026","2026/05/15","PMC13212912","","10.1038/s41746-026-02627-0"
"42127565","Radiomics and deep learning models for predicting glioma p53 status: A diagnostic accuracy systematic review and meta-analysis of magnetic resonance imaging studies","Ahmadzadeh AM, Ashoobi MA, Broomand Lomer N, Vatanparast M, Gheiji B, Elyassirad D, Faghani S.","Clin Imaging. 2026 Jul;135:110817. doi: 10.1016/j.clinimag.2026.110817. Epub 2026 May 7.","Ahmadzadeh AM","Clin Imaging","2026","2026/05/13","","","10.1016/j.clinimag.2026.110817"
"42126492","Diagnostic performance of artificial intelligence in periapical radiography: a systematic review","Tasdemir T, Tassoker M, Arpacı A, Kula A, Kocabiyik FE, İyişenyürek ME, Hakli H.","Odontology. 2026 May 13. doi: 10.1007/s10266-026-01401-8. Online ahead of print.","Tasdemir T","Odontology","2026","2026/05/13","","","10.1007/s10266-026-01401-8"
"42077221","Artificial intelligence diagnostic accuracy and clinical utility in allergic rhinitis management: Systematic review","Alrezq DA, Aldaghmani AM, Alali JJ, Aljowaid MA, Alkhamis ZA, Alarqan LM, Almughni MJ, Albalawi HA, Alruwaili NK, Almusally RM.","Ann Thorac Med. 2026 Apr 9;21(2):67-75. doi: 10.4103/atm.atm_344_25. eCollection 2026 Apr-Jun.","Alrezq DA","Ann Thorac Med","2026","2026/05/04","PMC13135308","","10.4103/atm.atm_344_25"
"42067706","Diagnostic performance of artificial intelligence for identification of cervical spine fractures: a systematic review and meta-analysis","Gholamrezanezhad A, Farrokhi M, Almasri S, Askari H, Askari A, Mirjafarifiroozabadi SA, Nochian MA, Kosaraju E.","Emerg Radiol. 2026 Aug;33(4):889-902. doi: 10.1007/s10140-026-02477-z. Epub 2026 May 2.","Gholamrezanezhad A","Emerg Radiol","2026","2026/05/01","","","10.1007/s10140-026-02477-z"
"42064000","Diagnostic accuracy of artificial intelligence-assisted radiology assessment of cancer: a systematic review","Zhao D, Packer T, Jie X, Shahid M, Oke J, Plüddemann A.","BJR Artif Intell. 2025 Nov 13;2(1):ubaf016. doi: 10.1093/bjrai/ubaf016. eCollection 2025 Jan.","Zhao D","BJR Artif Intell","2025","2026/05/01","PMC13045702","","10.1093/bjrai/ubaf016"
"42043503","Radiomics-based artificial intelligence models in brain tumors: A systematic review and meta-analysis of diagnostic performance","Reyes JS, Almeida T, Bouras A, Mettenburg J, Niranjan A, Lunsford LD, Hadjipanayis CG.","Neuroradiology. 2026 May;68(5):1297-1316. doi: 10.1007/s00234-026-03983-0. Epub 2026 Apr 27.","Reyes JS","Neuroradiology","2026","2026/04/27","","","10.1007/s00234-026-03983-0"
"41992154","Diagnostic performance of artificial intelligence versus conventional imaging for differentiating G2/G3 from G1 pancreatic neuroendocrine tumors: a systematic review and meta-analysis","Zhang Z, Hu J, Lei P, Wu Q, Huang C, Zhu X.","BMC Med Imaging. 2026 Apr 16;26(1):278. doi: 10.1186/s12880-026-02347-7.","Zhang Z","BMC Med Imaging","2026","2026/04/17","PMC13227626","","10.1186/s12880-026-02347-7"
"41961108","Diagnostic accuracy of artificial intelligence-assisted infant hip ultrasound interpretation for developmental dysplasia of the hip: systematic review and meta-analysis","Azmi A, McArthur A, McDonald S, Hareendranathan A, Jaremko J.","Pediatr Radiol. 2026 May;56(5):1165-1173. doi: 10.1007/s00247-026-06601-6. Epub 2026 Apr 10.","Azmi A","Pediatr Radiol","2026","2026/04/10","","","10.1007/s00247-026-06601-6"
"41950864","The diagnostic performance of machine learning based detection of urinary tract stones: a systematic review and meta-analysis","Hajalamin M, Msherghi A, Alhammadi I, Sultan A, Alatefi D, Wahhab A, Hijeh S, Alsharif M, Khalid S, Shembesh RH, Benghatnsh A, Wintermark M, Elhadi M, Yeh BM.","Eur J Radiol. 2026 Jul;200:112836. doi: 10.1016/j.ejrad.2026.112836. Epub 2026 Apr 4.","Hajalamin M","Eur J Radiol","2026","2026/04/08","","","10.1016/j.ejrad.2026.112836"
"41886594","Rethinking Diagnostic Performance Metrics in Imaging Artificial Intelligence: Lessons from Caries Detection on Radiographs","Ganss C, Vach K.","Caries Res. 2026 Mar 26:1-14. doi: 10.1159/000551765. Online ahead of print.","Ganss C","Caries Res","2026","2026/03/26","PMC13249415","","10.1159/000551765"
"41833430","DIAGNOSTIC PERFORMANCE OF MACHINE LEARNING-AIDED PROXIMAL CARIES DETECTION: A SYSTEMATIC REVIEW AND META-ANALYSIS","Guo K, Yon MJY, Yang Y, McGrath CP, Lam PPY.","J Evid Based Dent Pract. 2026 Mar;26(1):102225. doi: 10.1016/j.jebdp.2025.102225. Epub 2026 Jan 2.","Guo K","J Evid Based Dent Pract","2026","2026/03/15","","","10.1016/j.jebdp.2025.102225"
"41813517","Artificial intelligence for detecting orthodontic root resorption: A systematic review and meta-analysis of diagnostic accuracy","Matos KN, Dos Santos Dantas Guimarães HH.","J World Fed Orthod. 2026 Jun;15(3):197-204. doi: 10.1016/j.ejwf.2026.02.001. Epub 2026 Mar 11.","Matos KN","J World Fed Orthod","2026","2026/03/11","","","10.1016/j.ejwf.2026.02.001"
"41803519","Diagnostic Accuracy of Deep Learning for Automated Detection of Spinal Degenerative Disease on MRI: A Systematic Review and Meta-Analysis","Gete KY, Durga P, Bekele BA, Tesfay RH, Jibat N, Assefa AB, Gebre ME, Yimer KA, Kassahun NB, Ayele BA.","J Imaging Inform Med. 2026 Mar 9. doi: 10.1007/s10278-026-01897-0. Online ahead of print.","Gete KY","J Imaging Inform Med","2026","2026/03/10","","","10.1007/s10278-026-01897-0"
"41801307","Diagnostic Accuracy of Machine Learning Models in Predicting Functional Outcome of Thrombectomy for Acute Posterior Circulation Artery Occlusion: a Systematic Review and Meta-Analysis","Falcão L, Pereira KLA, Donato KO, Gonzalez JVP, Ohannesian VA, da Silva AMP, Fernandes JVA, Müller RH, Ribeiro Gonçalves O, Solla DJF, Ozgur HT, Günkan A.","Clin Neuroradiol. 2026 Mar 9. doi: 10.1007/s00062-026-01637-5. Online ahead of print.","Falcão L","Clin Neuroradiol","2026","2026/03/09","","","10.1007/s00062-026-01637-5"
"41788775","Correction: Diagnostic accuracy of machine learning for endometriosis: a systematic review and meta-analysis","Zhang B, Lv X, Li D, Zhang L, Ru Z, Ma Y.","Front Endocrinol (Lausanne). 2026 Feb 18;17:1799754. doi: 10.3389/fendo.2026.1799754. eCollection 2026.","Zhang B","Front Endocrinol (Lausanne)","2026","2026/03/06","PMC12957985","","10.3389/fendo.2026.1799754"
"41781568","Shifting the paradigm in intracranial aneurysm detection with deep learning: A diagnostic accuracy meta-analysis and meta-regression","de Liyis BG, Nathania N, Hartono O, Alhaq AMG, Sihombing EJN, Hafif M, Kusdiansah M, Lang MJ, Arham A, Benet A, July J.","Neurosurg Rev. 2026 Mar 5;49(1):259. doi: 10.1007/s10143-026-04196-y.","de Liyis BG","Neurosurg Rev","2026","2026/03/04","","","10.1007/s10143-026-04196-y"
"41735614","Identifying the diagnostic utility of artificial intelligence for elbow effusion detection: A systematic review and meta-analysis","Chow AR, Elias J, Shah K, Ablove R, Mcmillan S.","Emerg Radiol. 2026 Jun;33(3):579-587. doi: 10.1007/s10140-026-02445-7. Epub 2026 Feb 25.","Chow AR","Emerg Radiol","2026","2026/02/24","PMC13233897","","10.1007/s10140-026-02445-7"
"41730655","Diagnostic Accuracy of Artificial Intelligence for Predicting MGMT Promoter Methylation in Glioblastoma Using MR Imaging: A Systematic Review","Khoursheed HMN, Qudah HO, Hossain O, AlZraikat FW, Ullah I, Al-Husban MT.","Magn Reson Med Sci. 2026 Mar 30;25(1):2025-0115. doi: 10.2463/mrms.rev.2025-0115. Epub 2026 Mar 20.","Khoursheed HMN","Magn Reson Med Sci","2026","2026/02/23","PMC13265406","","10.2463/mrms.rev.2025-0115"
"41728323","Diagnostic Accuracy of Artificial Intelligence for Arrhythmia Detection Using the 12-Lead Electrocardiogram: A Systematic Review and Meta-Analysis","de Alencar LFT, Ximenes GF, de Andrade Norões Bezerra M, de Souza LB, Perazolo NA, Monteiro JPTB, Viana PJP, Feitosa MPM, Vieira JL, Khurshid S.","medRxiv [Preprint]. 2026 Feb 11:2026.02.06.26345251. doi: 10.64898/2026.02.06.26345251.","de Alencar LFT","medRxiv","2026","2026/02/23","PMC12919118","","10.64898/2026.02.06.26345251"
"41725413","Diagnostic Accuracy of Artificial Intelligence Models in Computed Tomography Interpretation of Chronic Rhinosinusitis: A Systematic Review","Alanazi NF, Aldawood TA, Alfayez A, AlOsaimi N, Alhedaithy R.","Ear Nose Throat J. 2026 Feb 23:1455613261423741. doi: 10.1177/01455613261423741. Online ahead of print.","Alanazi NF","Ear Nose Throat J","2026","2026/02/23","","","10.1177/01455613261423741"
"41710827","Diagnostic Performance of Artificial Intelligence in Detecting COVID-19 Pneumonia on Chest Imaging","Chapman SR, Willner L, Abouafech A, Roberti C, Willner C.","Cureus. 2026 Jan 18;18(1):e101775. doi: 10.7759/cureus.101775. eCollection 2026 Jan.","Chapman SR","Cureus","2026","2026/02/19","PMC12910407","","10.7759/cureus.101775"
"41681818","Diagnostic Accuracy of Artificial Intelligence Models for Differentiation of Squamous Cell Carcinoma and Adenocarcinoma of Lung-A Systematic Review","Nayak K, Kadavigere R, Pendem S, Mane PR, Sampathila N, Pattath Sankaran P, Siddeshappa N.","Diagnostics (Basel). 2026 Feb 6;16(3):500. doi: 10.3390/diagnostics16030500.","Nayak K","Diagnostics (Basel)","2026","2026/02/13","PMC12896415","","10.3390/diagnostics16030500"
"41675639","Diagnostic accuracy of machine learning for endometriosis: a systematic review and meta-analysis","Zhang B, Lv X, Li D, Zhang L, Ru Z, Ma Y.","Front Endocrinol (Lausanne). 2026 Jan 27;16:1735567. doi: 10.3389/fendo.2025.1735567. eCollection 2025.","Zhang B","Front Endocrinol (Lausanne)","2026","2026/02/12","PMC12886017","","10.3389/fendo.2025.1735567"
"41620618","Diagnostic accuracy of artificial intelligence models for temporomandibular joint anomalies on MRI: a systematic review and meta-analysis","Pradhan A, Panda A, Kadavigere R, Barnes NA, Sukumar S, Prabhu A, Shettigar D, Dkhar W.","Biomed Eng Online. 2026 Jan 31;25(1):39. doi: 10.1186/s12938-026-01525-6.","Pradhan A","Biomed Eng Online","2026","2026/01/31","PMC12952169","","10.1186/s12938-026-01525-6"
"41587522","Diagnostic accuracy of artificial intelligence to identify diabetic foot ulcers: A systematic review and meta-analysis","Chen Z, Liu X, Li S, Wu Z, Tan H, Yu F, Wang D, Zhu C, Lin P.","J Tissue Viability. 2026 Feb;35(1):100975. doi: 10.1016/j.jtv.2025.100975. Epub 2025 Nov 27.","Chen Z","J Tissue Viability","2026","2026/01/26","","","10.1016/j.jtv.2025.100975"
"41570300","Diagnostic Performance of Deep Learning and Radiomics in Extracranial Carotid Plaque Detection: Systematic Review and Meta-Analysis","Ju L, Guo Y, Guo H, Liu R, Wang Y, Wang S, Ma N, Ren J.","J Med Internet Res. 2026 Jan 22;28:e77092. doi: 10.2196/77092.","Ju L","J Med Internet Res","2026","2026/01/22","PMC12826653","","10.2196/77092"
"41569166","Advancing Diagnostic Accuracy in Liver Cancer: A Systematic Review of Artificial Intelligence Applications in Hepatocellular Carcinoma and Cholangiocarcinoma Detection Using Abdominal CT Imaging","Rattanapitoon SK, Arunsarn P, Meererksom T, Thanchonnang C, Boonsuya A, Phinsiri S, Nomsungnoen P, Pongseeda P, Keeratibharat N, Chansangrat J, Pechdee P, Rattanapitoon NK.","Asian Pac J Cancer Prev. 2026 Jan 1;27(1):5-18. doi: 10.31557/APJCP.2026.27.1.5.","Rattanapitoon SK","Asian Pac J Cancer Prev","2026","2026/01/22","PMC13379755","","10.31557/APJCP.2026.27.1.5"
"41562666","Diagnostic Accuracy of Utilizing Artificial Intelligence for Malaria Diagnostic: A Systematic Review and Meta-Analysis","Faratisha IFD, Yunita KC, Rahmawati HR, Fitri LE, Winaris N, Muflikah L.","Infect Dis Rep. 2026 Jan 13;18(1):11. doi: 10.3390/idr18010011.","Faratisha IFD","Infect Dis Rep","2026","2026/01/21","PMC12821690","","10.3390/idr18010011"
"41562630","Diagnostic Accuracy of Deep Learning Models in Detecting Peri-Implant Marginal Bone Loss: A Systematic Review and Meta-Analysis","Atieh MA, Shah M, Hakam A, AlAli F, AlSayed S, Tawse-Smith A, Alsabeeha NHM.","Clin Oral Implants Res. 2026 Apr;37(4):385-401. doi: 10.1111/clr.70090. Epub 2026 Jan 21.","Atieh MA","Clin Oral Implants Res","2026","2026/01/21","PMC13051456","","10.1111/clr.70090"
"41543917","Diagnostic Performance of Artificial Intelligence-Assisted Echocardiography in Identifying Hypertrophic Cardiomyopathy: A Systematic Review and Meta-Analysis","Shojaei S, Nazari MA, Ghasemloo N, Alyan A, Banadaki AD, Maroufi SP, Ahmadpour F, Mehrabipari S, Hosseini K, Gupta R, Frishman WH, Aronow WS.","Cardiol Rev. 2026 Jan 16. doi: 10.1097/CRD.0000000000001172. Online ahead of print.","Shojaei S","Cardiol Rev","2026","2026/01/16","","","10.1097/CRD.0000000000001172"
"41531615","Diagnostic Accuracy of Artificial Intelligence for the Detection of Papilledema on Fundus Images: A Systematic Review and Meta-Analysis","Karkhur S, Singh P, Verma V, Duddumpudi RTS, Beri A, Satoiya S.","Cureus. 2025 Dec 13;17(12):e99135. doi: 10.7759/cureus.99135. eCollection 2025 Dec.","Karkhur S","Cureus","2025","2026/01/14","PMC12794944","","10.7759/cureus.99135"
"41528924","Diagnostic Accuracy of the EyeArt Artificial Intelligence System for Diabetic Retinopathy: A Systematic Review and Meta-Analysis","Guedes Guedes II, Santana PS, Ramos de Miguel Á, Ramos Macías Á, López FC, Hernández AG.","Ophthalmologica. 2026;249(2):126-144. doi: 10.1159/000550443. Epub 2026 Jan 13.","Guedes Guedes II","Ophthalmologica","2026","2026/01/13","","","10.1159/000550443"
"41523291","Diagnostic accuracy of artificial intelligence in determining extraction protocol in orthodontic patients: A systematic review","Mairal S, Sharma VK, Jakshmi KJ, Kashyap U, Khairnar M, Chaturvedi TP, Jamdade A.","J Orthod Sci. 2025 Dec 23;14:53. doi: 10.4103/jos.jos_66_25. eCollection 2025.","Mairal S","J Orthod Sci","2025","2026/01/12","PMC12788713","","10.4103/jos.jos_66_25"
"41515570","Diagnostic Performance of Artificial Intelligence in Predicting Malignant Upgrade of B3 Breast Lesions: Systematic Review and Meta-Analysis","Ferre R, Kuzmiak CM.","Diagnostics (Basel). 2025 Dec 25;16(1):75. doi: 10.3390/diagnostics16010075.","Ferre R","Diagnostics (Basel)","2025","2026/01/10","PMC12785790","","10.3390/diagnostics16010075"
"41508653","Diagnostic Accuracy of Artificial Intelligence in Detecting Pleural Effusion on Ultrasound Imaging: A Systematic Review and Meta-Analysis","Lee TY, Wong Ching Hwai S.","J Clin Ultrasound. 2026 Jun;54(5):1208-1218. doi: 10.1002/jcu.70168. Epub 2026 Jan 8.","Lee TY","J Clin Ultrasound","2026","2026/01/09","","","10.1002/jcu.70168"
"41485001","Diagnostic accuracy of deep learning using ultra-widefield fundus imaging for retinal detachment: a systematic review and meta-analysis","Kawamoto C, Mizuki Y, Horita N, Kuramochi Y, Kanasashi S, Kawagoe T, Mizuki N.","BMC Ophthalmol. 2026 Jan 3;26(1):60. doi: 10.1186/s12886-025-04605-8.","Kawamoto C","BMC Ophthalmol","2026","2026/01/04","PMC12866021","","10.1186/s12886-025-04605-8"
"41480011","Diagnostic accuracy and feasibility of artificial intelligence-driven smartphone imaging for dental caries detection: A systematic review","Acosta JM, Nugraha AP, Yang K, Sáenz JRV, Ma A, Pisarnturakit PP, Hong G.","Jpn Dent Sci Rev. 2026 Dec;62:14-25. doi: 10.1016/j.jdsr.2025.11.001. Epub 2025 Dec 10.","Acosta JM","Jpn Dent Sci Rev","2026","2026/01/02","PMC12753485","","10.1016/j.jdsr.2025.11.001"
"41466554","Diagnostic accuracy of artificial intelligence-based deep learning models in detecting furcation involvement: A systematic review and meta-analysis","Atieh MA, Shah M, Hakam A, Al-Karadsheh O, Zabadi S, AlAli F, Sachdev N, Tawse-Smith A, Alsabeeha NHM.","J Periodontol. 2026 Jul;97(7):1559-1574. doi: 10.1002/jper.70055. Epub 2025 Dec 30.","Atieh MA","J Periodontol","2026","2025/12/30","PMC13380348","","10.1002/jper.70055"
"41442471","Diagnostic performance of artificial intelligence in radiographs for pneumoperitoneum detection: a systematic review and meta-analysis","Qafesha RM, Hindawi MD, Sharabati I, Dervis M, Najah Q, Albostani A, G Ali AH.","Br J Radiol. 2026 Jan 1;99(1177):37-49. doi: 10.1093/bjr/tqaf309.","Qafesha RM","Br J Radiol","2026","2025/12/24","","","10.1093/bjr/tqaf309"
"41436663","Diagnostic performance of artificial intelligence in detecting bladder carcinoma","Yuan S, Yang K, Wu H, Peng L, Li R, Deng D, Liu X.","World J Urol. 2025 Dec 23;44(1):63. doi: 10.1007/s00345-025-06144-9.","Yuan S","World J Urol","2025","2025/12/23","","","10.1007/s00345-025-06144-9"
"41426936","Artificial Intelligence in MRI for Urologic Oncology: A Systematic Review of Diagnostic Accuracy and Clinical Utility","Khormi SA, Algethami SA, Alshehri RA, Alhinti FY, Alsalumi KA, Al Shahrani SA, Alwadani FT, Alsubhi GR, Alenezi AB, Alotaibi WT, Alamer AM.","Cureus. 2025 Nov 18;17(11):e97160. doi: 10.7759/cureus.97160. eCollection 2025 Nov.","Khormi SA","Cureus","2025","2025/12/22","PMC12713695","","10.7759/cureus.97160"
"41419110","Diagnostic Accuracy of Machine Learning Algorithms in Electrocardiogram-Based Heart Failure Detection: A Systematic Review and Meta-Analysis","Kilic ME, Arayici ME, Akbilgic O, Yilmaz MB.","Can J Cardiol. 2026 Apr;42(4):824-839. doi: 10.1016/j.cjca.2025.12.022. Epub 2025 Dec 17.","Kilic ME","Can J Cardiol","2026","2025/12/19","","","10.1016/j.cjca.2025.12.022"
"41405278","Artificial Intelligence (AI) in the diagnosis and prediction of adverse pregnancy outcomes for Placenta Accreta Spectrum Disorders (PAS): a systematic review and meta-analysis of diagnostic accuracy","Chen K, Xue M, Meng X, Li G, Wang X, Long Y, Li H.","Int J Surg. 2025 Dec 16. doi: 10.1097/JS9.0000000000004443. Online ahead of print.","Chen K","Int J Surg","2025","2025/12/17","","","10.1097/JS9.0000000000004443"
"41398240","Deep-learning-based non-contrast CT for detecting acute ischemic stroke: a systematic review and HSROC meta-analysis of patient-level diagnostic accuracy","Gete KY, Ayele AA.","BMC Neurol. 2025 Dec 15;25(1):507. doi: 10.1186/s12883-025-04528-3.","Gete KY","BMC Neurol","2025","2025/12/15","PMC12706894","","10.1186/s12883-025-04528-3"
"41376499","Diagnostic performance of artificial intelligence models in predicting liver metastasis in pancreatic ductal adenocarcinoma (PDAC): a systematic review and meta-analysis","Wu Y, Xu H, Gu Z.","Int J Surg. 2025 Dec 10. doi: 10.1097/JS9.0000000000004425. Online ahead of print.","Wu Y","Int J Surg","2025","2025/12/11","","","10.1097/JS9.0000000000004425"
"41376448","A commentary on ""Diagnostic accuracy of Artificial Intelligence assisted clinical imaging in the detection of oral potentially malignant disorders and oral cancer: a systematic review and meta-analysis""","Duan C, Jin Z, Bian Y.","Int J Surg. 2025 Dec 11. doi: 10.1097/JS9.0000000000004389. Online ahead of print.","Duan C","Int J Surg","2025","2025/12/11","","","10.1097/JS9.0000000000004389"
"41361881","Diagnostic performance of machine learning and deep learning algorithms for thyroid cancer metastasis: a systematic review and meta-analysis","Lichahi MA, Anvari S, Hemmati H, Zadgari E, Jafari M, Mirkalaie SMM, Farzin M, Larijani A.","BMC Med Inform Decis Mak. 2025 Dec 8;26(1):13. doi: 10.1186/s12911-025-03307-x.","Lichahi MA","BMC Med Inform Decis Mak","2025","2025/12/09","PMC12798119","","10.1186/s12911-025-03307-x"
"41346855","Comparative diagnostic accuracy of artificial intelligence-derived risk stratification versus conventional risk stratification methods in pulmonary hypertension patients: a systematic review and meta-analysis","Ahmed F, Haider F, Arham M, Dad A, Bakht K, Hashim MMA, Łajczak P, Hassan M, Athar FB, Adnan M, Usman M, Gohar N, Mirza T, Ahmed M, Moshiyakhov M, Sealove B, Patel S, Almendral J, Bakr M, Sattar Y, Alenezi F.","Front Artif Intell. 2025 Nov 19;8:1692829. doi: 10.3389/frai.2025.1692829. eCollection 2025.","Ahmed F","Front Artif Intell","2025","2025/12/05","PMC12673395","","10.3389/frai.2025.1692829"
"41343020","Diagnostic accuracy of artificial intelligence-assisted 18f-fdg pet/ct for predicting pathological complete response to neoadjuvant chemotherapy in breast cancer: a systematic review and meta-analysis","Xie C, Zhang H, Feng B, Wang Q.","Ann Nucl Med. 2026 Jan;40(1):13-27. doi: 10.1007/s12149-025-02136-2. Epub 2025 Dec 4.","Xie C","Ann Nucl Med","2026","2025/12/04","","","10.1007/s12149-025-02136-2"
"41341394","Comparative diagnostic accuracy of different artificial intelligence models for early gastric cancer: a systematic review and meta-analysis","Lv M, Chen F, Li Q, Xue M, Wang J.","Front Oncol. 2025 Nov 18;15:1670843. doi: 10.3389/fonc.2025.1670843. eCollection 2025.","Lv M","Front Oncol","2025","2025/12/04","PMC12668911","","10.3389/fonc.2025.1670843"
"41340968","Artificial Intelligence in Acute Neuroimaging Pathways: Diagnostic Accuracy, Workflow Performance, and Clinical Outcomes Across CT and MRI in Stroke and Trauma","Sooranahalli Nabh Y, Rayapati AD, Hamid A.","Cureus. 2025 Dec 2;17(12):e98312. doi: 10.7759/cureus.98312. eCollection 2025 Dec.","Sooranahalli Nabh Y","Cureus","2025","2025/12/04","PMC12671462","","10.7759/cureus.98312"
"41315984","Diagnostic accuracy of artificial intelligence compared to family physicians and dermatologists for skin conditions: a systematic review and meta-analysis","Nadour N, Duguet T, Zahedi S, Figoni H, Liard R.","BMC Prim Care. 2025 Nov 28;26(1):384. doi: 10.1186/s12875-025-03073-9.","Nadour N","BMC Prim Care","2025","2025/11/29","PMC12661747","","10.1186/s12875-025-03073-9"
"41315941","Artificial intelligence in cardiovascular diagnostics: a systematic review and descriptive analysis of clinical applications and diagnostic performance","Niazai A, Jamil H, Hameed M, Sheikh S, Nisar MR.","BMC Cardiovasc Disord. 2025 Nov 28;25(1):849. doi: 10.1186/s12872-025-05327-x.","Niazai A","BMC Cardiovasc Disord","2025","2025/11/29","PMC12661670","","10.1186/s12872-025-05327-x"
"41303218","Diagnostic Accuracy of Artificial Intelligence in Predicting Anti-VEGF Treatment Response in Diabetic Macular Edema: A Systematic Review and Meta-Analysis","Al-Harbi FA, Alkuwaiti MA, Alharbi MA, Alessa AA, Alhassan AA, Aleidan EA, Al-Theyab FY, Alfalah M, AlHaddad SM, Azzam AY.","J Clin Med. 2025 Nov 18;14(22):8177. doi: 10.3390/jcm14228177.","Al-Harbi FA","J Clin Med","2025","2025/11/27","PMC12653470","","10.3390/jcm14228177"
"41291444","Machine learning-based classification of carotid plaques via ultrasound: a systematic review and meta-analysis of diagnostic performance","Eini P, Eini P, Serpoush H, Rezayee M, Tremblay J.","Int J Emerg Med. 2025 Nov 25;18(1):247. doi: 10.1186/s12245-025-01065-1.","Eini P","Int J Emerg Med","2025","2025/11/26","PMC12645702","","10.1186/s12245-025-01065-1"
"41291186","Diagnostic performance of artificial intelligence for facial fracture detection: a systematic review","Tuygunov N, Boymuradov SA, Khurshid Z, Songsiripradubboon S, Abdulahtov J, Khatamov U.","Oral Radiol. 2026 Apr;42(2):262-280. doi: 10.1007/s11282-025-00878-3. Epub 2025 Nov 25.","Tuygunov N","Oral Radiol","2026","2025/11/25","","","10.1007/s11282-025-00878-3"
"41290429","Evaluating the Diagnostic Accuracy of Artificial Intelligence in Spondylolisthesis Detection: A Systematic Review and Meta-analysis","Pahlevan-Fallahy MT, Asgari AM, Soltani Khaboushan A, Chalian M, Shaker F, Yari P, Haseli S.","Acad Radiol. 2026 Mar;33(3):1034-1048. doi: 10.1016/j.acra.2025.11.002. Epub 2025 Nov 24.","Pahlevan-Fallahy MT","Acad Radiol","2026","2025/11/25","","","10.1016/j.acra.2025.11.002"
"41286759","Diagnostic accuracy of traditional and deep learning methods for detecting depression based on speech features: a systematic review and meta-analysis","Lu W, Tang X, Huang C, Wei M, Bai C, Fan X, Wu D.","BMC Psychiatry. 2025 Nov 24;25(1):1190. doi: 10.1186/s12888-025-07628-z.","Lu W","BMC Psychiatry","2025","2025/11/25","PMC12751369","","10.1186/s12888-025-07628-z"
"41281452","Diagnostic accuracy of artificial intelligence in the diagnosis of pemphigus and pemphigoid groups of disorders based on clinical images: A systematic review and meta-analysis","Kakada P, Yuwanati M, Ramani P.","J Oral Biol Craniofac Res. 2026 Jan-Feb;16(1):15-22. doi: 10.1016/j.jobcr.2025.10.023. Epub 2025 Nov 8.","Kakada P","J Oral Biol Craniofac Res","2026","2025/11/24","PMC12639880","","10.1016/j.jobcr.2025.10.023"
"41273399","Diagnostic performance of PET-based artificial intelligence for differentiating Parkinson's disease from normal controls or atypical parkinsonism: a systematic review and meta-analysis","Liu Z, Wu J, Zhang Q, Cheng W, Jiang Y, Wang L.","J Neurol. 2025 Nov 22;272(12):782. doi: 10.1007/s00415-025-13532-z.","Liu Z","J Neurol","2025","2025/11/22","","","10.1007/s00415-025-13532-z"
"41254255","Diagnostic performance of X-ray-based deep learning models for detecting ankle and foot fractures: a systematic review and meta-analysis","Pahlevan-Fallahy MT, Hosseinzadeh N, Shaker F, Asgari AM, Teymouri Athar MM, Rouzrokh P.","Skeletal Radiol. 2026 Apr;55(4):767-780. doi: 10.1007/s00256-025-05078-y. Epub 2025 Nov 19.","Pahlevan-Fallahy MT","Skeletal Radiol","2026","2025/11/18","","","10.1007/s00256-025-05078-y"
"41244656","Diagnostic Accuracy of Artificial Intelligence in Detecting Oral Potentially Malignant Disorders and Oral Cancer: A Meta-Analysis of Imaging-Based Studies (2015-2024)","Nayana M, Avinash J, Jayachandra MY, Bhat PK, Kumar S, Bhuyan L.","J Int Soc Prev Community Dent. 2025 Oct 4;15(5):391-401. doi: 10.4103/jispcd.jispcd_116_25. eCollection 2025 Sep-Oct.","Nayana M","J Int Soc Prev Community Dent","2025","2025/11/17","PMC12617985","","10.4103/jispcd.jispcd_116_25"
"41231400","Diagnostic Accuracy of Artificial Intelligence Models for Predicting Postoperative Complications Following Free Flap Reconstruction: A Systematic Review and Meta-Analysis","Shekouhi R, Darabi H, Chim H.","Microsurgery. 2025 Dec;45(8):e70143. doi: 10.1002/micr.70143.","Shekouhi R","Microsurgery","2025","2025/11/13","","","10.1002/micr.70143"
"41219882","Artificial intelligence diagnostic performance in image-based vulnerable carotid plaque detection: a systematic review and meta-analysis","Feng Y, Xu L, Shao J, Wang L, Dai H, Wang C, Li K, Shu K, Chen J, Wang Y, Xie Y, Lai Z, Liu B.","BMC Med Inform Decis Mak. 2025 Nov 11;25(1):419. doi: 10.1186/s12911-025-03227-w.","Feng Y","BMC Med Inform Decis Mak","2025","2025/11/11","PMC12607216","","10.1186/s12911-025-03227-w"
"41204540","The diagnostic accuracy of deep learning-based AI models in predicting lymph node metastasis in T1 and T2 colorectal cancer: A systematic review and meta-analysis","Guo Q, Wang R, Guo Y.","Medicine (Baltimore). 2025 Nov 7;104(45):e45172. doi: 10.1097/MD.0000000000045172.","Guo Q","Medicine (Baltimore)","2025","2025/11/08","PMC12599673","","10.1097/MD.0000000000045172"
"41202773","Comparative diagnostic performance of artificial intelligence models in structural MRI for schizophrenia: A systematic review and meta-analysis","Kotochinsky M, Fonseca PEO, Lopera VR, Mora L, Amador WFO, Sirena ECT, de Melo Guimarães FB, Herlyn DL, Sherpa NN, Gonzalez Lezana A, Fagundes TP.","Asian J Psychiatr. 2025 Dec;114:104759. doi: 10.1016/j.ajp.2025.104759. Epub 2025 Nov 4.","Kotochinsky M","Asian J Psychiatr","2025","2025/11/07","","","10.1016/j.ajp.2025.104759"
"41122552","Artificial Intelligence for Early Detection of Preeclampsia and Gestational Diabetes Mellitus: A Systematic Review of Diagnostic Performance","Alfaki Ahmed SA, Adam M, M Osman HM, Fahad Alqahtani NH, Mahdi Gabreldaar AE, Hassan Abdalla MS, Alhessen Saidahmed RO.","Cureus. 2025 Sep 17;17(9):e92585. doi: 10.7759/cureus.92585. eCollection 2025 Sep.","Alfaki Ahmed SA","Cureus","2025","2025/10/22","PMC12536234","","10.7759/cureus.92585"
"41092753","The diagnostic accuracy of artificial intelligence models in detecting lymph node metastases in lung cancer using endobronchial ultrasound (EBUS) images: A bivariate meta-analysis","Ohannesian VA, Falcão L, Ishizuka BM, Menezes IR, Han ML, Suruagy-Motta RFO, Maximiano MLB, Cordeiro DMH, Baptista JM, Mariussi M, Taneja AK, Francisco Neto MJ, Garcia RG, Jacomelli M.","Clin Imaging. 2025 Dec;128:110633. doi: 10.1016/j.clinimag.2025.110633. Epub 2025 Oct 8.","Ohannesian VA","Clin Imaging","2025","2025/10/15","","","10.1016/j.clinimag.2025.110633"
"41089636","Diagnostic Accuracy of Deep Learning for Predicting Lymph Node Metastasis Based on Computed Tomography in Gastric Cancer: A Systematic Review and Meta-analysis","Majd Gharamaleki A, Majd Gharamaleki A, Amanollahi A, Tabibzadeh S.","Med J Islam Repub Iran. 2025 Aug 20;39:110. doi: 10.47176/mjiri.39.110. eCollection 2025.","Majd Gharamaleki A","Med J Islam Repub Iran","2025","2025/10/15","PMC12516434","","10.47176/mjiri.39.110"
"41069890","Diagnostic Accuracy of Artificial Intelligence for Detection of Meniscus Pathology on Magnetic Resonance Imaging: A Systematic Review","Giammanco PA, Collins CE, Trivedi SM, Sarsour RO, Kricfalusi M, Elsissy JG.","Cureus. 2025 Sep 8;17(9):e91832. doi: 10.7759/cureus.91832. eCollection 2025 Sep.","Giammanco PA","Cureus","2025","2025/10/10","PMC12506815","","10.7759/cureus.91832"
"41041032","Artificial Intelligence in Clinical Diagnosis and Treatment of Dry Eye: Workflows, Effectiveness, and Evaluation","Lu M, Yang K, Deng X, Fan T, Zhang H, Yang W, Xing Y.","J Curr Ophthalmol. 2025 Sep 18;36(4):315-324. doi: 10.4103/joco.joco_172_24. eCollection 2024 Oct-Dec.","Lu M","J Curr Ophthalmol","2025","2025/10/03","PMC12487795","","10.4103/joco.joco_172_24"
"41038934","Diagnostic accuracy of artificial intelligence models for imaging detection of hepatic steatosis through systematic review and meta analysis","Nivethitha V, Daniel RA, Debnath A, Dwarakanathan V, Jeer G, Kavipriya G.","Sci Rep. 2025 Oct 2;15(1):34408. doi: 10.1038/s41598-025-17386-3.","Nivethitha V","Sci Rep","2025","2025/10/02","PMC12491402","","10.1038/s41598-025-17386-3"
"41038418","Artificial intelligence in nuclear cardiology: Enhancing diagnostic accuracy and efficiency","Miller RJH, Chareonthaitawee P, Slomka PJ.","Prog Cardiovasc Dis. 2025 Nov-Dec;93:85-91. doi: 10.1016/j.pcad.2025.09.010. Epub 2025 Sep 30.","Miller RJH","Prog Cardiovasc Dis","2025","2025/10/02","","","10.1016/j.pcad.2025.09.010"
"41031150","A Systematic Review of the Application of Artificial Intelligence in Colposcopy: Diagnostic Accuracy for Cervical Intraepithelial Neoplasia and Cervical Cancer","Takahashi T, Kobayashi Y, Sakurai R, Matsuoka K, Akatsuka J, Kisu I, Iwata T, Takayama J, Matsuzaki M, Yamagami W, Banno K, Yamamoto Y, Matsuoka H, Tamiya G.","Clin Med Insights Oncol. 2025 Sep 28;19:11795549251374908. doi: 10.1177/11795549251374908. eCollection 2025.","Takahashi T","Clin Med Insights Oncol","2025","2025/10/01","PMC12477392","","10.1177/11795549251374908"
"41023774","Diagnostic performance of artificial intelligence for dermatological conditions: a systematic review focused on low- and middle-income countries to address resource constraints and improve access to specialist care","Uwishema O, Ghezzawi M, Charbel N, Alawieh S, Roy S, Wojtara M, Hakayuwa CM, Ja'afar IK, Nkurunziza G, Prasad M.","Int J Emerg Med. 2025 Sep 29;18(1):172. doi: 10.1186/s12245-025-00975-4.","Uwishema O","Int J Emerg Med","2025","2025/09/30","PMC12481837","","10.1186/s12245-025-00975-4"
"41008759","Electroencephalography-Based Machine Learning for Biomarker Detection in Dyslexia and Autism Spectrum Disorder: A Comparative Review of Models, Features, and Diagnostic Utility","Eroğlu G.","Diagnostics (Basel). 2025 Sep 19;15(18):2388. doi: 10.3390/diagnostics15182388.","Eroğlu G","Diagnostics (Basel)","2025","2025/09/27","PMC12468693","","10.3390/diagnostics15182388"
"40969266","Diagnostic performance of ultrasound characteristics-based artificial intelligence models for thyroid nodules: a systematic review and meta-analysis","Zhan J, Zhang J, Zhu S, Ni L, Zhang C, Hu J.","Front Oncol. 2025 Sep 3;15:1614603. doi: 10.3389/fonc.2025.1614603. eCollection 2025.","Zhan J","Front Oncol","2025","2025/09/19","PMC12440764","","10.3389/fonc.2025.1614603"
"40965312","Diagnostic Performance of Machine Learning Algorithms for Predicting Heart Failure in Diabetic Patients: A Systematic Review and Meta-Analysis","Eini P, Eini P, Serpoush H, Rezayee M.","Endocrinol Diabetes Metab. 2025 Sep;8(5):e70111. doi: 10.1002/edm2.70111.","Eini P","Endocrinol Diabetes Metab","2025","2025/09/18","PMC12445121","","10.1002/edm2.70111"
"40954311","The STARD-AI reporting guideline for diagnostic accuracy studies using artificial intelligence","Sounderajah V, Guni A, Liu X, Collins GS, Karthikesalingam A, Markar SR, Golub RM, Denniston AK, Shetty S, Moher D, Bossuyt PM, Darzi A, Ashrafian H; STARD-AI Steering Committee.","Nat Med. 2025 Oct;31(10):3283-3289. doi: 10.1038/s41591-025-03953-8. Epub 2025 Sep 15.","Sounderajah V","Nat Med","2025","2025/09/15","","","10.1038/s41591-025-03953-8"
"40932678","Application of Deep Learning for Predicting Hematoma Expansion in Intracerebral Hemorrhage Using Computed Tomography Scans: A Systematic Review and Meta-Analysis of Diagnostic Accuracy","Ahmadzadeh AM, Ashoobi MA, Broomand Lomer N, Elyassirad D, Gheiji B, Vatanparast M, Bathla G, Tu L.","Radiol Med. 2025 Dec;130(12):1973-1985. doi: 10.1007/s11547-025-02089-6. Epub 2025 Sep 11.","Ahmadzadeh AM","Radiol Med","2025","2025/09/11","","","10.1007/s11547-025-02089-6"
"40915436","Machine learning models for carotid artery plaque detection: A systematic review of ultrasound-based diagnostic performance","Eini P, Eini P, Serpoush H, Rezayee M, Tremblay J.","J Stroke Cerebrovasc Dis. 2025 Nov;34(11):108446. doi: 10.1016/j.jstrokecerebrovasdis.2025.108446. Epub 2025 Sep 5.","Eini P","J Stroke Cerebrovasc Dis","2025","2025/09/07","","","10.1016/j.jstrokecerebrovasdis.2025.108446"
"40907089","Diagnostic accuracy of computed tomography (CT)-based radiomics and artificial intelligence (AI) models in hepatocellular carcinoma: a systematic review and meta-analysis","Sweta K, Dkhar W, Kadavigere R, Pradhan A, Nayak K, Sukumar S, Barnes NA.","Clin Radiol. 2025 Oct;89:107042. doi: 10.1016/j.crad.2025.107042. Epub 2025 Aug 8.","Sweta K","Clin Radiol","2025","2025/09/04","","","10.1016/j.crad.2025.107042"
"40905766","Diagnostic Performance of Computed Tomography-Based Artificial Intelligence for Early Recurrence of Cholangiocarcinoma: Systematic Review and Meta-Analysis","Chen J, Xi J, Chen T, Yang L, Liu K, Ding X.","J Med Internet Res. 2025 Sep 18;27:e78306. doi: 10.2196/78306.","Chen J","J Med Internet Res","2025","2025/09/04","PMC12491900","","10.2196/78306"
"40834547","Diagnostic performance of artificial intelligence in detecting and subtyping pediatric medulloblastoma from histopathological images: A systematic review","Alzoubi H, Abd-Alrazaq A, Almaabreh O, AlSaad R, Aziz S, Al-Dafi R, Salih LA, Turani L, Albqowr S, Tarbosh RA, Alkishik BA, Damseh R, Ahmed A, Abu Serhan H.","Artif Intell Med. 2025 Nov;169:103237. doi: 10.1016/j.artmed.2025.103237. Epub 2025 Aug 14.","Alzoubi H","Artif Intell Med","2025","2025/08/20","","","10.1016/j.artmed.2025.103237"
"40821134","The Application and Diagnostic Accuracy of Artificial Intelligence in Rhinology: A Review","B H S, G D.","Cureus. 2025 Jul 15;17(7):e87966. doi: 10.7759/cureus.87966. eCollection 2025 Jul.","B H S","Cureus","2025","2025/08/18","PMC12351417","","10.7759/cureus.87966"
"40817944","Diagnostic performance of deep learning for predicting glioma isocitrate dehydrogenase and 1p/19q co-deletion in MRI: a systematic review and meta-analysis","Farahani S, Hejazi M, Tabassum M, Di Ieva A, Mahdavifar N, Liu S.","Eur Radiol. 2026 Feb;36(2):1562-1591. doi: 10.1007/s00330-025-11898-2. Epub 2025 Aug 16.","Farahani S","Eur Radiol","2026","2025/08/16","PMC12953305","","10.1007/s00330-025-11898-2"
"40802701","Examining the diagnostic accuracy of artificial intelligence for detecting dental caries across a range of imaging modalities: An umbrella review with meta-analysis","Arzani S, Karimi A, Iranmanesh P, Yazdi M, Sabeti MA, Nekoofar MH, Kolahi J, Bang H, Dummer PMH.","PLoS One. 2025 Aug 13;20(8):e0329986. doi: 10.1371/journal.pone.0329986. eCollection 2025.","Arzani S","PLoS One","2025","2025/08/13","PMC12349118","","10.1371/journal.pone.0329986"
"40782250","Diagnostic accuracy of machine learning approaches to identify psoriatic arthritis: a meta-analysis","Chen Z, Wu Z, Tan H, Yu F, Wang D, Lin P.","Clin Exp Med. 2025 Aug 9;25(1):284. doi: 10.1007/s10238-025-01734-8.","Chen Z","Clin Exp Med","2025","2025/08/09","PMC12335396","","10.1007/s10238-025-01734-8"
"40755392","Diagnostic Performance of Imaging-Based Artificial Intelligence Models for Preoperative Detection of Cervical Lymph Node Metastasis in Clinically Node-Negative Papillary Thyroid Carcinoma: A Systematic Review and Meta-Analysis","Li B, Cheng G, Mo Y, Dai J, Cheng S, Gong S, Li H, Liu Y.","Head Neck. 2025 Oct;47(10):2881-2896. doi: 10.1002/hed.70000. Epub 2025 Aug 4.","Li B","Head Neck","2025","2025/08/04","","","10.1002/hed.70000"
"40722158","Diagnostic accuracy of artificial intelligence for obstructive sleep apnea detection: a systematic review","Haghighat S, Joghatayi M, Issa J, Azimian S, Brinz J, Ashkan A, Chaurasia A, Rahimian Z, Sangalli L.","BMC Med Inform Decis Mak. 2025 Jul 28;25(1):278. doi: 10.1186/s12911-025-03129-x.","Haghighat S","BMC Med Inform Decis Mak","2025","2025/07/29","PMC12306116","","10.1186/s12911-025-03129-x"
"40679761","Diagnostic Performance of Artificial Intelligence in Detecting and Distinguishing Pancreatic Ductal Adenocarcinoma via Computed Tomography: A Systematic Review and Meta-Analysis","Harandi H, Gouravani M, Alikarami S, Shahrabi Farahani M, Ghavam M, Mohammadi S, Salehi MA, Reynolds S, Dehghani Firouzabadi F, Huda F.","J Imaging Inform Med. 2026 Apr;39(2):1407-1421. doi: 10.1007/s10278-025-01607-2. Epub 2025 Jul 18.","Harandi H","J Imaging Inform Med","2026","2025/07/18","PMC13103180","","10.1007/s10278-025-01607-2"
"40675424","Future of Alzheimer's detection: Advancing diagnostic accuracy through the integration of qEEG and artificial intelligence","Rezaei S, Asadirad F, Motamedi A, Kamran M, Parsa F, Samimi H, Ghannadikhosh P, Zahmatyar M, Hosseinzadeh SA, Arabi H.","Neuroimage. 2025 Aug 15;317:121373. doi: 10.1016/j.neuroimage.2025.121373. Epub 2025 Jul 15.","Rezaei S","Neuroimage","2025","2025/07/17","","","10.1016/j.neuroimage.2025.121373"
"40621368","The Role of Artificial Intelligence and Machine Learning Applications in Emergency Surgery: A Systematic Review of Diagnostic Accuracy and Clinical Outcomes","Baqar S, Hamed AS, Elbreki I, Mohamed T, Awan B, Elsaigh M.","Cureus. 2025 Jun 5;17(6):e85386. doi: 10.7759/cureus.85386. eCollection 2025 Jun.","Baqar S","Cureus","2025","2025/07/07","PMC12229228","","10.7759/cureus.85386"
"40607067","Diagnostic performance of deep learning models in classifying mandibular third molar and mandibular canal contact status on panoramic radiographs: A systematic review and meta-analysis","Al Salieti H, Al Sliti H, Alkadi S.","Imaging Sci Dent. 2025 Jun;55(2):139-150. doi: 10.5624/isd.20240239. Epub 2025 Apr 10.","Al Salieti H","Imaging Sci Dent","2025","2025/07/03","PMC12210121","","10.5624/isd.20240239"
"40601025","Diagnostic performance of artificial intelligence based on contrast-enhanced computed tomography in pancreatic ductal adenocarcinoma: a systematic review and meta-analysis","Yan G, Chen X, Wang Y.","Abdom Radiol (NY). 2026 Feb;51(2):977-990. doi: 10.1007/s00261-025-05089-2. Epub 2025 Jul 2.","Yan G","Abdom Radiol (NY)","2026","2025/07/02","","","10.1007/s00261-025-05089-2"
"40592670","Deep learning for orbital fracture detection and reconstruction: A systematic review on diagnostic accuracy and surgical planning","Niño-Sandoval TC, Landim FS, Vasconcelos BCE.","J Craniomaxillofac Surg. 2025 Sep;53(9):1501-1510. doi: 10.1016/j.jcms.2025.06.008. Epub 2025 Jun 17.","Niño-Sandoval TC","J Craniomaxillofac Surg","2025","2025/07/01","","","10.1016/j.jcms.2025.06.008"
"40575334","Diagnostic accuracy and quality of artificial intelligence models in irritable bowel syndrome: A systematic review","Bhagavathula AS, Al Qady AM, Aldhaleei WA.","World J Gastroenterol. 2025 Jun 21;31(23):106836. doi: 10.3748/wjg.v31.i23.106836.","Bhagavathula AS","World J Gastroenterol","2025","2025/06/27","PMC12188767","","10.3748/wjg.v31.i23.106836"
"40554500","Diagnosis of knee meniscal injuries using artificial intelligence: A systematic review and meta-analysis of diagnostic performance","Mohammadi S, Jahanshahi A, Shahrabi Farahani M, Salehi MA, Frounchi N, Guermazi A.","PLoS One. 2025 Jun 24;20(6):e0326339. doi: 10.1371/journal.pone.0326339. eCollection 2025.","Mohammadi S","PLoS One","2025","2025/06/24","PMC12186967","","10.1371/journal.pone.0326339"
"40500716","Diagnostic accuracy of machine learning-based magnetic resonance imaging models in breast cancer classification: a systematic review and meta-analysis","Zhang J, Wu Q, Lei P, Zhu X, Li B.","World J Surg Oncol. 2025 Jun 11;23(1):231. doi: 10.1186/s12957-025-03874-3.","Zhang J","World J Surg Oncol","2025","2025/06/11","PMC12153147","","10.1186/s12957-025-03874-3"
"40476110","Diagnostic Performance of Neural Network-Based Artificial Intelligence in the Detection and Classification of Pediatric Astrocytoma: A Systematic Review","Elbakry Abdelmahdy NE, Abd Alnour Suliman ET, Osman Mohmed FM, Ali Elamin NS, Hamza Yousif BA, Ahmmed NAM.","Cureus. 2025 May 5;17(5):e83543. doi: 10.7759/cureus.83543. eCollection 2025 May.","Elbakry Abdelmahdy NE","Cureus","2025","2025/06/06","PMC12138155","","10.7759/cureus.83543"
"40462622","Diagnostic performance of the ultrasound -based artificial intelligence diagnostic system in predicting cervical lymph node metastasis in patients with thyroid cancer: A systematic review and meta-analysis","Tang X, Zhou H, Liu Y, Gao S, Zhou Y.","Sci Prog. 2025 Apr-Jun;108(2):368504251346906. doi: 10.1177/00368504251346906. Epub 2025 Jun 4.","Tang X","Sci Prog","2025","2025/06/04","PMC12138226","","10.1177/00368504251346906"
"40443718","Diagnostic Accuracy of Machine Learning-Assisted MRI for Mild Cognitive Impairment in Parkinson's Disease: A Systematic Review and Meta-Analysis","Zhang F, Guo L, Liu L, Han X.","Parkinsons Dis. 2025 May 22;2025:2079341. doi: 10.1155/padi/2079341. eCollection 2025.","Zhang F","Parkinsons Dis","2025","2025/05/30","PMC12122149","","10.1155/padi/2079341"
"40421093","Diagnostic accuracy of artificial intelligence based on imaging data for predicting distant metastasis of colorectal cancer: a systematic review and meta-analysis","Chen L, Xu F, Chen L.","Front Oncol. 2025 May 12;15:1558915. doi: 10.3389/fonc.2025.1558915. eCollection 2025.","Chen L","Front Oncol","2025","2025/05/27","PMC12104061","","10.3389/fonc.2025.1558915"
"40349509","Diagnostic accuracy of machine learning algorithms in electrocardiogram-based sleep apnea detection: A systematic review and meta-analysis","Kilic ME, Arayici ME, Turan OE, Yilancioglu YR, Ozcan EE, Yilmaz MB.","Sleep Med Rev. 2025 Jun;81:102097. doi: 10.1016/j.smrv.2025.102097. Epub 2025 May 7.","Kilic ME","Sleep Med Rev","2025","2025/05/11","","","10.1016/j.smrv.2025.102097"
"40265427","Transforming Medical Imaging: The Role of Artificial Intelligence Integration in PACS for Enhanced Diagnostic Accuracy and Workflow Efficiency","Pérez-Sanpablo AI, Quinzaños-Fresnedo J, Gutiérrez-Martínez J, Lozano-Rodríguez IG, Roldan-Valadez E.","Curr Med Imaging. 2025;21:e15734056370620. doi: 10.2174/0115734056370620250403030638.","Pérez-Sanpablo AI","Curr Med Imaging","2025","2025/04/23","PMC13223497","","10.2174/0115734056370620250403030638"
"40235789","Diagnostic accuracy of deep learning for the invasiveness assessment of ground-glass nodules with fine segmentation: a systematic review and meta-analysis","Wu W, Gao C, Wu L, Gao C, Li J, Su Z, Zhong H, Xu M, Sun Z.","Quant Imaging Med Surg. 2025 Apr 1;15(4):2722-2738. doi: 10.21037/qims-24-1839. Epub 2025 Mar 28.","Wu W","Quant Imaging Med Surg","2025","2025/04/16","PMC11994546","","10.21037/qims-24-1839"
"40218147","Diagnostic Accuracy of Deep Learning Models in Predicting Glioma Molecular Markers: A Systematic Review and Meta-Analysis","Farahani S, Hejazi M, Moradizeyveh S, Di Ieva A, Fatemizadeh E, Liu S.","Diagnostics (Basel). 2025 Mar 21;15(7):797. doi: 10.3390/diagnostics15070797.","Farahani S","Diagnostics (Basel)","2025","2025/04/12","PMC11988998","","10.3390/diagnostics15070797"
"40217828","Diagnostic Accuracy of Deep Learning for Intracranial Hemorrhage Detection in Non-Contrast Brain CT Scans: A Systematic Review and Meta-Analysis","Karamian A, Seifi A.","J Clin Med. 2025 Mar 30;14(7):2377. doi: 10.3390/jcm14072377.","Karamian A","J Clin Med","2025","2025/04/12","PMC11989428","","10.3390/jcm14072377"
"40191392","Diagnostic accuracy of artificial intelligence in the detection of maxillary sinus pathology using computed tomography: A concise systematic review","Uthman AT, Abouelenen H, Khan S, Bseiso O, Al-Rawi N.","Imaging Sci Dent. 2025 Mar;55(1):1-10. doi: 10.5624/isd.20240139. Epub 2025 Jan 15.","Uthman AT","Imaging Sci Dent","2025","2025/04/07","PMC11966023","","10.5624/isd.20240139"
"40174629","Current trends and emerging themes in utilizing artificial intelligence to enhance anatomical diagnostic accuracy and efficiency in radiotherapy","Pezzino S, Luca T, Castorina M, Puleo S, Castorina S.","Prog Biomed Eng (Bristol). 2025 May 19;7(3). doi: 10.1088/2516-1091/adc85e.","Pezzino S","Prog Biomed Eng (Bristol)","2025","2025/04/02","","","10.1088/2516-1091/adc85e"
"40159544","Diagnostic performance of deep learning-assisted [(18)F]FDG PET imaging for Alzheimer's disease: a systematic review and meta-analysis","Sun Y, Chen Y, Dong L, Hu D, Zhang X, Jin C, Zhou R, Zhang J, Dou X, Wang J, Xue L, Xiao M, Zhong Y, Tian M, Zhang H.","Eur J Nucl Med Mol Imaging. 2025 Aug;52(10):3600-3612. doi: 10.1007/s00259-025-07228-9. Epub 2025 Mar 31.","Sun Y","Eur J Nucl Med Mol Imaging","2025","2025/03/30","","","10.1007/s00259-025-07228-9"
"40128510","Predictive power of artificial intelligence for malignant cerebral edema in stroke patients: a CT-based systematic review and meta-analysis of prevalence and diagnostic performance","Shafieioun A, Ghaffari H, Baradaran M, Rigi A, Shahir Eftekhar M, Shojaeshafiei F, Korani MA, Hatami B, Shirdel S, Ghanbari K, Ghaderi S, Moharrami Yeganeh P, Shahidi R.","Neurosurg Rev. 2025 Mar 25;48(1):318. doi: 10.1007/s10143-025-03475-4.","Shafieioun A","Neurosurg Rev","2025","2025/03/25","","","10.1007/s10143-025-03475-4"
"40066351","Diagnostic accuracy of artificial intelligence models in detecting congenital heart disease in the second-trimester fetus through prenatal cardiac screening: a systematic review and meta-analysis","Liastuti LD, Nursakina Y.","Front Cardiovasc Med. 2025 Feb 24;12:1473544. doi: 10.3389/fcvm.2025.1473544. eCollection 2025.","Liastuti LD","Front Cardiovasc Med","2025","2025/03/11","PMC11891181","","10.3389/fcvm.2025.1473544"
"40058989","Diagnostic Performance of Artificial Intelligence Based on Biparametric MRI for Clinically Significant Prostate Cancer: A Systematic Review and Meta-analysis","Yan G, Wang Y, Chen L.","Acad Radiol. 2025 Aug;32(8):4355-4368. doi: 10.1016/j.acra.2025.02.044. Epub 2025 Mar 8.","Yan G","Acad Radiol","2025","2025/03/09","","","10.1016/j.acra.2025.02.044"
"40053773","Diagnostic Performance of Artificial Intelligence-Based Methods for Tuberculosis Detection: Systematic Review","Hansun S, Argha A, Bakhshayeshi I, Wicaksana A, Alinejad-Rokny H, Fox GJ, Liaw ST, Celler BG, Marks GB.","J Med Internet Res. 2025 Mar 7;27:e69068. doi: 10.2196/69068.","Hansun S","J Med Internet Res","2025","2025/03/07","PMC11928776","","10.2196/69068"
"39994873","Artificial Intelligence in Diagnosing Depression Through Behavioural Cues: A Diagnostic Accuracy Systematic Review and Meta-Analysis","Goh YS, See QR, Vongsirimas N, Klanin-Yobas P.","J Clin Nurs. 2025 Feb 24. doi: 10.1111/jocn.17694. Online ahead of print.","Goh YS","J Clin Nurs","2025","2025/02/25","","","10.1111/jocn.17694"
"39988511","Machine learning and computational fluid dynamics derived FFRCT demonstrate comparable diagnostic performance in patients with coronary artery disease; A Systematic Review and Meta-Analysis","Narimani-Javid R, Moradi M, Mahalleh M, Najafi-Vosough R, Arzhangzadeh A, Khalique O, Mojibian H, Kuno T, Mohsen A, Alam M, Shafiei S, Khansari N, Shaghaghi Z, Nozhat S, Hosseini K, Hosseini SK.","J Cardiovasc Comput Tomogr. 2025 Mar-Apr;19(2):232-246. doi: 10.1016/j.jcct.2025.02.004. Epub 2025 Feb 22.","Narimani-Javid R","J Cardiovasc Comput Tomogr","2025","2025/02/23","","","10.1016/j.jcct.2025.02.004"
"39909205","Diagnostic accuracy of artificial-intelligence-based electrocardiogram algorithm to estimate heart failure with reduced ejection fraction: A systematic review and meta-analysis","Ferreira ALC, Feitoza LPGC, Benitez ME, Aziri B, Begic E, de Souza LVF, Bulhões E, Monteiro SON, Defante MLR, Vieira RAMS, Guida C.","Curr Probl Cardiol. 2025 Apr;50(4):103004. doi: 10.1016/j.cpcardiol.2025.103004. Epub 2025 Feb 3.","Ferreira ALC","Curr Probl Cardiol","2025","2025/02/05","","","10.1016/j.cpcardiol.2025.103004"
"39871201","Diagnostic performance of artificial intelligence in detection of renal cell carcinoma: a systematic review and meta-analysis","Gouravani M, Shahrabi Farahani M, Salehi MA, Shojaei S, Mirakhori S, Harandi H, Mohammadi S, Saleh RR.","BMC Cancer. 2025 Jan 27;25(1):155. doi: 10.1186/s12885-025-13547-9.","Gouravani M","BMC Cancer","2025","2025/01/28","PMC11773916","","10.1186/s12885-025-13547-9"
"39871041","Diagnostic Accuracy of Artificial Intelligence for Detection of Rib Fracture on X-ray and Computed Tomography Imaging: A Systematic Review","Collins CE, Giammanco PA, Trivedi SM, Sarsour RO, Kricfalusi M, Elsissy JG.","J Imaging Inform Med. 2025 Oct;38(5):2973-2982. doi: 10.1007/s10278-025-01412-x. Epub 2025 Jan 27.","Collins CE","J Imaging Inform Med","2025","2025/01/27","PMC12572435","","10.1007/s10278-025-01412-x"
"39815229","Diagnostic accuracy of artificial intelligence algorithms to predict remove all macroscopic disease and survival rate after complete surgical cytoreduction in patients with ovarian cancer: a systematic review and meta-analysis","Noei Teymoordash S, Zendehdel H, Norouzi AR, Kashian M.","BMC Surg. 2025 Jan 16;25(1):27. doi: 10.1186/s12893-025-02766-3.","Noei Teymoordash S","BMC Surg","2025","2025/01/15","PMC11737190","","10.1186/s12893-025-02766-3"
"39800538","Artificial Intelligence for Cervical Spine Fracture Detection: A Systematic Review of Diagnostic Performance and Clinical Potential","Liawrungrueang W, Cholamjiak W, Promsri A, Jitpakdee K, Sunpaweravong S, Kotheeranurak V, Sarasombath P.","Global Spine J. 2025 May;15(4):2547-2558. doi: 10.1177/21925682251314379. Epub 2025 Jan 12.","Liawrungrueang W","Global Spine J","2025","2025/01/12","PMC11726500","","10.1177/21925682251314379"
"39757287","Artificial intelligence in antimicrobial stewardship: a systematic review and meta-analysis of predictive performance and diagnostic accuracy","Pennisi F, Pinto A, Ricciardi GE, Signorelli C, Gianfredi V.","Eur J Clin Microbiol Infect Dis. 2025 Mar;44(3):463-513. doi: 10.1007/s10096-024-05027-y. Epub 2025 Jan 6.","Pennisi F","Eur J Clin Microbiol Infect Dis","2025","2025/01/05","","","10.1007/s10096-024-05027-y"
"39633356","Diagnostic accuracy of deep learning in prediction of osteoporosis: a systematic review and meta-analysis","Amani F, Amanzadeh M, Hamedan M, Amani P.","BMC Musculoskelet Disord. 2024 Dec 4;25(1):991. doi: 10.1186/s12891-024-08120-7.","Amani F","BMC Musculoskelet Disord","2024","2024/12/05","PMC11619613","","10.1186/s12891-024-08120-7"
"39568787","Diagnostic performance of artificial intelligence in detecting oral potentially malignant disorders and oral cancer using medical diagnostic imaging: a systematic review and meta-analysis","Sahoo RK, Sahoo KC, Dash GC, Kumar G, Baliarsingh SK, Panda B, Pati S.","Front Oral Health. 2024 Nov 6;5:1494867. doi: 10.3389/froh.2024.1494867. eCollection 2024.","Sahoo RK","Front Oral Health","2024","2024/11/21","PMC11576460","","10.3389/froh.2024.1494867"
"39547898","A Systematic Review of the Diagnostic Accuracy of Deep Learning Models for the Automatic Detection, Localization, and Characterization of Clinically Significant Prostate Cancer on Magnetic Resonance Imaging","Molière S, Hamzaoui D, Ploussard G, Mathieu R, Fiard G, Baboudjian M, Granger B, Roupret M, Delingette H, Renard-Penna R.","Eur Urol Oncol. 2025 Aug;8(4):1182-1202. doi: 10.1016/j.euo.2024.11.001. Epub 2024 Nov 14.","Molière S","Eur Urol Oncol","2025","2024/11/15","","","10.1016/j.euo.2024.11.001"
"39530113","Diagnostic performance of deep learning for leg length measurements on radiographs in leg length discrepancy: A systematic review","Lezak BA, Pruneski JA, Oeding JF, Kunze KN, Williams RJ 3rd, Alaia MJ, Pearle AD, Dines JS, Samuelsson K, Pareek A.","J Exp Orthop. 2024 Nov 10;11(4):e70080. doi: 10.1002/jeo2.70080. eCollection 2024 Oct.","Lezak BA","J Exp Orthop","2024","2024/11/12","PMC11551063","","10.1002/jeo2.70080"
"39527265","Diagnostic accuracy of radiomics and artificial intelligence models in diagnosing lymph node metastasis in head and neck cancers: a systematic review and meta-analysis","Valizadeh P, Jannatdoust P, Pahlevan-Fallahy MT, Hassankhani A, Amoukhteh M, Bagherieh S, Ghadimi DJ, Gholamrezanezhad A.","Neuroradiology. 2025 Feb;67(2):449-467. doi: 10.1007/s00234-024-03485-x. Epub 2024 Nov 11.","Valizadeh P","Neuroradiology","2025","2024/11/11","PMC11893643","","10.1007/s00234-024-03485-x"
"39501204","Predicting radiation pneumonitis in lung cancer using machine learning and multimodal features: a systematic review and meta-analysis of diagnostic accuracy","Chen Z, Yi G, Li X, Yi B, Bao X, Zhang Y, Zhang X, Yang Z, Guo Z.","BMC Cancer. 2024 Nov 5;24(1):1355. doi: 10.1186/s12885-024-13098-5.","Chen Z","BMC Cancer","2024","2024/11/05","PMC11539622","","10.1186/s12885-024-13098-5"
"39469534","Diagnostic performance of deep learning for infectious keratitis: a systematic review and meta-analysis","Ong ZZ, Sadek Y, Qureshi R, Liu SH, Li T, Liu X, Takwoingi Y, Sounderajah V, Ashrafian H, Ting DSW, Mehta JS, Rauz S, Said DG, Dua HS, Burton MJ, Ting DSJ.","EClinicalMedicine. 2024 Oct 18;77:102887. doi: 10.1016/j.eclinm.2024.102887. eCollection 2024 Nov.","Ong ZZ","EClinicalMedicine","2024","2024/10/29","PMC11513659","","10.1016/j.eclinm.2024.102887"
"39446141","Diagnostic accuracy of deep learning-based algorithms in laryngoscopy: a systematic review and meta-analysis","Du S, Guo J, Huang D, Liu Y, Zhang X, Lu S.","Eur Arch Otorhinolaryngol. 2025 Jan;282(1):351-360. doi: 10.1007/s00405-024-09049-2. Epub 2024 Oct 24.","Du S","Eur Arch Otorhinolaryngol","2025","2024/10/24","","","10.1007/s00405-024-09049-2"
"39407882","Enhancing Oral Cancer Detection: A Systematic Review of the Diagnostic Accuracy and Future Integration of Optical Coherence Tomography with Artificial Intelligence","Jerjes W, Stevenson H, Ramsay D, Hamdoon Z.","J Clin Med. 2024 Sep 29;13(19):5822. doi: 10.3390/jcm13195822.","Jerjes W","J Clin Med","2024","2024/10/16","PMC11477121","","10.3390/jcm13195822"
"39396775","Diagnostic accuracy of artificial intelligence for approximal caries on bitewing radiographs: A systematic review and meta-analysis","Carvalho BKG, Nolden EL, Wenning AS, Kiss-Dala S, Agócs G, Róth I, Kerémi B, Géczi Z, Hegyi P, Kivovics M.","J Dent. 2024 Dec;151:105388. doi: 10.1016/j.jdent.2024.105388. Epub 2024 Oct 11.","Carvalho BKG","J Dent","2024","2024/10/13","","","10.1016/j.jdent.2024.105388"
"39393216","A systematic scoping review exploring variation in practice in specimen mammography for Intraoperative Margin Analysis in Breast Conserving Surgery and the role of artificial intelligence in optimising diagnostic accuracy","Hubbard TJE, Shams O, Gardner B, Gibson F, Rowlands S, Harries T, Stone N.","Eur J Radiol. 2024 Dec;181:111777. doi: 10.1016/j.ejrad.2024.111777. Epub 2024 Oct 9.","Hubbard TJE","Eur J Radiol","2024","2024/10/11","","","10.1016/j.ejrad.2024.111777"
"39314764","Imaging for the diagnosis of acute myocarditis: can artificial intelligence improve diagnostic performance?","Shyam-Sundar V, Harding D, Khan A, Abdulkareem M, Slabaugh G, Mohiddin SA, Petersen SE, Aung N.","Front Cardiovasc Med. 2024 Aug 29;11:1408574. doi: 10.3389/fcvm.2024.1408574. eCollection 2024.","Shyam-Sundar V","Front Cardiovasc Med","2024","2024/09/24","PMC11417618","","10.3389/fcvm.2024.1408574"
"39301494","Diagnostic accuracy of deep learning in detection and prognostication of renal cell carcinoma: a systematic review and meta-analysis","Chandramohan D, Garapati HN, Nangia U, Simhadri PK, Lapsiwala B, Jena NK, Singh P.","Front Med (Lausanne). 2024 Sep 5;11:1447057. doi: 10.3389/fmed.2024.1447057. eCollection 2024.","Chandramohan D","Front Med (Lausanne)","2024","2024/09/20","PMC11412207","","10.3389/fmed.2024.1447057"
"39299960","Correction: Diagnostic accuracy of chest X-ray and CT using artificial intelligence for osteoporosis: systematic review and meta-analysis","Yamamoto N, Shiroshita A, Kimura R, Kamo T, Ogihara H, Tsuge T.","J Bone Miner Metab. 2024 Nov;42(6):754-756. doi: 10.1007/s00774-024-01549-9.","Yamamoto N","J Bone Miner Metab","2024","2024/09/19","","","10.1007/s00774-024-01549-9"
"39257851","Assessing the precision of machine learning for diagnosing pulmonary arterial hypertension: a systematic review and meta-analysis of diagnostic accuracy studies","Fadilah A, Putri VYS, Puling IMDR, Willyanto SE.","Front Cardiovasc Med. 2024 Aug 27;11:1422327. doi: 10.3389/fcvm.2024.1422327. eCollection 2024.","Fadilah A","Front Cardiovasc Med","2024","2024/09/11","PMC11385608","","10.3389/fcvm.2024.1422327"
"39205556","Diagnostic Accuracy of Artificial Intelligence Compared to Biopsy in Detecting Early Oral Squamous Cell Carcinoma: A Systematic Review and Meta Analysis","Malhotra M, Shaw AK, Priyadarshini SR, Metha SS, Sahoo PK, Gachake A.","Asian Pac J Cancer Prev. 2024 Aug 1;25(8):2593-2603. doi: 10.31557/APJCP.2024.25.8.2593.","Malhotra M","Asian Pac J Cancer Prev","2024","2024/08/29","PMC11495466","","10.31557/APJCP.2024.25.8.2593"
"39177815","Diagnostic accuracy of artificial intelligence models in detecting osteoporosis using dental images: a systematic review and meta-analysis","Khadivi G, Akhtari A, Sharifi F, Zargarian N, Esmaeili S, Ahsaie MG, Shahbazi S.","Osteoporos Int. 2025 Jan;36(1):1-19. doi: 10.1007/s00198-024-07229-8. Epub 2024 Aug 23.","Khadivi G","Osteoporos Int","2025","2024/08/23","","","10.1007/s00198-024-07229-8"
"39167230","Diagnostic accuracy of chest X-ray and CT using artificial intelligence for osteoporosis: systematic review and meta-analysis","Yamamoto N, Shiroshita A, Kimura R, Kamo T, Ogihara H, Tsuge T.","J Bone Miner Metab. 2024 Sep;42(5):483-491. doi: 10.1007/s00774-024-01532-4. Epub 2024 Aug 21.","Yamamoto N","J Bone Miner Metab","2024","2024/08/21","","","10.1007/s00774-024-01532-4"
"39139289","Diagnostic accuracy of a machine learning-based radiomics approach of MR in predicting IDH mutations in glioma patients: a systematic review and meta-analysis","Chen X, Lei J, Wang S, Zhang J, Gou L.","Front Oncol. 2024 Jul 30;14:1409760. doi: 10.3389/fonc.2024.1409760. eCollection 2024.","Chen X","Front Oncol","2024","2024/08/14","PMC11319127","","10.3389/fonc.2024.1409760"
"39136261","Potential roles for artificial intelligence in clinical microbiology from improved diagnostic accuracy to solving the staffing crisis","Graf E, Soliman A, Marouf M, Parwani AV, Pancholi P.","Am J Clin Pathol. 2025 Feb 12;163(2):162-168. doi: 10.1093/ajcp/aqae107.","Graf E","Am J Clin Pathol","2025","2024/08/13","","","10.1093/ajcp/aqae107"
"39093715","Diagnostic Accuracy of Artificial Intelligence in Endoscopy: Umbrella Review","Zha B, Cai A, Wang G.","JMIR Med Inform. 2024 Jul 15;12:e56361. doi: 10.2196/56361.","Zha B","JMIR Med Inform","2024","2024/08/02","PMC11296324","","10.2196/56361"
"39079037","Diagnostic Performance of Machine Learning-based Models in Neonatal Sepsis: A Systematic Review","Kainth D, Prakash S, Sankar MJ.","Pediatr Infect Dis J. 2024 Sep 1;43(9):889-901. doi: 10.1097/INF.0000000000004409. Epub 2024 Jul 26.","Kainth D","Pediatr Infect Dis J","2024","2024/07/30","","","10.1097/INF.0000000000004409"
"39048361","Transforming Echocardiography: The Role of Artificial Intelligence in Enhancing Diagnostic Accuracy and Accessibility","Kusunose K.","Intern Med. 2025 Feb 1;64(3):331-336. doi: 10.2169/internalmedicine.4171-24. Epub 2024 Jul 25.","Kusunose K","Intern Med","2025","2024/07/24","PMC11867741","","10.2169/internalmedicine.4171-24"
"39013193","Diagnostic accuracy of deep learning using speech samples in depression: a systematic review and meta-analysis","Liu L, Liu L, Wafa HA, Tydeman F, Xie W, Wang Y.","J Am Med Inform Assoc. 2024 Oct 1;31(10):2394-2404. doi: 10.1093/jamia/ocae189.","Liu L","J Am Med Inform Assoc","2024","2024/07/16","PMC11413444","","10.1093/jamia/ocae189"
"38987652","Diagnostic accuracy of artificial intelligence in detecting left ventricular hypertrophy by electrocardiograph: a systematic review and meta-analysis","Siranart N, Deepan N, Techasatian W, Phutinart S, Sowalertrat W, Kaewkanha P, Pajareya P, Tokavanich N, Prasitlumkum N, Chokesuwattanaskul R.","Sci Rep. 2024 Jul 10;14(1):15882. doi: 10.1038/s41598-024-66247-y.","Siranart N","Sci Rep","2024","2024/07/10","PMC11237160","","10.1038/s41598-024-66247-y"
"38968031","Diagnostic performance of machine-learning algorithms for sepsis prediction: An updated meta-analysis","Zhang H, Wang C, Yang N.","Technol Health Care. 2024;32(6):4291-4307. doi: 10.3233/THC-240087.","Zhang H","Technol Health Care","2024","2024/07/05","PMC11613038","","10.3233/THC-240087"
"38905878","Diagnostic accuracy of CT-based radiomics and deep learning for predicting lymph node metastasis in esophageal cancer","Jannatdoust P, Valizadeh P, Pahlevan-Fallahy MT, Hassankhani A, Amoukhteh M, Behrouzieh S, Ghadimi DJ, Bilgin C, Gholamrezanezhad A.","Clin Imaging. 2024 Sep;113:110225. doi: 10.1016/j.clinimag.2024.110225. Epub 2024 Jun 16.","Jannatdoust P","Clin Imaging","2024","2024/06/21","","","10.1016/j.clinimag.2024.110225"
"38820391","Diagnostic performance of ultrasound-based artificial intelligence for predicting key molecular markers in breast cancer: A systematic review and meta-analysis","Fu Y, Zhou J, Li J.","PLoS One. 2024 May 31;19(5):e0303669. doi: 10.1371/journal.pone.0303669. eCollection 2024.","Fu Y","PLoS One","2024","2024/05/31","PMC11142607","","10.1371/journal.pone.0303669"
"38772766","Artificial intelligence diagnostic accuracy in fracture detection from plain radiographs and comparing it with clinicians: a systematic review and meta-analysis","Nowroozi A, Salehi MA, Shobeiri P, Agahi S, Momtazmanesh S, Kaviani P, Kalra MK.","Clin Radiol. 2024 Aug;79(8):579-588. doi: 10.1016/j.crad.2024.04.009. Epub 2024 Apr 20.","Nowroozi A","Clin Radiol","2024","2024/05/21","","","10.1016/j.crad.2024.04.009"
"38712407","Diagnostic accuracy of artificial intelligence versus manual detection in marginal bone loss around fixed prosthesis. a systematic review","Tanveer SA, Fatima B, Ghafoor R.","J Pak Med Assoc. 2024 Apr;74(4 (Supple-4)):S37-S42. doi: 10.47391/JPMA.AKU-9S-06.","Tanveer SA","J Pak Med Assoc","2024","2024/05/07","","","10.47391/JPMA.AKU-9S-06"
"38694696","Diagnostic Accuracy of Artificial Intelligence-Based Algorithms in Automated Detection of Neck of Femur Fracture on a Plain Radiograph: A Systematic Review and Meta-analysis","Raj M, Ayub A, Pal AK, Pradhan J, Varish N, Kumar S, Varikasuvu SR.","Indian J Orthop. 2024 Apr 8;58(5):457-469. doi: 10.1007/s43465-024-01130-6. eCollection 2024 May.","Raj M","Indian J Orthop","2024","2024/05/02","PMC11058182","","10.1007/s43465-024-01130-6"
"38658286","Part I: prostate cancer detection, artificial intelligence for prostate cancer and how we measure diagnostic performance: a comprehensive review","Maki JH, Patel NU, Ulrich EJ, Dhaouadi J, Jones RW.","Curr Probl Diagn Radiol. 2024 Sep-Oct;53(5):606-613. doi: 10.1067/j.cpradiol.2024.04.002. Epub 2024 Apr 19.","Maki JH","Curr Probl Diagn Radiol","2024","2024/04/24","","","10.1067/j.cpradiol.2024.04.002"
"38652301","Diagnostic accuracy of artificial intelligence assisted clinical imaging in the detection of oral potentially malignant disorders and oral cancer: a systematic review and meta-analysis","Li J, Kot WY, McGrath CP, Chan BWA, Ho JWK, Zheng LW.","Int J Surg. 2024 Aug 1;110(8):5034-5046. doi: 10.1097/JS9.0000000000001469.","Li J","Int J Surg","2024","2024/04/23","PMC11325952","","10.1097/JS9.0000000000001469"
"38614826","Diagnostic Performance of Radiomics and Deep Learning to Identify Benign and Malignant Soft Tissue Tumors: A Systematic Review and Meta-analysis","Dai X, Zhao B, Zang J, Wang X, Liu Z, Sun T, Yu H, Sui X.","Acad Radiol. 2024 Oct;31(10):3956-3967. doi: 10.1016/j.acra.2024.03.033. Epub 2024 Apr 13.","Dai X","Acad Radiol","2024","2024/04/13","","","10.1016/j.acra.2024.03.033"
"38551529","Diagnostic Performance of Artificial Intelligence for Detection of Scaphoid and Distal Radius Fractures: A Systematic Review","Oeding JF, Kunze KN, Messer CJ, Pareek A, Fufa DT, Pulos N, Rhee PC.","J Hand Surg Am. 2024 May;49(5):411-422. doi: 10.1016/j.jhsa.2024.01.020. Epub 2024 Mar 28.","Oeding JF","J Hand Surg Am","2024","2024/03/29","","","10.1016/j.jhsa.2024.01.020"
"38525176","The diagnostic performance of impacted third molars in the mandible: A review of deep learning on panoramic radiographs","Faadiya AN, Widyaningrum R, Arindra PK, Diba SF.","Saudi Dent J. 2024 Mar;36(3):404-412. doi: 10.1016/j.sdentj.2023.11.025. Epub 2023 Nov 25.","Faadiya AN","Saudi Dent J","2024","2024/03/25","PMC10960107","","10.1016/j.sdentj.2023.11.025"
"38450159","Diagnostic performance of artificial intelligence-aided caries detection on bitewing radiographs: a systematic review and meta-analysis","Ammar N, Kühnisch J.","Jpn Dent Sci Rev. 2024 Dec;60:128-136. doi: 10.1016/j.jdsr.2024.02.001. Epub 2024 Feb 29.","Ammar N","Jpn Dent Sci Rev","2024","2024/03/07","PMC10917640","","10.1016/j.jdsr.2024.02.001"
"38438694","Diagnostic Performance of Artificial Intelligence in Detection of Hepatocellular Carcinoma: A Meta-analysis","Salehi MA, Harandi H, Mohammadi S, Shahrabi Farahani M, Shojaei S, Saleh RR.","J Imaging Inform Med. 2024 Aug;37(4):1297-1311. doi: 10.1007/s10278-024-01058-1. Epub 2024 Mar 4.","Salehi MA","J Imaging Inform Med","2024","2024/03/04","PMC11300422","","10.1007/s10278-024-01058-1"
"38438095","Diagnostic Accuracy of Artificial Intelligence-Based Automated Diabetic Retinopathy Screening in Real-World Settings: A Systematic Review and Meta-Analysis","Joseph S, Selvaraj J, Mani I, Kumaragurupari T, Shang X, Mudgil P, Ravilla T, He M.","Am J Ophthalmol. 2024 Jul;263:214-230. doi: 10.1016/j.ajo.2024.02.012. Epub 2024 Mar 2.","Joseph S","Am J Ophthalmol","2024","2024/03/04","","","10.1016/j.ajo.2024.02.012"
"38398346","An Artificial Intelligence Analysis of Electrocardiograms for the Clinical Diagnosis of Cardiovascular Diseases: A Narrative Review","Di Costanzo A, Spaccarotella CAM, Esposito G, Indolfi C.","J Clin Med. 2024 Feb 11;13(4):1033. doi: 10.3390/jcm13041033.","Di Costanzo A","J Clin Med","2024","2024/02/24","PMC10889404","","10.3390/jcm13041033"
"38382422","Diagnostic accuracy of radiomics-based machine learning for neoadjuvant chemotherapy response and survival prediction in gastric cancer patients: A systematic review and meta-analysis","Adili D, Mohetaer A, Zhang W.","Eur J Radiol. 2024 Apr;173:111249. doi: 10.1016/j.ejrad.2023.111249. Epub 2023 Dec 5.","Adili D","Eur J Radiol","2024","2024/02/21","","","10.1016/j.ejrad.2023.111249"
"38343243","Diagnostic Performance of Artificial Intelligence in Detection of Primary Malignant Bone Tumors: a Meta-Analysis","Salehi MA, Mohammadi S, Harandi H, Zakavi SS, Jahanshahi A, Shahrabi Farahani M, Wu JS.","J Imaging Inform Med. 2024 Apr;37(2):766-777. doi: 10.1007/s10278-023-00945-3. Epub 2024 Jan 12.","Salehi MA","J Imaging Inform Med","2024","2024/02/12","PMC11031503","","10.1007/s10278-023-00945-3"
"38301371","Diagnostic performance of deep learning models versus radiologists in COVID-19 pneumonia: A systematic review and meta-analysis","Chavoshi M, Zamani S, Mirshahvalad SA.","Clin Imaging. 2024 Mar;107:110092. doi: 10.1016/j.clinimag.2024.110092. Epub 2024 Jan 26.","Chavoshi M","Clin Imaging","2024","2024/02/01","","","10.1016/j.clinimag.2024.110092"
"38280946","Diagnostic performance of deep learning in ultrasound diagnosis of breast cancer: a systematic review","Dan Q, Xu Z, Burrows H, Bissram J, Stringer JSA, Li Y.","NPJ Precis Oncol. 2024 Jan 27;8(1):21. doi: 10.1038/s41698-024-00514-z.","Dan Q","NPJ Precis Oncol","2024","2024/01/27","PMC10821881","","10.1038/s41698-024-00514-z"
"38253738","Diagnostic performance of artificial intelligence-assisted PET imaging for Parkinson's disease: a systematic review and meta-analysis","Wang J, Xue L, Jiang J, Liu F, Wu P, Lu J, Zhang H, Bao W, Xu Q, Ju Z, Chen L, Jiao F, Lin H, Ge J, Zuo C, Tian M.","NPJ Digit Med. 2024 Jan 22;7(1):17. doi: 10.1038/s41746-024-01012-z.","Wang J","NPJ Digit Med","2024","2024/01/22","PMC10803804","","10.1038/s41746-024-01012-z"
"38248083","Diagnostic Accuracy of Deep Learning for the Prediction of Osteoporosis Using Plain X-rays: A Systematic Review and Meta-Analysis","Yen TY, Ho CS, Chen YP, Pei YC.","Diagnostics (Basel). 2024 Jan 18;14(2):207. doi: 10.3390/diagnostics14020207.","Yen TY","Diagnostics (Basel)","2024","2024/01/22","PMC10814351","","10.3390/diagnostics14020207"
"38113199","Diagnostic accuracy of endocytoscopy via artificial intelligence in colorectal lesions: A systematic review and meta‑analysis","Zhang H, Yang X, Tao Y, Zhang X, Huang X.","PLoS One. 2023 Dec 19;18(12):e0294930. doi: 10.1371/journal.pone.0294930. eCollection 2023.","Zhang H","PLoS One","2023","2023/12/19","PMC10729963","","10.1371/journal.pone.0294930"
"38042377","Diagnostic accuracy of artificial intelligence in detecting retinitis pigmentosa: A systematic review and meta-analysis","Musleh AM, AlRyalat SA, Abid MN, Salem Y, Hamila HM, Sallam AB.","Surv Ophthalmol. 2024 May-Jun;69(3):411-417. doi: 10.1016/j.survophthal.2023.11.010. Epub 2023 Dec 1.","Musleh AM","Surv Ophthalmol","2024","2023/12/02","","","10.1016/j.survophthal.2023.11.010"
"37811326","The diagnostic performance of machine learning based on resting-state functional magnetic resonance imaging data for major depressive disorders: a systematic review and meta-analysis","Chen Y, Zhao W, Yi S, Liu J.","Front Neurosci. 2023 Sep 22;17:1174080. doi: 10.3389/fnins.2023.1174080. eCollection 2023.","Chen Y","Front Neurosci","2023","2023/10/09","PMC10559726","","10.3389/fnins.2023.1174080"
"37805002","Diagnostic accuracy of smartphone-based artificial intelligence systems for detecting diabetic retinopathy: A systematic review and meta-analysis","Hasan SU, Siddiqui MAR.","Diabetes Res Clin Pract. 2023 Nov;205:110943. doi: 10.1016/j.diabres.2023.110943. Epub 2023 Oct 5.","Hasan SU","Diabetes Res Clin Pract","2023","2023/10/07","","","10.1016/j.diabres.2023.110943"
"37443539","Diagnostic Accuracy of Machine Learning AI Architectures in Detection and Classification of Lung Cancer: A Systematic Review","Pacurari AC, Bhattarai S, Muhammad A, Avram C, Mederle AO, Rosca O, Bratosin F, Bogdan I, Fericean RM, Biris M, Olaru F, Dumitru C, Tapalaga G, Mavrea A.","Diagnostics (Basel). 2023 Jun 22;13(13):2145. doi: 10.3390/diagnostics13132145.","Pacurari AC","Diagnostics (Basel)","2023","2023/07/14","PMC10340581","","10.3390/diagnostics13132145"
"37405196","Diagnostic performance of artificial intelligence using cone-beam computed tomography imaging of the oral and maxillofacial region: A scoping review and meta-analysis","Abesi F, Maleki M, Zamani M.","Imaging Sci Dent. 2023 Jun;53(2):101-108. doi: 10.5624/isd.20220224. Epub 2023 Mar 24.","Abesi F","Imaging Sci Dent","2023","2023/07/05","PMC10315225","","10.5624/isd.20220224"
"37236811","Performance of radiomics-based artificial intelligence systems in the diagnosis and prediction of treatment response and survival in esophageal cancer: a systematic review and meta-analysis of diagnostic accuracy","Menon N, Guidozzi N, Chidambaram S, Markar SR.","Dis Esophagus. 2023 May 27;36(6):doad034. doi: 10.1093/dote/doad034.","Menon N","Dis Esophagus","2023","2023/05/26","PMC10789236","","10.1093/dote/doad034"
"37185992","A systematic review and meta-analysis of artificial intelligence diagnostic accuracy in prostate cancer histology identification and grading","Morozov A, Taratkin M, Bazarkin A, Rivas JG, Puliatti S, Checcucci E, Belenchon IR, Kowalewski KF, Shpikina A, Singla N, Teoh JYC, Kozlov V, Rodler S, Piazza P, Fajkovic H, Yakimov M, Abreu AL, Cacciamani GE, Enikeev D; Young Academic Urologists (YAU) Working Group in Uro-technology of the European Association of Urology.","Prostate Cancer Prostatic Dis. 2023 Dec;26(4):681-692. doi: 10.1038/s41391-023-00673-3. Epub 2023 Apr 25.","Morozov A","Prostate Cancer Prostatic Dis","2023","2023/05/15","","","10.1038/s41391-023-00673-3"
"37094691","Diagnostic accuracy of convolutional neural network-based machine learning algorithms in endoscopic severity prediction of ulcerative colitis: a systematic review and meta-analysis","Jahagirdar V, Bapaye J, Chandan S, Ponnada S, Kochhar GS, Navaneethan U, Mohan BP.","Gastrointest Endosc. 2023 Aug;98(2):145-154.e8. doi: 10.1016/j.gie.2023.04.2074. Epub 2023 Apr 23.","Jahagirdar V","Gastrointest Endosc","2023","2023/04/24","","","10.1016/j.gie.2023.04.2074"
"37070450","Diagnostic Performance of Deep Learning in Screened Mammogram: Systematic Review","Omega Boro L, Nandi G.","Curr Med Imaging. 2023 Apr 17. doi: 10.2174/1573405620666230417085624. Online ahead of print.","Omega Boro L","Curr Med Imaging","2023","2023/04/18","","","10.2174/1573405620666230417085624"
"36980083","Diagnostic Performance of Artificial Intelligence-Based Computer-Aided Detection and Diagnosis in Pediatric Radiology: A Systematic Review","Ng CKC.","Children (Basel). 2023 Mar 8;10(3):525. doi: 10.3390/children10030525.","Ng CKC","Children (Basel)","2023","2023/03/29","PMC10047006","","10.3390/children10030525"
"36832294","Diagnostic Performance Evaluation of Multiparametric Magnetic Resonance Imaging in the Detection of Prostate Cancer with Supervised Machine Learning Methods","Nematollahi H, Moslehi M, Aminolroayaei F, Maleki M, Shahbazi-Gahrouei D.","Diagnostics (Basel). 2023 Feb 20;13(4):806. doi: 10.3390/diagnostics13040806.","Nematollahi H","Diagnostics (Basel)","2023","2023/02/25","PMC9956028","","10.3390/diagnostics13040806"
"36773845","The diagnostic performance of artificial intelligence algorithms for identifying M2 segment middle cerebral artery occlusions: A systematic review and meta-analysis","Ghozy S, Azzam AY, Kallmes KM, Matsoukas S, Fifi JT, Luijten SPR, van der Lugt A, Adusumilli G, Heit JJ, Kadirvel R, Kallmes DF.","J Neuroradiol. 2023 Jun;50(4):449-454. doi: 10.1016/j.neurad.2023.02.001. Epub 2023 Feb 10.","Ghozy S","J Neuroradiol","2023","2023/02/11","","","10.1016/j.neurad.2023.02.001"
"36615102","Diagnostic Accuracy of the Artificial Intelligence Methods in Medical Imaging for Pulmonary Tuberculosis: A Systematic Review and Meta-Analysis","Zhan Y, Wang Y, Zhang W, Ying B, Wang C.","J Clin Med. 2022 Dec 30;12(1):303. doi: 10.3390/jcm12010303.","Zhan Y","J Clin Med","2022","2023/01/08","PMC9820940","","10.3390/jcm12010303"
"36554712","Diagnostic Accuracy of Machine-Learning Models on Predicting Chemo-Brain in Breast Cancer Survivors Previously Treated with Chemotherapy: A Meta-Analysis","Turcu-Stiolica A, Bogdan M, Dumitrescu EA, Zob DL, Gheorman V, Aldea M, Dinescu VC, Subtirelu MS, Stanculeanu DL, Sur D, Lungulescu CV.","Int J Environ Res Public Health. 2022 Dec 15;19(24):16832. doi: 10.3390/ijerph192416832.","Turcu-Stiolica A","Int J Environ Res Public Health","2022","2022/12/23","PMC9779296","","10.3390/ijerph192416832"
"36481480","Artificial intelligence for digital breast tomosynthesis: Impact on diagnostic performance, reading times, and workload in the era of personalized screening","Magni V, Cozzi A, Schiaffino S, Colarieti A, Sardanelli F.","Eur J Radiol. 2023 Jan;158:110631. doi: 10.1016/j.ejrad.2022.110631. Epub 2022 Dec 2.","Magni V","Eur J Radiol","2023","2022/12/08","","","10.1016/j.ejrad.2022.110631"
"36477499","Diagnostic performance of magnetic resonance imaging-based machine learning in Alzheimer's disease detection: a meta-analysis","Hu J, Wang Y, Guo D, Qu Z, Sui C, He G, Wang S, Chen X, Wang C, Liu X.","Neuroradiology. 2023 Mar;65(3):513-527. doi: 10.1007/s00234-022-03098-2. Epub 2022 Dec 7.","Hu J","Neuroradiology","2023","2022/12/08","","","10.1007/s00234-022-03098-2"
"36428686","Artificial Intelligence for Clinical Diagnosis and Treatment of Prostate Cancer","Rabaan AA, Bakhrebah MA, AlSaihati H, Alhumaid S, Alsubki RA, Turkistani SA, Al-Abdulhadi S, Aldawood Y, Alsaleh AA, Alhashem YN, Almatouq JA, Alqatari AA, Alahmed HE, Sharbini DA, Alahmadi AF, Alsalman F, Alsayyah A, Mutair AA.","Cancers (Basel). 2022 Nov 14;14(22):5595. doi: 10.3390/cancers14225595.","Rabaan AA","Cancers (Basel)","2022","2022/11/26","PMC9688370","","10.3390/cancers14225595"
"36425281","Machine learning in clinical diagnosis, prognostication, and management of acute traumatic spinal cord injury (SCI): A systematic review","Dietz N, Vaitheesh Jaganathan, Alkin V, Mettille J, Boakye M, Drazin D.","J Clin Orthop Trauma. 2022 Oct 20;35:102046. doi: 10.1016/j.jcot.2022.102046. eCollection 2022 Dec.","Dietz N","J Clin Orthop Trauma","2022","2022/11/25","PMC9678757","","10.1016/j.jcot.2022.102046"
"36405592","Diagnostic accuracy of artificial intelligence for detecting gastrointestinal luminal pathologies: A systematic review and meta-analysis","Parkash O, Siddiqui ATS, Jiwani U, Rind F, Padhani ZA, Rizvi A, Hoodbhoy Z, Das JK.","Front Med (Lausanne). 2022 Nov 4;9:1018937. doi: 10.3389/fmed.2022.1018937. eCollection 2022.","Parkash O","Front Med (Lausanne)","2022","2022/11/21","PMC9672666","","10.3389/fmed.2022.1018937"
"36303065","Diagnostic performance of artificial intelligence in multiple sclerosis: a systematic review and meta-analysis","Nabizadeh F, Ramezannezhad E, Kargar A, Sharafi AM, Ghaderi A.","Neurol Sci. 2023 Feb;44(2):499-517. doi: 10.1007/s10072-022-06460-7. Epub 2022 Oct 27.","Nabizadeh F","Neurol Sci","2023","2022/10/27","","","10.1007/s10072-022-06460-7"
"36281129","Diagnostic performance of corona virus disease 2019 chest computer tomography image recognition based on deep learning: Systematic review and meta-analysis","Wang Q, Ma J, Zhang L, Xie L.","Medicine (Baltimore). 2022 Oct 21;101(42):e31346. doi: 10.1097/MD.0000000000031346.","Wang Q","Medicine (Baltimore)","2022","2022/10/25","PMC9592148","","10.1097/MD.0000000000031346"
"35923964","Diagnostic Accuracy of Deep Learning and Radiomics in Lung Cancer Staging: A Systematic Review and Meta-Analysis","Zheng X, He B, Hu Y, Ren M, Chen Z, Zhang Z, Ma J, Ouyang L, Chu H, Gao H, He W, Liu T, Li G.","Front Public Health. 2022 Jul 18;10:938113. doi: 10.3389/fpubh.2022.938113. eCollection 2022.","Zheng X","Front Public Health","2022","2022/08/04","PMC9339706","","10.3389/fpubh.2022.938113"
"35845028","Clinical application and diagnostic accuracy of artificial intelligence in colonoscopy for inflammatory bowel disease: systematic review","Yang LS, Perry E, Shan L, Wilding H, Connell W, Thompson AJ, Taylor ACF, Desmond PV, Holt BA.","Endosc Int Open. 2022 Jul 15;10(7):E1004-E1013. doi: 10.1055/a-1846-0642. eCollection 2022 Jul.","Yang LS","Endosc Int Open","2022","2022/07/18","PMC9286774","","10.1055/a-1846-0642"
"35814747","Diagnostic Accuracy of Artificial Intelligence (AI) to Detect Early Neoplasia in Barrett's Esophagus: A Non-comparative Systematic Review and Meta-Analysis","Tan JL, Chinnaratha MA, Woodman R, Martin R, Chen HT, Carneiro G, Singh R.","Front Med (Lausanne). 2022 Jun 22;9:890720. doi: 10.3389/fmed.2022.890720. eCollection 2022.","Tan JL","Front Med (Lausanne)","2022","2022/07/11","PMC9258946","","10.3389/fmed.2022.890720"
"35793389","Diagnostic accuracy of endoscopic ultrasound with artificial intelligence for gastrointestinal stromal tumors: A meta-analysis","Ye XH, Zhao LL, Wang L.","J Dig Dis. 2022 May;23(5-6):253-261. doi: 10.1111/1751-2980.13110.","Ye XH","J Dig Dis","2022","2022/07/06","","","10.1111/1751-2980.13110"
"35754091","Diagnostic accuracy and potential covariates of artificial intelligence for diagnosing orthopedic fractures: a systematic literature review and meta-analysis","Zhang X, Yang Y, Shen YW, Zhang KR, Jiang ZK, Ma LT, Ding C, Wang BY, Meng Y, Liu H.","Eur Radiol. 2022 Oct;32(10):7196-7216. doi: 10.1007/s00330-022-08956-4. Epub 2022 Jun 27.","Zhang X","Eur Radiol","2022","2022/06/26","","","10.1007/s00330-022-08956-4"
"35685533","Diagnostic Accuracy of Wireless Capsule Endoscopy in Polyp Recognition Using Deep Learning: A Meta-Analysis","Mi J, Han X, Wang R, Ma R, Zhao D.","Int J Clin Pract. 2022 Mar 19;2022:9338139. doi: 10.1155/2022/9338139. eCollection 2022.","Mi J","Int J Clin Pract","2022","2022/06/10","PMC9159236","","10.1155/2022/9338139"
"35527734","Diagnostic Performance of Generative Adversarial Network-Based Deep Learning Methods for Alzheimer's Disease: A Systematic Review and Meta-Analysis","Qu C, Zou Y, Ma Y, Chen Q, Luo J, Fan H, Jia Z, Gong Q, Chen T.","Front Aging Neurosci. 2022 Apr 21;14:841696. doi: 10.3389/fnagi.2022.841696. eCollection 2022.","Qu C","Front Aging Neurosci","2022","2022/05/09","PMC9068970","","10.3389/fnagi.2022.841696"
"35302538","Diagnostic Accuracy of Artificial Intelligence in Glaucoma Screening and Clinical Practice","Chaurasia AK, Greatbatch CJ, Hewitt AW.","J Glaucoma. 2022 May 1;31(5):285-299. doi: 10.1097/IJG.0000000000002015. Epub 2022 Mar 18.","Chaurasia AK","J Glaucoma","2022","2022/03/18","","","10.1097/IJG.0000000000002015"
"35280776","Diagnostic Accuracy of Artificial Intelligence Based on Imaging Data for Preoperative Prediction of Microvascular Invasion in Hepatocellular Carcinoma: A Systematic Review and Meta-Analysis","Zhang J, Huang S, Xu Y, Wu J.","Front Oncol. 2022 Feb 24;12:763842. doi: 10.3389/fonc.2022.763842. eCollection 2022.","Zhang J","Front Oncol","2022","2022/03/14","PMC8907853","","10.3389/fonc.2022.763842"
"35265922","Diagnostic utility of artificial intelligence for left ventricular scar identification using cardiac magnetic resonance imaging-A systematic review","Jathanna N, Podlasek A, Sokol A, Auer D, Chen X, Jamil-Copley S.","Cardiovasc Digit Health J. 2021 Nov 24;2(6 Suppl):S21-S29. doi: 10.1016/j.cvdhj.2021.11.005. eCollection 2021 Dec.","Jathanna N","Cardiovasc Digit Health J","2021","2022/03/10","PMC8890335","","10.1016/j.cvdhj.2021.11.005"
"35186739","The Diagnostic Performance of Machine Learning-Based Radiomics of DCE-MRI in Predicting Axillary Lymph Node Metastasis in Breast Cancer: A Meta-Analysis","Zhang J, Li L, Zhe X, Tang M, Zhang X, Lei X, Zhang L.","Front Oncol. 2022 Feb 4;12:799209. doi: 10.3389/fonc.2022.799209. eCollection 2022.","Zhang J","Front Oncol","2022","2022/02/21","PMC8854258","","10.3389/fonc.2022.799209"
"35025860","Machine learning and deep learning techniques to support clinical diagnosis of arboviral diseases: A systematic review","da Silva Neto SR, Tabosa Oliveira T, Teixeira IV, Aguiar de Oliveira SB, Souza Sampaio V, Lynn T, Endo PT.","PLoS Negl Trop Dis. 2022 Jan 13;16(1):e0010061. doi: 10.1371/journal.pntd.0010061. eCollection 2022 Jan.","da Silva Neto SR","PLoS Negl Trop Dis","2022","2022/01/13","PMC8791518","","10.1371/journal.pntd.0010061"
"34792025","Diagnostic performance of radiomics using machine learning algorithms to predict MGMT promoter methylation status in glioma patients: a meta-analysis","Huang H, Wang FF, Luo S, Chen G, Tang G.","Diagn Interv Radiol. 2021 Nov;27(6):716-724. doi: 10.5152/dir.2021.21153.","Huang H","Diagn Interv Radiol","2021","2021/11/18","PMC8621632","","10.5152/dir.2021.21153"
"34762214","Diagnostic Performance of Artificial Intelligence-Centred Systems in the Diagnosis and Postoperative Surveillance of Upper Gastrointestinal Malignancies Using Computed Tomography Imaging: A Systematic Review and Meta-Analysis of Diagnostic Accuracy","Chidambaram S, Sounderajah V, Maynard N, Markar SR.","Ann Surg Oncol. 2022 Mar;29(3):1977-1990. doi: 10.1245/s10434-021-10882-6. Epub 2021 Nov 11.","Chidambaram S","Ann Surg Oncol","2022","2021/11/11","PMC8810479","","10.1245/s10434-021-10882-6"
"34731343","A meta-analysis of the diagnostic performance of machine learning-based MRI in the prediction of axillary lymph node metastasis in breast cancer patients","Chen C, Qin Y, Chen H, Zhu D, Gao F, Zhou X.","Insights Imaging. 2021 Nov 3;12(1):156. doi: 10.1186/s13244-021-01034-1.","Chen C","Insights Imaging","2021","2021/11/03","PMC8566689","","10.1186/s13244-021-01034-1"
"34672929","Artificial intelligence to aid detection and diagnostic accuracy of mood disorders and predict suicide risk: A systematic review","Edavally S, Miller DD, Youssef NA.","Ann Clin Psychiatry. 2021 Nov;33(4):270-281. doi: 10.12788/acp.0041.","Edavally S","Ann Clin Psychiatry","2021","2021/10/21","","","10.12788/acp.0041"
"34591085","A Hybrid Human-Machine Learning Approach for Screening Prostate Biopsies Can Improve Clinical Efficiency Without Compromising Diagnostic Accuracy","Dov D, Assaad S, Syedibrahim A, Bell J, Huang J, Madden J, Bentley R, McCall S, Henao R, Carin L, Foo WC.","Arch Pathol Lab Med. 2022 Jun 1;146(6):727-734. doi: 10.5858/arpa.2020-0850-OA.","Dov D","Arch Pathol Lab Med","2022","2021/09/30","","","10.5858/arpa.2020-0850-OA"
"34527320","A systematic review and meta-analysis of diagnostic performance and physicians' perceptions of artificial intelligence (AI)-assisted CT diagnostic technology for the classification of pulmonary nodules","Huang G, Wei X, Tang H, Bai F, Lin X, Xue D.","J Thorac Dis. 2021 Aug;13(8):4797-4811. doi: 10.21037/jtd-21-810.","Huang G","J Thorac Dis","2021","2021/09/16","PMC8411165","","10.21037/jtd-21-810"
"34375355","Diagnostic performance of deep-learning-based screening methods for diabetic retinopathy in primary care-A meta-analysis","Wewetzer L, Held LA, Steinhäuser J.","PLoS One. 2021 Aug 10;16(8):e0255034. doi: 10.1371/journal.pone.0255034. eCollection 2021.","Wewetzer L","PLoS One","2021","2021/08/10","PMC8354436","","10.1371/journal.pone.0255034"
"34308341","Diagnostic Accuracy of Machine Learning Models to Identify Congenital Heart Disease: A Meta-Analysis","Hoodbhoy Z, Jiwani U, Sattar S, Salam R, Hasan B, Das JK.","Front Artif Intell. 2021 Jul 8;4:708365. doi: 10.3389/frai.2021.708365. eCollection 2021.","Hoodbhoy Z","Front Artif Intell","2021","2021/07/26","PMC8297386","","10.3389/frai.2021.708365"
"34286831","Chest X-ray Analysis With Deep Learning-Based Software as a Triage Test for Pulmonary Tuberculosis: An Individual Patient Data Meta-Analysis of Diagnostic Accuracy","Tavaziva G, Harris M, Abidi SK, Geric C, Breuninger M, Dheda K, Esmail A, Muyoyeta M, Reither K, Majidulla A, Khan AJ, Campbell JR, David PM, Denkinger C, Miller C, Nathavitharana R, Pai M, Benedetti A, Ahmad Khan F.","Clin Infect Dis. 2022 Apr 28;74(8):1390-1400. doi: 10.1093/cid/ciab639.","Tavaziva G","Clin Infect Dis","2022","2021/07/21","PMC9049274","","10.1093/cid/ciab639"
"34259645","Diagnostic Accuracy of Artificial Intelligence and Computer-Aided Diagnosis for the Detection and Characterization of Colorectal Polyps: Systematic Review and Meta-analysis","Nazarian S, Glover B, Ashrafian H, Darzi A, Teare J.","J Med Internet Res. 2021 Jul 14;23(7):e27370. doi: 10.2196/27370.","Nazarian S","J Med Internet Res","2021","2021/07/14","PMC8319784","","10.2196/27370"
"33977119","The diagnostic accuracy of Artificial Intelligence-Assisted CT imaging in COVID-19 disease: A systematic review and meta-analysis","Moezzi M, Shirbandi K, Shahvandi HK, Arjmand B, Rahim F.","Inform Med Unlocked. 2021;24:100591. doi: 10.1016/j.imu.2021.100591. Epub 2021 May 6.","Moezzi M","Inform Med Unlocked","2021","2021/05/12","PMC8099790","","10.1016/j.imu.2021.100591"
"33958739","Diagnostic accuracy of current machine learning classifiers for age-related macular degeneration: a systematic review and meta-analysis","Cheung R, Chun J, Sheidow T, Motolko M, Malvankar-Mehta MS.","Eye (Lond). 2022 May;36(5):994-1004. doi: 10.1038/s41433-021-01540-y. Epub 2021 May 6.","Cheung R","Eye (Lond)","2022","2021/05/07","PMC9046206","","10.1038/s41433-021-01540-y"
"33828217","Diagnostic accuracy of deep learning in medical imaging: a systematic review and meta-analysis","Aggarwal R, Sounderajah V, Martin G, Ting DSW, Karthikesalingam A, King D, Ashrafian H, Darzi A.","NPJ Digit Med. 2021 Apr 7;4(1):65. doi: 10.1038/s41746-021-00438-z.","Aggarwal R","NPJ Digit Med","2021","2021/04/08","PMC8027892","","10.1038/s41746-021-00438-z"
"33746649","Diagnostic Accuracy of Machine Learning-Based Radiomics in Grading Gliomas: Systematic Review and Meta-Analysis","Sohn CK, Bisdas S.","Contrast Media Mol Imaging. 2020 Dec 18;2020:2127062. doi: 10.1155/2020/2127062. eCollection 2020.","Sohn CK","Contrast Media Mol Imaging","2020","2021/03/22","PMC7952179","","10.1155/2020/2127062"
"33704476","Association of Clinician Diagnostic Performance With Machine Learning-Based Decision Support Systems: A Systematic Review","Vasey B, Ursprung S, Beddoe B, Taylor EH, Marlow N, Bilbro N, Watkinson P, McCulloch P.","JAMA Netw Open. 2021 Mar 1;4(3):e211276. doi: 10.1001/jamanetworkopen.2021.1276.","Vasey B","JAMA Netw Open","2021","2021/03/11","PMC7953308","","10.1001/jamanetworkopen.2021.1276"
"32956803","Diagnostic Performance of Artificial Intelligence for Detection of Anterior Cruciate Ligament and Meniscus Tears: A Systematic Review","Kunze KN, Rossi DM, White GM, Karhade AV, Deng J, Williams BT, Chahla J.","Arthroscopy. 2021 Feb;37(2):771-781. doi: 10.1016/j.arthro.2020.09.012. Epub 2020 Sep 18.","Kunze KN","Arthroscopy","2021","2020/09/21","","","10.1016/j.arthro.2020.09.012"
"32924683","Artificial intelligence-aided decision support in paediatrics clinical diagnosis: development and future prospects","Li Y, Zhang T, Yang Y, Gao Y.","J Int Med Res. 2020 Sep;48(9):300060520945141. doi: 10.1177/0300060520945141.","Li Y","J Int Med Res","2020","2020/09/14","PMC7493240","","10.1177/0300060520945141"
"32591230","Diagnostic accuracy of deep learning in orthopaedic fractures: a systematic review and meta-analysis","Yang S, Yin B, Cao W, Feng C, Fan G, He S.","Clin Radiol. 2020 Sep;75(9):713.e17-713.e28. doi: 10.1016/j.crad.2020.05.021. Epub 2020 Jun 23.","Yang S","Clin Radiol","2020","2020/06/28","","","10.1016/j.crad.2020.05.021"
"32193643","Diagnostic accuracy and potential covariates for machine learning to identify IDH mutations in glioma patients: evidence from a meta-analysis","Zhao J, Huang Y, Song Y, Xie D, Hu M, Qiu H, Chu J.","Eur Radiol. 2020 Aug;30(8):4664-4674. doi: 10.1007/s00330-020-06717-9. Epub 2020 Mar 19.","Zhao J","Eur Radiol","2020","2020/03/21","","","10.1007/s00330-020-06717-9"
"33074628","Artificial Intelligence for Classification of Lung Nodules: A Review of Clinical Utility, Diagnostic Accuracy, Cost-Effectiveness, and Guidelines","Lachance CC, Walter M.","Ottawa (ON): Canadian Agency for Drugs and Technologies in Health; 2020 Jan 22.","Lachance CC","Artificial Intelligence for Classification of Lung Nodules: A Review of Clinical Utility, Diagnostic Accuracy, Cost-Effectiveness, and Guidelines","2020","2020/01/22","","",""
"31479448","A systematic review of the diagnostic accuracy of artificial intelligence-based computer programs to analyze chest x-rays for pulmonary tuberculosis","Harris M, Qi A, Jeagal L, Torabi N, Menzies D, Korobitsyn A, Pai M, Nathavitharana RR, Ahmad Khan F.","PLoS One. 2019 Sep 3;14(9):e0221339. doi: 10.1371/journal.pone.0221339. eCollection 2019.","Harris M","PLoS One","2019","2019/09/04","PMC6719854","","10.1371/journal.pone.0221339"
"31014679","Deep Learning-Based Algorithms in Screening of Diabetic Retinopathy: A Systematic Review of Diagnostic Performance","Nielsen KB, Lautrup ML, Andersen JKH, Savarimuthu TR, Grauslund J.","Ophthalmol Retina. 2019 Apr;3(4):294-304. doi: 10.1016/j.oret.2018.10.014. Epub 2018 Nov 3.","Nielsen KB","Ophthalmol Retina","2019","2019/04/25","","","10.1016/j.oret.2018.10.014"
"30049182","Diagnostic Accuracy of Different Machine Learning Algorithms for Breast Cancer Risk Calculation: a Meta-Analysis","Nindrea RD, Aryandono T, Lazuardi L, Dwiprahasto I.","Asian Pac J Cancer Prev. 2018 Jul 27;19(7):1747-1752. doi: 10.22034/APJCP.2018.19.7.1747.","Nindrea RD","Asian Pac J Cancer Prev","2018","2018/07/28","PMC6165638","","10.22034/APJCP.2018.19.7.1747"
