PMID,Title,Authors,Citation,First Author,Journal/Book,Publication Year,Create Date,PMCID,NIHMS ID,DOI
"42643135","[Artificial intelligence in cardiovascular prevention: a strategic opportunity for risk prediction and early diagnosis]","Giubilato S, Granata LG, Petrina SM.","G Ital Cardiol (Rome). 2026 Sep;27(9):604-614. doi: 10.1714/4755.47724.","Giubilato S","G Ital Cardiol (Rome)","2026","2026/08/26","","","10.1714/4755.47724"
"42641834","Artificial Intelligence-Derived Myocardial Fibrosis on Cardiac Magnetic Resonance for Prognosis in Cardiomyopathy: A Systematic Review of a Sparse Evidence Base","Siddiqi AK, Khan AR, Khan S, Ali KM, Cummings KW, Gotway MB, Jokerst CE, Stib MT, Rojas CA, De Cecco CN, Naeem M.","Curr Probl Cardiol. 2026 Aug 25:103434. doi: 10.1016/j.cpcardiol.2026.103434. Online ahead of print.","Siddiqi AK","Curr Probl Cardiol","2026","2026/08/25","","","10.1016/j.cpcardiol.2026.103434"
"42639157","Artificial intelligence applications in oxaliplatin-based chemotherapy for colon cancer: advancing prognosis, toxicity prediction, and dose personalization","Jammoul D, Ajibuwa F, Jammoul M, Schlosser-Hupf S, Müller M, El-Najjar N.","Front Pharmacol. 2026 Aug 10;17:1784272. doi: 10.3389/fphar.2026.1784272. eCollection 2026.","Jammoul D","Front Pharmacol","2026","2026/08/25","PMC13500912","","10.3389/fphar.2026.1784272"
"42637963","Machine learning for functional outcome prediction after vestibular schwannoma surgery: a systematic review and diagnostic test accuracy meta-analysis","Nischal SA, Patel S, China M, Kale KM, Chai YH, Guru S, Muirhead WR, Grover P.","J Neurooncol. 2026 Aug 24;179(2):52. doi: 10.1007/s11060-026-05747-5.","Nischal SA","J Neurooncol","2026","2026/08/24","","","10.1007/s11060-026-05747-5"
"42632339","Machine learning for precision obstetrics: A comprehensive review of risk prediction models for hypertensive disorders and pregnancy-related syndromes","Xie J, Shi C, Dou L, Peng D, Li L, Xu R, Wu Y.","Pregnancy Hypertens. 2026 Aug 22;45:101506. doi: 10.1016/j.preghy.2026.101506. Online ahead of print.","Xie J","Pregnancy Hypertens","2026","2026/08/22","","","10.1016/j.preghy.2026.101506"
"42614215","Artificial intelligence in osteoporosis screening and fracture risk prediction among aging populations: a bibliometric evidence map","Wang B, Tang S, Tan P, Mi B, Chen W, Gong C, Yang R, Wei Q.","Front Endocrinol (Lausanne). 2026 Aug 4;17:1899276. doi: 10.3389/fendo.2026.1899276. eCollection 2026.","Wang B","Front Endocrinol (Lausanne)","2026","2026/08/19","PMC13481210","","10.3389/fendo.2026.1899276"
"42605286","Artificial Intelligence in Cardiology: Applications in Diagnosis and Risk Prediction","G AS, Kulkarni AV, Sharma CK, Tank BY, Vishwanath K S, Lakhani HA.","Cureus. 2026 Jul 17;18(7):e112841. doi: 10.7759/cureus.112841. eCollection 2026 Jul.","G AS","Cureus","2026","2026/08/17","PMC13477592","","10.7759/cureus.112841"
"42598439","Machine learning and multi-omics technologies for precision cardiovascular medicine: advancing diagnosis, risk prediction, and therapeutic guidance","Dai Y, Wu L, Xue H, Zhou L, Yang Y, Wang X, Lai Y, Tang Y, Huang H, Chen S, Chen Y.","Front Cardiovasc Med. 2026 Aug 13;13:1921962. doi: 10.3389/fcvm.2026.1921962. eCollection 2026.","Dai Y","Front Cardiovasc Med","2026","2026/08/14","PMC13471024","","10.3389/fcvm.2026.1921962"
"42590154","Artificial Intelligence in Cardiovascular Risk Prediction: An Up-to-Date Narrative Review on the Emerging Role of Lipid Profile-Based Models","Piłat P, Dutczak R, Gąsior M, Trzeciak P.","J Clin Med. 2026 Aug 4;15(15):6053. doi: 10.3390/jcm15156053.","Piłat P","J Clin Med","2026","2026/08/13","PMC13467037","","10.3390/jcm15156053"
"42590070","Machine Learning for Risk Stratification in Acute Pancreatitis: Current Evidence and Future Perspectives","Szczerbakow M, Płoński AF, Górski P, Świdnicka-Siergiejko A, Daniluk J.","J Clin Med. 2026 Jul 30;15(15):5967. doi: 10.3390/jcm15155967.","Szczerbakow M","J Clin Med","2026","2026/08/13","PMC13467293","","10.3390/jcm15155967"
"42589990","Early Precise Prediction and Severe Risk Stratification of Intrahepatic Cholestasis of Pregnancy: Advances and Future Directions in Clinical Translation from Traditional Models to Artificial Intelligence and Multi-Omics Technologies","Xu W, Wang M, Li X, Li Y, Wang S, Sun Y.","J Clin Med. 2026 Jul 28;15(15):5887. doi: 10.3390/jcm15155887.","Xu W","J Clin Med","2026","2026/08/13","PMC13466305","","10.3390/jcm15155887"
"42587592","Applications of Machine Learning for Early Diagnosis and Prognosis of Chronic Kidney Disease: Current Evidence","Van de Putte L, Speeckaert MM.","Diagnostics (Basel). 2026 Jul 27;16(15):2354. doi: 10.3390/diagnostics16152354.","Van de Putte L","Diagnostics (Basel)","2026","2026/08/13","PMC13464806","","10.3390/diagnostics16152354"
"42582183","Artificial intelligence in prostate biopsy: diagnostic applications, risk stratification, and precision oncology","Alwahaibi N.","Front Oncol. 2026 Jul 28;16:1915581. doi: 10.3389/fonc.2026.1915581. eCollection 2026.","Alwahaibi N","Front Oncol","2026","2026/08/12","PMC13457058","","10.3389/fonc.2026.1915581"
"42582132","Artificial intelligence vs. dermoscopy for malignancy risk stratification of pigmented skin lesions: a systematic review and meta-analysis for public health","Diao M, Zhu Y, Tang H.","Front Med (Lausanne). 2026 Jul 28;13:1883944. doi: 10.3389/fmed.2026.1883944. eCollection 2026.","Diao M","Front Med (Lausanne)","2026","2026/08/12","PMC13457125","","10.3389/fmed.2026.1883944"
"42580373","Artificial intelligence in cardiovascular imaging and risk stratification: From algorithmic discovery to meaningful clinical implication","Xia X, Khan WU, Khan Q, Zhong C, Khan MS.","Trends Cardiovasc Med. 2026 Aug 11:S1050-1738(26)00104-0. doi: 10.1016/j.tcm.2026.08.005. Online ahead of print.","Xia X","Trends Cardiovasc Med","2026","2026/08/11","","","10.1016/j.tcm.2026.08.005"
"42564037","Artificial intelligence in chronic and autoimmune pancreatitis: diagnosis, prognosis, and personalized management","Xu X, Chen H, Zhang X, Wang X, Ding Y, Wang G, Zhang Z.","Front Med (Lausanne). 2026 Jul 23;13:1859349. doi: 10.3389/fmed.2026.1859349. eCollection 2026.","Xu X","Front Med (Lausanne)","2026","2026/08/07","PMC13441912","","10.3389/fmed.2026.1859349"
"42558445","Transforming endoscopic retrograde cholangiopancreatography: the role of artificial intelligence in pre-operative planning, intraoperative navigation, and post-operative risk prediction","Wang Y, Peng Y, Wang Z, Liu P, Chen Z.","Front Med (Lausanne). 2026 Jul 22;13:1879402. doi: 10.3389/fmed.2026.1879402. eCollection 2026.","Wang Y","Front Med (Lausanne)","2026","2026/08/06","PMC13437472","","10.3389/fmed.2026.1879402"
"42548102","Artificial intelligence-based prognostic modeling in temporomandibular disorders and chronic orofacial pain: a critical conceptual review","Al-Harthy MH.","J Oral Facial Pain Headache. 2026 Jul;40(4):32-51. doi: 10.22514/jofph.2026.049. Epub 2026 Jul 12.","Al-Harthy MH","J Oral Facial Pain Headache","2026","2026/08/04","PMC13434145","","10.22514/jofph.2026.049"
"42539610","Application of deep learning in prognostic prediction of non-small cell lung cancer","Lun X.","Front Cell Dev Biol. 2026 Jul 17;14:1878798. doi: 10.3389/fcell.2026.1878798. eCollection 2026.","Lun X","Front Cell Dev Biol","2026","2026/08/01","PMC13424075","","10.3389/fcell.2026.1878798"
"42537558","Methodological quality and performance of artificial intelligence and machine learning models for preoperative risk prediction in plastic surgery: A systematic review","Kumar AR, Singh S, Ishii M.","J Plast Reconstr Aesthet Surg. 2026 Sep;120:266-279. doi: 10.1016/j.bjps.2026.07.015. Epub 2026 Jul 17.","Kumar AR","J Plast Reconstr Aesthet Surg","2026","2026/07/31","","","10.1016/j.bjps.2026.07.015"
"42525584","The use of artificial intelligence to predict postoperative outcomes following percutaneous nephrolithotomy: A systematic review of prognostic modeling studies","Padooiy Nooshabadi M, Shakiba B, Akbarnataj H, Saniee N.","Urologia. 2026 Jul 29:3915603261467531. doi: 10.1177/03915603261467531. Online ahead of print.","Padooiy Nooshabadi M","Urologia","2026","2026/07/29","","","10.1177/03915603261467531"
"42523910","Diagnostic and prognostic applications of machine learning in paediatric traumatic brain injury: a systematic review of single and multimodal approaches","Nkabinde Z, Laher A, Jarvis D.","Front Neurol. 2026 Jul 14;17:1838137. doi: 10.3389/fneur.2026.1838137. eCollection 2026.","Nkabinde Z","Front Neurol","2026","2026/07/29","PMC13408385","","10.3389/fneur.2026.1838137"
"42520278","Predictive Performance of Artificial Intelligence Models for Stroke Risk Stratification: A Systematic Review and Meta-Analysis","Nopour R.","Inquiry. 2026 Jan-Dec;63:469580261466517. doi: 10.1177/00469580261466517. Epub 2026 Jul 28.","Nopour R","Inquiry","2026","2026/07/28","PMC13420072","","10.1177/00469580261466517"
"42513563","Clinical Positioning and Implementation of a Deep-Learning Retinal Biomarker (Reti-CVD) for Cardiovascular Risk Stratification: A Narrative Review","Rho J, Kang SG, Kim SH, Song SW.","J Clin Med. 2026 Jul 18;15(14):5649. doi: 10.3390/jcm15145649.","Rho J","J Clin Med","2026","2026/07/28","PMC13412995","","10.3390/jcm15145649"
"42513295","Artificial Intelligence and Digital Pathology for Preoperative Lymphovascular Invasion and Metastatic Risk Prediction in Breast Cancer: Bridging the Biopsy-Resection Gap","Alshreef BS, Kariri YA.","J Clin Med. 2026 Jul 9;15(14):5381. doi: 10.3390/jcm15145381.","Alshreef BS","J Clin Med","2026","2026/07/28","PMC13410681","","10.3390/jcm15145381"
"42513240","Artificial Intelligence for Perioperative Risk Prediction and Prevention in Cardiac Surgery: A Narrative Review and Proposed Conceptual Framework","Magouliotis DE, Sicouri S, Androutsopoulou V, Bekiaridou A, Baudo M, Athanasiou T, Xanthopoulos A, Prendergast GC, Ramlawi B.","J Clin Med. 2026 Jul 8;15(14):5325. doi: 10.3390/jcm15145325.","Magouliotis DE","J Clin Med","2026","2026/07/28","PMC13410246","","10.3390/jcm15145325"
"42512797","Artificial Intelligence and Emerging Digital Technologies Across the Stroke Continuum: From Risk Prediction to Real-Time Monitoring and Rapid Response","Gregorini M, Lorusso L, Airoldi L, Stefano MD, Formenti A, Lucchi G, Melzi P, Perego E, Tagliabue E, Tetto A, Vaccaro M.","Medicina (Kaunas). 2026 Jun 29;62(7):1254. doi: 10.3390/medicina62071254.","Gregorini M","Medicina (Kaunas)","2026","2026/07/28","PMC13414251","","10.3390/medicina62071254"
"42512326","Performance of Machine Learning Models for Prognosis Prediction in Oral Cavity Squamous Cell Carcinoma: A Systematic Review","Gao SY, Hughes JM, Nguyen SA, McCaulay BS, Newman JG.","Cancers (Basel). 2026 Jul 14;18(14):2261. doi: 10.3390/cancers18142261.","Gao SY","Cancers (Basel)","2026","2026/07/28","PMC13406284","","10.3390/cancers18142261"
"42510093","Next-Generation Cardiovascular Imaging in Precision Medicine: Integrating Functional Imaging, Artificial Intelligence, Biomarkers, and Personalized Risk Stratification","Siniscalchi C, Basaglia M, Russo V, Di Micco P.","Diagnostics (Basel). 2026 Jul 16;16(14):2230. doi: 10.3390/diagnostics16142230.","Siniscalchi C","Diagnostics (Basel)","2026","2026/07/28","PMC13409434","","10.3390/diagnostics16142230"
"42506073","Artificial Intelligence Models for Mortality and Outcome Prediction in Intensive Care Unit Sepsis: A Systematic Review","Mazza G, Neri G, Mastrangelo H, Russo A, Aquila I, Sacco MA, Ielapi J, Pelaia C, Cannataro M, Lupia C, Serapide F, Longhini F, Bosco V, Caroleo Z, Bruni A, Garofalo E, The Sepsis-Umg Collaborative Group.","J Pers Med. 2026 Jun 25;16(7):346. doi: 10.3390/jpm16070346.","Mazza G","J Pers Med","2026","2026/07/27","PMC13412256","","10.3390/jpm16070346"
"42483695","Artificial Intelligence Versus Conventional Methods for NCCN Risk Stratification in Localized Prostate Cancer (2020-2025): A Systematic Review","Hassan WA, Meligy OAE, Talaat IM.","Prostate Cancer. 2026 Jul 21;2026:9923959. doi: 10.1155/proc/9923959. eCollection 2026.","Hassan WA","Prostate Cancer","2026","2026/07/22","PMC13386475","","10.1155/proc/9923959"
"42478714","Machine learning applications in Huntington's disease prognosis: A review","Abu Zohair LM, Andriessen R, Mahmoud N, Khalid M, Zantout H, Vallejo M.","J Huntingtons Dis. 2026 Jul 21:18796397261468824. doi: 10.1177/18796397261468824. Online ahead of print.","Abu Zohair LM","J Huntingtons Dis","2026","2026/07/21","","","10.1177/18796397261468824"
"42478081","Machine learning models for injury risk prediction in football players: A systematic review of predictors, performance, practical applications, and limitations","Aslani M, Zarei M, Yaghoubitajani Z, Malekahmadi A.","J Int Med Res. 2026 Jul;54(7):3000605261469442. doi: 10.1177/03000605261469442. Epub 2026 Jul 20.","Aslani M","J Int Med Res","2026","2026/07/21","PMC13389111","","10.1177/03000605261469442"
"42471621","A scoping review on artificial intelligence-based tools for cardiovascular disease risk prediction","Pai S, Subramanian R, Krishnan L, John D, Subramanya T, Kinra S, Kaur P.","BMC Med Inform Decis Mak. 2026 Jul 18. doi: 10.1186/s12911-026-03699-4. Online ahead of print.","Pai S","BMC Med Inform Decis Mak","2026","2026/07/18","","","10.1186/s12911-026-03699-4"
"42461868","Prognostic Clinical Predictive Models for Dental Caries Using Artificial Intelligence: Methodological Considerations","Uribe SE, Carrasco-Labra A, Schwendicke F, Maldupa I.","Caries Res. 2026 Jul 16:1-16. doi: 10.1159/000553309. Online ahead of print.","Uribe SE","Caries Res","2026","2026/07/16","PMC13485288","","10.1159/000553309"
"42452670","Artificial Intelligence for Radiographic Diagnosis of Peri-Implantitis: A Comprehensive Review on Detection, Measurement, and Risk Stratification","Fanelli F, Tisci A, Lo Muzio L, Troiano G, Caponio VCA, Dioguardi M, Zhurakivska K.","J Clin Med. 2026 Jul 3;15(13):5210. doi: 10.3390/jcm15135210.","Fanelli F","J Clin Med","2026","2026/07/15","PMC13363319","","10.3390/jcm15135210"
"42452616","Artificial Intelligence in Recurrent Pregnancy Loss: From Risk Prediction to ART Translation","Inoue D.","J Clin Med. 2026 Jul 2;15(13):5157. doi: 10.3390/jcm15135157.","Inoue D","J Clin Med","2026","2026/07/15","PMC13362822","","10.3390/jcm15135157"
"42449831","From Electrocardiography to the Catheterization Laboratory: A Multimodal Artificial Intelligence Framework for Acute Coronary Syndrome Detection and Risk Stratification","Tomala M, Kłaczyński M.","Diagnostics (Basel). 2026 Jun 30;16(13):2046. doi: 10.3390/diagnostics16132046.","Tomala M","Diagnostics (Basel)","2026","2026/07/15","PMC13359760","","10.3390/diagnostics16132046"
"42447951","The role of artificial intelligence in equine colic: A scoping review of diagnostic, prognostic, and decision-support applications","Gao Y, Luo Z, Dong Z, Li S.","Vet J. 2026 Aug;318:106781. doi: 10.1016/j.tvjl.2026.106781. Epub 2026 Jul 14.","Gao Y","Vet J","2026","2026/07/14","","","10.1016/j.tvjl.2026.106781"
"42407287","Artificial intelligence for outcome prediction in burn care: A scoping review","Ahn J, Ahn J, Herron J.","Burns. 2026 Jun 20;52(8):108121. doi: 10.1016/j.burns.2026.108121. Online ahead of print.","Ahn J","Burns","2026","2026/07/06","","","10.1016/j.burns.2026.108121"
"42404222","Radiomics and deep learning in upper tract urothelial carcinoma: advancing preoperative risk stratification and clinical decision-making","Zhang Y, Wu G, Sun F, Wang B, Guo Y, Wu J.","Front Oncol. 2026 Jun 19;16:1838755. doi: 10.3389/fonc.2026.1838755. eCollection 2026.","Zhang Y","Front Oncol","2026","2026/07/06","PMC13327913","","10.3389/fonc.2026.1838755"
"42397100","The role of artificial intelligence in the diagnosis, risk stratification, and treatment of heart failure: A narrative review","Resch J, Lelonek M.","Adv Clin Exp Med. 2026 Jul 3. doi: 10.17219/acem/218578. Online ahead of print.","Resch J","Adv Clin Exp Med","2026","2026/07/03","","","10.17219/acem/218578"
"42395685","Artificial intelligence in chronic kidney disease: Early detection, risk prediction, and personalized treatment strategies","Eskandar K.","World J Nephrol. 2026 Jun 25;15(2):117719. doi: 10.5527/wjn.v15.i2.117719.","Eskandar K","World J Nephrol","2026","2026/07/03","PMC13324581","","10.5527/wjn.v15.i2.117719"
"42395225","Artificial Intelligence for Prognostic Modelling and Adaptive Treatment Monitoring in Radiation Oncology","Chidrawar K, Toor SK, Gupta S, Khalkho VM, Anand A, Yc P.","Cureus. 2026 Jun 2;18(6):e110105. doi: 10.7759/cureus.110105. eCollection 2026 Jun.","Chidrawar K","Cureus","2026","2026/07/03","PMC13325595","","10.7759/cureus.110105"
"42391744","A review of Alzheimer's disease diagnosis and prognosis models based on multimodal deep learning","Xin Y, Sheng J, Wang L.","Rev Neurosci. 2026 Jul 6. doi: 10.1515/revneuro-2026-0063. Online ahead of print.","Xin Y","Rev Neurosci","2026","2026/07/02","","","10.1515/revneuro-2026-0063"
"42375884","Artificial Intelligence in Clinical Decision-Making: A Comprehensive Review of Diagnostic, Prognostic, and Therapeutic Applications, Validation Gaps, Bias, and Deployment Challenges","Patil SS, Jha GK, Mohsin N, Patel P, Ralte L, Shukla AK.","Cureus. 2026 May 29;18(5):e109905. doi: 10.7759/cureus.109905. eCollection 2026 May.","Patil SS","Cureus","2026","2026/06/30","PMC13311414","","10.7759/cureus.109905"
"42369007","Artificial intelligence for infection surveillance, risk stratification, and antimicrobial decision support in acute-care hospitals: a scoping review","Mustafa MH, Abu-Mahfouz MS, Saleh SA, Almagharbeh WT, Alturaiki SM, El Arab RA.","Front Artif Intell. 2026 Jun 12;9:1859410. doi: 10.3389/frai.2026.1859410. eCollection 2026.","Mustafa MH","Front Artif Intell","2026","2026/06/29","PMC13303925","","10.3389/frai.2026.1859410"
"42367541","Artificial Intelligence-Assisted Endoscopic Ultrasound-Guided Ablation of Pancreatic Neuroendocrine Tumors: Toward Precision Diagnosis, Risk Stratification, and Personalized Therapy","Salman A, Elewa A, Safina A, Marwan A.","Cureus. 2026 May 27;18(5):e109721. doi: 10.7759/cureus.109721. eCollection 2026 May.","Salman A","Cureus","2026","2026/06/29","PMC13306662","","10.7759/cureus.109721"
"42360458","Deep learning in acute ischemic stroke imaging: a systematic review of CT- and MRI-based segmentation, triage, and prognostic modeling","Kunduracioglu I, Ince S, Bayram B, Kilicarslan S, Veziroglu E, Pacal I.","Neuroradiology. 2026 Jun 26. doi: 10.1007/s00234-026-04095-5. Online ahead of print.","Kunduracioglu I","Neuroradiology","2026","2026/06/26","","","10.1007/s00234-026-04095-5"
"42355615","Artificial Intelligence in Spine Neuroimaging: Diagnostic and Prognostic Utility of Novel Biomarkers in Lower Back Pain","Stefanou D, Moschovaki-Zeiger O, Charalampopoulos G, Arkoudis NA, Efthymiou E, Velonakis G, Kelekis N, Filippiadis DK.","J Clin Med. 2026 Jun 9;15(12):4447. doi: 10.3390/jcm15124447.","Stefanou D","J Clin Med","2026","2026/06/26","PMC13300810","","10.3390/jcm15124447"
"42351854","Artificial Intelligence Applications in Implant Positioning, Dislocation Risk Prediction, and Surgical Indications in Orthopaedic Surgery","Gherghe ME, Grigore AG, Timofticiuc IA, Moise AE, Andrei CA, Dragosloveanu S, Nedelea DG, Pulik Ł, Anghel C, Scheau C, Cergan R.","Bioengineering (Basel). 2026 May 23;13(6):610. doi: 10.3390/bioengineering13060610.","Gherghe ME","Bioengineering (Basel)","2026","2026/06/26","PMC13296034","","10.3390/bioengineering13060610"
"42350824","Artificial Intelligence Approaches for Osteoporotic Fracture Risk Prediction Using Administrative Health Data: A Systematic Review","Hansen BB, Leth KW, Hansen NR, Abrahamsen B, Fuggle NR, Brønd JC, Rubin KH.","Calcif Tissue Int. 2026 Jun 26;117(1):103. doi: 10.1007/s00223-026-01563-1.","Hansen BB","Calcif Tissue Int","2026","2026/06/25","PMC13303480","","10.1007/s00223-026-01563-1"
"42350211","Artificial intelligence applications in thrombotic thrombocytopenic Purpura: A systematic review of diagnostic, risk stratification, and prognostic models","Al-Kuwari HM, Al-Hamed D, Al-Balushi A, Al-Abdulla G, Al-Ajmi H, Al-Sheraim A, Yassin M.","Blood Rev. 2026 Jun 23:101414. doi: 10.1016/j.blre.2026.101414. Online ahead of print.","Al-Kuwari HM","Blood Rev","2026","2026/06/25","","","10.1016/j.blre.2026.101414"
"42346871","MRI-Based Radiomics and Artificial Intelligence for Prediction of Recurrence and Prognostic Outcomes in Oral Tongue Squamous Cell Carcinoma: A Systematic Review with Functional Meta-Synthesis","Ardila CM, Pineda-Vélez E, Vivares-Builes AM, Díaz-Laclaustra AI.","Med Sci (Basel). 2026 Jun 19;14(2):332. doi: 10.3390/medsci14020332.","Ardila CM","Med Sci (Basel)","2026","2026/06/25","PMC13302954","","10.3390/medsci14020332"
"42339496","Artificial Intelligence for Osteoporosis Diagnosis, Risk Prediction and Therapy: Current Advances, Clinical Challenges, and Future Perspectives","Zhang Z, He Y, Mo Z, Zhang P, Tian Z, Huang L.","Clin Interv Aging. 2026 Jun 18;21:607232. doi: 10.2147/CIA.S607232. eCollection 2026.","Zhang Z","Clin Interv Aging","2026","2026/06/24","PMC13285743","","10.2147/CIA.S607232"
"42337654","Early risk prediction in endometrial cancer using biomarker and machine learning models: a systematic review and meta-analysis protocol","Giri P, Saroj RK.","Syst Rev. 2026 Jun 24. doi: 10.1186/s13643-026-03248-0. Online ahead of print.","Giri P","Syst Rev","2026","2026/06/24","","","10.1186/s13643-026-03248-0"
"42336353","Machine Learning-Based Prognostic Models for Functional Outcomes in Spinal Cord Injury: Systematic Review","Liu Y, Meng X, Ding Y, Yao R, Xu S.","JMIR Med Inform. 2026 Jun 23;14:e84980. doi: 10.2196/84980.","Liu Y","JMIR Med Inform","2026","2026/06/23","PMC13342815","","10.2196/84980"
"42335527","Diagnostic accuracy of artificial intelligence models for seizure outcome prediction after epilepsy surgery: A systematic review and meta-analysis","Raccagni NG, Laguardia S, Piccioni A, Bochicchio FF, Bernasconi DP, d'Orio P.","Epilepsy Res. 2026 Jun 19;226:107855. doi: 10.1016/j.eplepsyres.2026.107855. Online ahead of print.","Raccagni NG","Epilepsy Res","2026","2026/06/23","","","10.1016/j.eplepsyres.2026.107855"
"42331228","Integrating artificial intelligence and machine learning into risk prediction for type 2 diabetes: A model for early identification of high-risk populations","Chilu Kuri KA, Viola V, Pozzilli P.","Diabetes Res Clin Pract. 2026 Aug;238:113389. doi: 10.1016/j.diabres.2026.113389. Epub 2026 Jun 22.","Chilu Kuri KA","Diabetes Res Clin Pract","2026","2026/06/22","","","10.1016/j.diabres.2026.113389"
"42319049","Liver Transplantation in the Era of Artificial Intelligence: Surgical Innovation, Risk Stratification, and Patient-centred Care","Patti AN, Mugada VK, Boddu D, Boddeda BVMK, Yarguntla SR.","Prague Med Rep. 2026;127(2):69-80. doi: 10.14712/23362936.2026.11.","Patti AN","Prague Med Rep","2026","2026/06/19","","","10.14712/23362936.2026.11"
"42313224","Research progress and challenges of multimodal deep learning models for prognosis of gastric cancer","Bo Y, Hongyi C, Hao L.","Discov Oncol. 2026 Jun 18. doi: 10.1007/s12672-026-05431-0. Online ahead of print.","Bo Y","Discov Oncol","2026","2026/06/18","","","10.1007/s12672-026-05431-0"
"42294337","Artificial intelligence in transarterial chemoembolization for hepatocellular carcinoma: from treatment response prediction to refractoriness assessment","Ma X, Wang J, Li H.","Front Oncol. 2026 May 29;16:1822689. doi: 10.3389/fonc.2026.1822689. eCollection 2026.","Ma X","Front Oncol","2026","2026/06/15","PMC13259820","","10.3389/fonc.2026.1822689"
"42294322","Emerging applications of artificial intelligence for risk stratification in head and neck cancer: a scoping review","Concha Fernández V, González Garcés M, Cárdenas Montoya J, Torres Torres MA, Hernández Rincón EH.","Front Oncol. 2026 May 28;16:1803391. doi: 10.3389/fonc.2026.1803391. eCollection 2026.","Concha Fernández V","Front Oncol","2026","2026/06/15","PMC13253478","","10.3389/fonc.2026.1803391"
"42287460","Toward causal artificial intelligence for biologic treatment response in rheumatoid arthritis: current evidence and future directions","Bedaiwi M.","Rheumatol Int. 2026 Jun 13;46(7):149. doi: 10.1007/s00296-026-06156-7.","Bedaiwi M","Rheumatol Int","2026","2026/06/13","","","10.1007/s00296-026-06156-7"
"42285048","Application Value of Radiomics-Based Machine Learning for Preoperative Risk Stratification of Bladder Cancer: Systematic Review and Meta-Analysis","He Z, Liu Y, Jiang Q, Hou F, Xu B.","J Med Internet Res. 2026 Jun 12;28:e81084. doi: 10.2196/81084.","He Z","J Med Internet Res","2026","2026/06/12","PMC13263024","","10.2196/81084"
"42274161","From Molecules to Machines: An Integrative Framework Linking Molecular Pathogenesis, Multi-Factorial Risk, Risk Stratification, Clinical Management, and Artificial Intelligence in QT Prolongation and Sudden Cardiac Death","Farjam M, Yazdanpanah MH, Fereydouni N.","Clin Cardiol. 2026 Jun;49(6):e70370. doi: 10.1002/clc.70370.","Farjam M","Clin Cardiol","2026","2026/06/11","PMC13255155","","10.1002/clc.70370"
"42274067","Review Article | Artificial Intelligence Applications in Prognosis and Treatment of Neuro-oncology: A review","Al-Rahbi A, Al-Habsi T, Al-Saadi T.","Gulf J Oncolog. 2026 Jan;1(50):70-86.","Al-Rahbi A","Gulf J Oncolog","2026","2026/06/11","","",""
"42255239","Applications of artificial intelligence and machine learning models in the prognosis and diagnosis of ovarian cancer","Khodeer DM, Ukozehasi C, Alaseem AM, Abdelmonem SM.","Front Oncol. 2026 May 22;16:1743601. doi: 10.3389/fonc.2026.1743601. eCollection 2026.","Khodeer DM","Front Oncol","2026","2026/06/08","PMC13236674","","10.3389/fonc.2026.1743601"
"42254870","Artificial Intelligence in Pelvic Fracture Diagnosis and Outcome Prediction: A Systematic Review and Meta-analysis","Wang KJ, Abbas A, Schemitsch GW, Raleigh M, Lex JR, Felice H, Nousiainen M, Whyne C, Ravi B, Koucheki R.","Mayo Clin Proc Digit Health. 2026 Apr 25;4(2):100367. doi: 10.1016/j.mcpdig.2026.100367. eCollection 2026 Jun.","Wang KJ","Mayo Clin Proc Digit Health","2026","2026/06/08","PMC13241727","","10.1016/j.mcpdig.2026.100367"
"42246131","Advancement of deep learning models with whole slide image in diagnosis, subtyping and prognosis for glioma","Gui K, Li Q, Xie Z, Zhan T, Long X, Yang G, Luo K, Liu H.","Prog Biomed Eng (Bristol). 2026 Jun 17;8(3). doi: 10.1088/2516-1091/ae7860.","Gui K","Prog Biomed Eng (Bristol)","2026","2026/06/05","","","10.1088/2516-1091/ae7860"
"42243041","Reply to Kristoffer Mazanti Cold, Lars Konge, and Sarah Hjartbro Bube's Letter to the Editor re. Roessler N, Miszczyk M, Miyajima K, et al. Harnessing Artificial Intelligence for Risk Stratification and Outcome Prediction in Urologic Cancers: A Systematic Review. Eur Urol Focus. In press. http://dx.doi.org/10.1016/j.euf.2025.12.007","Roessler N, Miszczyk M, Rajwa P, Shariat SF.","Eur Urol Focus. 2026 Jun 4:S2405-4569(26)00090-8. doi: 10.1016/j.euf.2026.05.020. Online ahead of print.","Roessler N","Eur Urol Focus","2026","2026/06/04","","","10.1016/j.euf.2026.05.020"
"42242899","Diagnostic performance of machine learning models versus established risk stratification for intracranial aneurysm rupture: a systematic review and bivariate meta-analysis","Patel S, Nischal SA, Chai YH, Mendonca A, Kale KM, Castiglione J, Patel P, Gooch R, Tjoumakaris SI, Jabbour P.","J Neurol Neurosurg Psychiatry. 2026 Jun 4:jnnp-2026-338867. doi: 10.1136/jnnp-2026-338867. Online ahead of print.","Patel S","J Neurol Neurosurg Psychiatry","2026","2026/06/04","","","10.1136/jnnp-2026-338867"
"42235829","How machine learning applied on fMRI could improve the prognosis of the post-traumatic stress disorder: A systematic review","Peyvandi A, Pigoni A, Anastasi A, Nosari G, Borghi L, Vegni E, Brambilla P, Delvecchio G.","J Affect Disord. 2026 Nov 1;412:122054. doi: 10.1016/j.jad.2026.122054. Epub 2026 Jun 2.","Peyvandi A","J Affect Disord","2026","2026/06/03","","","10.1016/j.jad.2026.122054"
"42210444","Utility of artificial intelligence for the diagnosis, prognosis, and management of central serous chorioretinopathy: a narrative review","Fernández-Vigo JI, Valverde-Megías A, Burgos-Blasco B, de Moura Ramos JJ, Ly-Yang F.","Int J Retina Vitreous. 2026 May 28;12(1):101. doi: 10.1186/s40942-026-00867-6.","Fernández-Vigo JI","Int J Retina Vitreous","2026","2026/05/29","PMC13411760","","10.1186/s40942-026-00867-6"
"42203611","Re: Navid Roessler, Marcin Miszczyk, Keiichiro Miyajima, et al. Harnessing Artificial Intelligence for Risk Stratification and Outcome Prediction in Urologic Cancers: A Systematic Review. Eur Urol Focus 2025; S2405-4569(25)00362-1. In press. http://dx.doi.org/10.1016/j.euf.2025.12.007","Cold KM, Konge L, Bube SH.","Eur Urol Focus. 2026 May 27:S2405-4569(26)00079-9. doi: 10.1016/j.euf.2026.04.019. Online ahead of print.","Cold KM","Eur Urol Focus","2026","2026/05/27","","","10.1016/j.euf.2026.04.019"
"42199989","Recent advancements in the application of artificial intelligence-based approaches for screening, diagnosis, prognosis and treatment of cervical cancer","Tulimilli SV, Karnik M, Cockroft S, Bettadapura ADS, Nataraj SM, Mohideen HS, Dovat S, Sharma A, Madhunapantula SV.","Oncol Rev. 2026 May 11;20:1760156. doi: 10.3389/or.2026.1760156. eCollection 2026.","Tulimilli SV","Oncol Rev","2026","2026/05/27","PMC13199244","","10.3389/or.2026.1760156"
"42196910","Machine Learning Applications for Risk Stratification in Heart Failure with Preserved Ejection Fraction: A New Era in Cardiology","Rajab BS.","Diagnostics (Basel). 2026 May 19;16(10):1545. doi: 10.3390/diagnostics16101545.","Rajab BS","Diagnostics (Basel)","2026","2026/05/27","PMC13205302","","10.3390/diagnostics16101545"
"42196828","Artificial Intelligence-Based Risk Stratification in Obesity Care: From Diagnosis to Personalised Treatment Pathways","Wójcik S, Tomaszewska M, Rulkiewicz A.","Diagnostics (Basel). 2026 May 11;16(10):1461. doi: 10.3390/diagnostics16101461.","Wójcik S","Diagnostics (Basel)","2026","2026/05/27","PMC13206304","","10.3390/diagnostics16101461"
"42188703","The Role of Artificial Intelligence in the Characterization and Outcome Prediction of Prostate Cancer: A Systematic Review","Aljoudi S, Khan A, Dajani I, Al-Ani M, Mina M, Baroudi D, Al-Saffar S, Aouadi S, Torfeh T, Hammoud R, Al Hammadi N, Yousef MS.","Tomography. 2026 Apr 28;12(5):62. doi: 10.3390/tomography12050062.","Aljoudi S","Tomography","2026","2026/05/26","PMC13210923","","10.3390/tomography12050062"
"42181635","Correction: A systematic review of multimodal machine learning models for heart failure classification and prognosis prediction","Hoang MT, Chen Y, Slabaugh G, Aung N.","Front Cardiovasc Med. 2026 May 7;13:1863542. doi: 10.3389/fcvm.2026.1863542. eCollection 2026.","Hoang MT","Front Cardiovasc Med","2026","2026/05/25","PMC13191626","","10.3389/fcvm.2026.1863542"
"42176597","Advancing stroke prevention in atrial fibrillation: a systematic review of machine learning-based risk prediction models","Islam MM, Nkemdirim Okere A.","Int J Med Inform. 2026 Sep 1;217:106504. doi: 10.1016/j.ijmedinf.2026.106504. Epub 2026 May 22.","Islam MM","Int J Med Inform","2026","2026/05/23","","","10.1016/j.ijmedinf.2026.106504"
"42174493","Deep learning in the diagnosis, staging, and prognosis of osteonecrosis of the femoral head: a systematic review","Zamani E, Samiei S, Zamani S, Zandi R, Manafi-Rasi A.","BMC Musculoskelet Disord. 2026 May 23;27(1):724. doi: 10.1186/s12891-026-09926-3.","Zamani E","BMC Musculoskelet Disord","2026","2026/05/23","PMC13501843","","10.1186/s12891-026-09926-3"
"42161114","Early diagnosis and risk stratification of aortic stenosis using artificial intelligence applied to echocardiography: scoping review","Malagón Tarqui GE, García JV, Hernández Rincón EH.","Int J Med Inform. 2026 Sep 1;217:106487. doi: 10.1016/j.ijmedinf.2026.106487. Epub 2026 May 18.","Malagón Tarqui GE","Int J Med Inform","2026","2026/05/20","","","10.1016/j.ijmedinf.2026.106487"
"42146867","Applications of artificial intelligence and computational approaches to imaging for hypertension identification, phenotyping, and outcome prediction: a systematic review","Alkhodari M, Sattwika PD, Cutler HR, Milner G, Kart T, Hadjileontiadis LJ, Khandoker AH, Lewandowski AJ, Lapidaire W, Banerjee A, Leeson P.","Eur Heart J Digit Health. 2026 Apr 20;7(4):ztag063. doi: 10.1093/ehjdh/ztag063. eCollection 2026 May.","Alkhodari M","Eur Heart J Digit Health","2026","2026/05/18","PMC13175042","","10.1093/ehjdh/ztag063"
"42134981","Machine learning models for outcome prediction of patients with ischaemic stroke undergoing reperfusion therapy: a systematic review and meta-analysis","He S, Gao Y, Tan Q, An Y, Zhu G, Lin Y, Zhang M, Mao F, Deng H, Chen X, Chen K, Hao J, Yang J, Wang X.","Stroke Vasc Neurol. 2026 May 14:svn-2025-004020. doi: 10.1136/svn-2025-004020. Online ahead of print.","He S","Stroke Vasc Neurol","2026","2026/05/14","","","10.1136/svn-2025-004020"
"42119064","Methodological Approaches to and Reported Performance of Applications of Automated Machine Learning in Diabetes Risk Prediction: Rapid Review","Castonguay A, Hegg-Deloye S, Chatton A, Goyette A.","JMIR AI. 2026 May 12;5:e87819. doi: 10.2196/87819.","Castonguay A","JMIR AI","2026","2026/05/12","PMC13167060","","10.2196/87819"
"42118349","Artificial Intelligence in Physical, Occupational and Neuro-Rehabilitation: Clinical Effectiveness, Prognostic Performance, and Pre-Implementation Feasibility - A Systematic Review","El Arab RA, Al Moosa OA, Almagharbeh WT, Abuadas F, Abdalla N, Abdrbo A, Hassanein S.","J Med Syst. 2026 May 12;50(1):78. doi: 10.1007/s10916-026-02400-6.","El Arab RA","J Med Syst","2026","2026/05/12","","","10.1007/s10916-026-02400-6"
"42116857","Artificial Intelligence Applications in Pneumonia: Diagnosis and Outcome Prediction","Zhu M, Bak MJ, Gao CA.","Curr Pulmonol Rep. 2026;15(1):12. doi: 10.1007/s13665-026-00411-9. Epub 2026 May 9.","Zhu M","Curr Pulmonol Rep","2026","2026/05/12","PMC13157457","","10.1007/s13665-026-00411-9"
"42099930","Artificial intelligence in fundus photography for type 2 diabetes: a scoping review of systemic biomarkers and multi-organ risk prediction","Huang L, Lu H, Yang M, Liu Y, Han Wang M, Zhang K.","Front Digit Health. 2026 Apr 22;8:1768780. doi: 10.3389/fdgth.2026.1768780. eCollection 2026.","Huang L","Front Digit Health","2026","2026/05/08","PMC13144078","","10.3389/fdgth.2026.1768780"
"42099391","Advancements in artificial intelligence for cancer diagnosis and prognosis prediction: current applications and emerging opportunities","Shi Q, Lou N, Xue C.","Front Cell Dev Biol. 2026 Apr 22;14:1769097. doi: 10.3389/fcell.2026.1769097. eCollection 2026.","Shi Q","Front Cell Dev Biol","2026","2026/05/08","PMC13144042","","10.3389/fcell.2026.1769097"
"42092425","Artificial Intelligence-Based Prognostic Models for Postoperative Outcomes in Vitreoretinal Surgery: A Systematic Review and Meta-Analysis","Al-Ani A, Connors L, Mikhail D, Alkhawaja M, Yang L, Ambikkumar A, Punja K, Costello F, Gooi P, Munro M.","Ophthalmol Retina. 2026 May 4:S2468-6530(26)00184-3. doi: 10.1016/j.oret.2026.04.022. Online ahead of print.","Al-Ani A","Ophthalmol Retina","2026","2026/05/07","","","10.1016/j.oret.2026.04.022"
"42088798","Machine Learning Applied to Proteomic, Metabolomic, and Multi-Omics Biomarkers for the Diagnosis and Risk Stratification of Heart Failure With Preserved Ejection Fraction (HFpEF): A Systematic Review","Alsaafin Q, Riyaz A, Monishka F, Manesha F, Sandesh F, Qadeer A, Tashfeen S.","Cureus. 2026 Apr 3;18(4):e106415. doi: 10.7759/cureus.106415. eCollection 2026 Apr.","Alsaafin Q","Cureus","2026","2026/05/06","PMC13136775","","10.7759/cureus.106415"
"42084132","Artificial Intelligence in Trauma Care: A Systematic Review on Resuscitation, Diagnosis, Risk Prediction, and Management","","J Trauma Nurs. 2026 May-Jun 01;33(3):e5. doi: 10.1097/JTN.0000000000000924.","","J Trauma Nurs","2026","2026/05/05","","","10.1097/JTN.0000000000000924"
"42073581","The Role of Artificial Intelligence in Prognosis, Recurrence Prediction, and Treatment Outcomes in Laryngeal Cancer: A Systematic Review","Al-Hakami HA, Abdullah IA, Almutairi NS, Aldawsari RR, Alluqmani GA, Fallatah HA, Alsulami YS, Alasiri EM, Alsufyani RD, Alorabi RA, Aldainiy RM.","Cancers (Basel). 2026 Apr 16;18(8):1257. doi: 10.3390/cancers18081257.","Al-Hakami HA","Cancers (Basel)","2026","2026/05/04","PMC13114419","","10.3390/cancers18081257"
"42072784","Women's Cardiovascular Disease and Stroke Risk Stratification Using a Precision and Personalized Framework Embedded with an Explainable Artificial Intelligence Paradigm: A Narrative Review","Tiwari E, Shrimankar D, Maindarkar M, Saba L, Suri JS.","Diagnostics (Basel). 2026 Apr 14;16(8):1158. doi: 10.3390/diagnostics16081158.","Tiwari E","Diagnostics (Basel)","2026","2026/05/04","PMC13115047","","10.3390/diagnostics16081158"
"42064860","A systematic review of multimodal machine learning models for heart failure classification and prognosis prediction","Hoang MT, Aung N, Chen Y, Slabaugh G.","Front Cardiovasc Med. 2026 Apr 15;13:1770869. doi: 10.3389/fcvm.2026.1770869. eCollection 2026.","Hoang MT","Front Cardiovasc Med","2026","2026/05/01","PMC13126653","","10.3389/fcvm.2026.1770869"
"42064005","Prognostic modeling in head and neck cancer: deep learning or handcrafted radiomics?","Gouthamchand V, Fonseca LAF, Hoebers FJP, Fijten R, Dekker A, Wee L, Thomas T HM.","BJR Artif Intell. 2025 Jul 15;2(1):ubaf008. doi: 10.1093/bjrai/ubaf008. eCollection 2025 Jan.","Gouthamchand V","BJR Artif Intell","2025","2026/05/01","PMC13045703","","10.1093/bjrai/ubaf008"
"42022355","MRI-based qualitative, quantitative, and radiomics/deep learning methods for assessing treatment response after neoadjuvant chemoradiotherapy in patients with locally advanced rectal cancer","Chen S, Liu L, Tian G, Chai R.","Precis Radiat Oncol. 2026 Mar 4;10(1):102-115. doi: 10.1002/pro6.70055. eCollection 2026 Mar.","Chen S","Precis Radiat Oncol","2026","2026/04/23","PMC13097691","","10.1002/pro6.70055"
"42015736","Artificial intelligence and wearable sensors in sports injury risk prediction: current status and future perspectives","Dong G, Tan X, Yuan P, Li Y.","Ann Med. 2026 Dec;58(1):2658879. doi: 10.1080/07853890.2026.2658879. Epub 2026 Apr 22.","Dong G","Ann Med","2026","2026/04/22","PMC13104011","","10.1080/07853890.2026.2658879"
"42010734","Traditional statistics and artificial intelligence-based prognostic models for predicting type 2 diabetes mellitus after gestational diabetes: a systematic review","Yimer NB, Belsti Y, Seifu BL, Goldstein R, Teede H, Enticott J.","Diagn Progn Res. 2026 Apr 20;10(1):12. doi: 10.1186/s41512-026-00229-8.","Yimer NB","Diagn Progn Res","2026","2026/04/21","PMC13094168","","10.1186/s41512-026-00229-8"
"42007253","Artificial intelligence-based prognostic models in acute myeloid leukemia: systematic review and meta-analysis","Zhang X, Xiao N, Du S, Anipindi M, Lee CH, Yoshino T, Anand A, Xiao L, Kumar A.","Blood Neoplasia. 2026 Mar 10;3(2):100217. doi: 10.1016/j.bneo.2026.100217. eCollection 2026 May.","Zhang X","Blood Neoplasia","2026","2026/04/20","PMC13091435","","10.1016/j.bneo.2026.100217"
"42000259","Machine Learning for Cardiovascular Risk Prediction: A Practical Primer for Clinicians","Sritharan HP, Nguyen H, Allahwala UK, Bhindi R.","Heart Lung Circ. 2026 May;35(5):598-605. doi: 10.1016/j.hlc.2026.01.006. Epub 2026 Apr 17.","Sritharan HP","Heart Lung Circ","2026","2026/04/18","","","10.1016/j.hlc.2026.01.006"
"41999415","Imaging-based machine learning for the diagnosis and prognosis of uveal melanoma: a systematic review and meta analysis","Bravo-Gonzalez A, Dominguez-Ruiz P, Buitrago-Gonzalez MJ, Bach B, Chen Z, Suarez D, Arruda MP, Lima RV, Del Valle GS, Zinher MT, de Menezes E Souza Filho CE, Salazar PF.","Graefes Arch Clin Exp Ophthalmol. 2026 Aug;264(8):2329-2342. doi: 10.1007/s00417-026-07230-3. Epub 2026 Apr 18.","Bravo-Gonzalez A","Graefes Arch Clin Exp Ophthalmol","2026","2026/04/18","PMC13490244","","10.1007/s00417-026-07230-3"
"41996287","Artificial Intelligence in Trauma Care: A Systematic Review of Resuscitation, Diagnosis, Risk Prediction, and Management","Prashar S, Nasef Y, Brown A, Nishida C, Rogers LS, Bundschu I, Zagales R, Kata A, Elkbuli A.","J Trauma Nurs. 2026 May-Jun 01;33(3):160-180. doi: 10.1097/JTN.0000000000000920. Epub 2026 Apr 17.","Prashar S","J Trauma Nurs","2026","2026/04/17","","","10.1097/JTN.0000000000000920"
"41989565","Artificial intelligence in hepatocellular carcinoma: imaging-based subtyping and prediction of treatment response and prognosis","El Homsi M, Sabottke C, Singh C, Harmath C, Spieler B.","Abdom Radiol (NY). 2026 Apr 16. doi: 10.1007/s00261-026-05520-2. Online ahead of print.","El Homsi M","Abdom Radiol (NY)","2026","2026/04/16","","","10.1007/s00261-026-05520-2"
"41985563","Accuracy of deep learning for risk prediction and screening of diabetic foot Ulcers: A systematic review and meta-analysis","Zhao T, Yu J, Deng R, Ding L, Li X, Mi J.","Diabetes Res Clin Pract. 2026 Jun;236:113262. doi: 10.1016/j.diabres.2026.113262. Epub 2026 Apr 13.","Zhao T","Diabetes Res Clin Pract","2026","2026/04/15","","","10.1016/j.diabres.2026.113262"
"41977376","Integrating Blood-Based Immune-Inflammation Biomarkers into Artificial Intelligence-Driven Prognostic Models in Oncology","Dobrowolska-Szumowska A, Kamocki ZK, Mierzejewska ŻA.","Int J Mol Sci. 2026 Mar 31;27(7):3192. doi: 10.3390/ijms27073192.","Dobrowolska-Szumowska A","Int J Mol Sci","2026","2026/04/14","PMC13072866","","10.3390/ijms27073192"
"41976406","Integrating Artificial Intelligence into Breast Cancer Histopathology: Toward Improved Diagnosis and Prognosis","Faa G, Lai E, Cau F, Coghe F, Rugge M, Suri JS, Codipietro C, Congiu B, Graziano S, Tiwari E, Pretta A, Ziranu P, Scartozzi M, Fraschini M.","Cancers (Basel). 2026 Apr 7;18(7):1184. doi: 10.3390/cancers18071184.","Faa G","Cancers (Basel)","2026","2026/04/14","PMC13071972","","10.3390/cancers18071184"
"41975677","Artificial Intelligence CT Texture Radiomics for Outcome Prediction After EVAR: A Narrative Review","Zanon C, Chiariello GA, D'Angelo T, Quaia E.","Diagnostics (Basel). 2026 Mar 24;16(7):964. doi: 10.3390/diagnostics16070964.","Zanon C","Diagnostics (Basel)","2026","2026/04/14","PMC13072350","","10.3390/diagnostics16070964"
"41975141","Complexity-Aware Artificial Intelligence in Metabolic Bariatric Surgery: Beyond Static Risk Prediction","Pantelis AG.","Obes Surg. 2026 May;36(5):2644-2651. doi: 10.1007/s11695-026-08666-6. Epub 2026 Apr 14.","Pantelis AG","Obes Surg","2026","2026/04/13","","","10.1007/s11695-026-08666-6"
"41973342","Risk prediction in spine surgery: a scoping review of traditional models, artificial intelligence, and the challenge of clinical translation","Salman S, Phadke R, Kumar R, Momin A, Tavakkoli A.","Spine Deform. 2026 Apr 13. doi: 10.1007/s43390-026-01365-3. Online ahead of print.","Salman S","Spine Deform","2026","2026/04/13","","","10.1007/s43390-026-01365-3"
"41973309","Artificial Intelligence and its Current Role in Clinical Outcome Prediction, Musculoskeletal Imaging, and Economic and Ethical Considerations within Orthopedics and Sports Medicine","O'Malley E, Soth B, Capitano A, Bensa A, Eskew J, Dancy M, Nwachukwu B.","Curr Rev Musculoskelet Med. 2026 Apr 13;19(1):33. doi: 10.1007/s12178-026-10019-w.","O'Malley E","Curr Rev Musculoskelet Med","2026","2026/04/13","PMC13076830","","10.1007/s12178-026-10019-w"
"41969672","Machine learning approaches for risk prediction in aortic dissection: a systematic review and meta-analysis","Mao Y, Liu Q, Fan H, Wang X.","Front Cardiovasc Med. 2026 Mar 26;13:1777734. doi: 10.3389/fcvm.2026.1777734. eCollection 2026.","Mao Y","Front Cardiovasc Med","2026","2026/04/13","PMC13062221","","10.3389/fcvm.2026.1777734"
"41963934","Application of artificial intelligence in lung cancer diagnosis, therapy, and prognosis","Wang J, Tian R, Liu J, Duan S, Zhang Y, Guo S.","BMC Med Genomics. 2026 Apr 10;19(1):85. doi: 10.1186/s12920-026-02360-3.","Wang J","BMC Med Genomics","2026","2026/04/10","PMC13191993","","10.1186/s12920-026-02360-3"
"41941969","Machine learning for frailty assessment and outcome prediction in cardiovascular disease: A scoping review","Quach J, Theou O, Maxwell S, Abidi SSR, Song X, Rockwood K, Kehler DS.","Ageing Res Rev. 2026 Jun;118:103122. doi: 10.1016/j.arr.2026.103122. Epub 2026 Apr 5.","Quach J","Ageing Res Rev","2026","2026/04/06","","","10.1016/j.arr.2026.103122"
"41939694","Artificial Intelligence for Cardiovascular Risk Prediction: An Umbrella Review of Applications and Translational Challenges","Parizad R, Hatwal J, Brar A, Desai R, Batta A, Mohan B.","Vasc Health Risk Manag. 2026 Mar 28;22:590502. doi: 10.2147/VHRM.S590502. eCollection 2026.","Parizad R","Vasc Health Risk Manag","2026","2026/04/06","PMC13044801","","10.2147/VHRM.S590502"
"41939092","The role of artificial intelligence in early detection and risk prediction of ischemic heart disease","Azami P, Kojuri J, Razeghian-Jahromi I.","Ann Med Surg (Lond). 2026 Mar 26;88(4):2585-2598. doi: 10.1097/MS9.0000000000004812. eCollection 2026 Apr.","Azami P","Ann Med Surg (Lond)","2026","2026/04/06","PMC13048651","","10.1097/MS9.0000000000004812"
"41930554","Artificial intelligence in oral oncology: Current advances and future potential in diagnosis, prognosis, and therapeutic decision-making","Annamalai A, Dhanes V, Jayalakshmi L, Shanmugam R, Ravi S.","Cancer Treat Res Commun. 2026;47:101193. doi: 10.1016/j.ctarc.2026.101193. Epub 2026 Mar 27.","Annamalai A","Cancer Treat Res Commun","2026","2026/04/03","","","10.1016/j.ctarc.2026.101193"
"41908330","The transformative role of artificial intelligence in gestational diabetes mellitus: advancements in screening, management, and long-term outcome prediction","Taheri Z, Tajdari M, Ghadikolaei YH, Eftekhari H, Dodangeh S, Jamshidi P, Andarzbakhsh K, Rezazadeh A.","J Diabetes Metab Disord. 2026 Mar 27;25(1):120. doi: 10.1007/s40200-025-01817-z. eCollection 2026 Jun.","Taheri Z","J Diabetes Metab Disord","2026","2026/03/30","PMC13031679","","10.1007/s40200-025-01817-z"
"41898151","Artificial Intelligence in the Diagnosis and Prognostic Stratification of Hepatocellular Carcinoma: Current Evidence, Clinical Applications, and Future Perspectives","Pfahl EL, Pracha NS, Emlemdi MH, Le PD, Makary MS.","Biomedicines. 2026 Feb 25;14(3):505. doi: 10.3390/biomedicines14030505.","Pfahl EL","Biomedicines","2026","2026/03/28","PMC13024463","","10.3390/biomedicines14030505"
"41893934","Innovations In Artificial Intelligence-Guided Atherosclerosis Cardiovascular Imaging: From Detection to Prognosis","Cramer SHM, Danad I, Knaapen P, Nurmohamed NS, Choi AD.","Curr Atheroscler Rep. 2026 Mar 27;28(1):33. doi: 10.1007/s11883-026-01403-5.","Cramer SHM","Curr Atheroscler Rep","2026","2026/03/27","","","10.1007/s11883-026-01403-5"
"41888711","Machine learning in the diagnosis and prognosis of transient ischaemic attack: a systematic review","Desor K, Elmewafy A, Jamileh E, Jalal Eldin A, Antoun I.","BMC Neurol. 2026 Mar 26;26(1):299. doi: 10.1186/s12883-026-04834-4.","Desor K","BMC Neurol","2026","2026/03/27","PMC13141325","","10.1186/s12883-026-04834-4"
"41888601","Artificial intelligence for early detection and risk prediction of antimicrobial resistance in aquatic ecosystems","Calero-Cáceres W, Tavella RA, Sellera FP, Balcazar JL, Rodriguez-Manzano J, Cayô R, Lincopan N, Gales AC, Schenkman S, Ruan Z, Stehling EG, Furlan JPR.","NPJ Antimicrob Resist. 2026 Mar 26;4(1):20. doi: 10.1038/s44259-026-00192-w.","Calero-Cáceres W","NPJ Antimicrob Resist","2026","2026/03/27","PMC13022334","","10.1038/s44259-026-00192-w"
"41878089","Reshaping Precision Cancer Pain Management with Multimodal Artificial Intelligence: A Review on Subtyping and Treatment Response Prediction","Wang X, Tang X, Wei C, Xu J, Sun K, Zhou G.","J Pain Res. 2026 Feb 2;19:570481. doi: 10.2147/JPR.S570481. eCollection 2026.","Wang X","J Pain Res","2026","2026/03/25","PMC13008120","","10.2147/JPR.S570481"
"41873348","Machine Learning-Based Depression Risk Prediction Models for Older Adults Analyzing From the Perspective of the Health Ecology Model: A Scoping Review","Yang J, Hao X, Sang X, Jiang E, Zhang X.","Neuropsychiatr Dis Treat. 2026 Mar 18;22:594239. doi: 10.2147/NDT.S594239. eCollection 2026.","Yang J","Neuropsychiatr Dis Treat","2026","2026/03/24","PMC13006027","","10.2147/NDT.S594239"
"41868868","Machine learning in predicting treatment response and remission in inflammatory bowel disease: a systematic review","Malik S, Redij R, Dahiya DS, Niu C, Adler DG.","Ann Gastroenterol. 2026 Mar-Apr;39(2):247-253. doi: 10.20524/aog.2026.1041. Epub 2026 Feb 12.","Malik S","Ann Gastroenterol","2026","2026/03/23","PMC13004820","","10.20524/aog.2026.1041"
"41868101","Artificial intelligence-based miRNA analysis for precision oncology: diagnostic and prognostic insights","Zehra T, Koopaie M, Fatima N, Rashid G, Hasan I, Siddiqui Z.","Front Mol Biosci. 2026 Mar 5;13:1749586. doi: 10.3389/fmolb.2026.1749586. eCollection 2026.","Zehra T","Front Mol Biosci","2026","2026/03/23","PMC13001116","","10.3389/fmolb.2026.1749586"
"41860183","SERS Meets Artificial Intelligence: A New Frontier in Cancer Diagnosis and Prognosis","Huda NU, Bari RZA, Javed MA, Kiani MN, Jin Y.","Anal Chem. 2026 Mar 31;98(12):8757-8780. doi: 10.1021/acs.analchem.6c00874. Epub 2026 Mar 20.","Huda NU","Anal Chem","2026","2026/03/20","","","10.1021/acs.analchem.6c00874"
"41849672","Artificial Intelligence for Predicting Treatment Response in Patients With Anxiety Disorders After Cognitive Behavioral Therapy: Systematic Review and Meta-Analysis","Liu J, Wang J, Wu Z, Adam Assim MISB.","J Med Internet Res. 2026 Mar 18;28:e86079. doi: 10.2196/86079.","Liu J","J Med Internet Res","2026","2026/03/18","PMC12998711","","10.2196/86079"
"41845312","Effectiveness of machine learning for diagnosis and prognostic prediction of congenital heart disease: a systematic review and meta-analysis","Wan W, Luo T, Zhang X, Guo C, Wang X.","BMC Pediatr. 2026 Mar 17;26(1):367. doi: 10.1186/s12887-026-06711-y.","Wan W","BMC Pediatr","2026","2026/03/18","PMC13107785","","10.1186/s12887-026-06711-y"
"41844000","Systematic review of Artificial Intelligence-based methods for glycemic control and risk prediction in intensive care units","Sarwar MA, Damaševičius R, Belousovienė E, Maskeliūnas R.","Artif Intell Med. 2026 Jun;176:103409. doi: 10.1016/j.artmed.2026.103409. Epub 2026 Mar 12.","Sarwar MA","Artif Intell Med","2026","2026/03/17","","","10.1016/j.artmed.2026.103409"
"41838300","Artificial Intelligence-enhanced Electrocardiography for Heart Failure Screening and Risk Stratification","Dhingra LS, Croon PM, Batinica B, Aminorroaya A, Pedroso AF, Khera R.","Curr Heart Fail Rep. 2026 Mar 16;23(1):10. doi: 10.1007/s11897-026-00748-x.","Dhingra LS","Curr Heart Fail Rep","2026","2026/03/16","","","10.1007/s11897-026-00748-x"
"41832461","Artificial intelligence in the diagnosis and prognosis of ocular trauma: a systematic review","Dolatabadi ZA, Foodani MN, Farkhad MF, Golvardi-Yazdi F.","BMC Ophthalmol. 2026 Mar 14;26(1):131. doi: 10.1186/s12886-026-04688-x.","Dolatabadi ZA","BMC Ophthalmol","2026","2026/03/15","PMC12990504","","10.1186/s12886-026-04688-x"
"41827947","Artificial Intelligence in Triple-Negative Breast Cancer: Applications in Diagnosis, Treatment Response, and Prognosis","Fu Z, Huo X, Jing AB, Ma J, Rauch GM.","Diagnostics (Basel). 2026 Feb 26;16(5):671. doi: 10.3390/diagnostics16050671.","Fu Z","Diagnostics (Basel)","2026","2026/03/14","PMC12984993","","10.3390/diagnostics16050671"
"41827742","Artificial Intelligence for RECIST-Based Radiologic Treatment Response Assessment in Solid Tumors: A Systematic Review of Imaging- and Report-Derived Approaches","Leszczyńska A, Seweryn M, Obuchowicz R, Strzelecki M, Piórkowski A, Potocki PM.","Cancers (Basel). 2026 Mar 2;18(5):808. doi: 10.3390/cancers18050808.","Leszczyńska A","Cancers (Basel)","2026","2026/03/14","PMC12984241","","10.3390/cancers18050808"
"41817044","Machine Learning-Based Risk Prediction Models for Pregnancy-Related Syndromes","Wu Y.","Birth Defects Res. 2026 Mar;118(3):e70038. doi: 10.1002/bdr2.70038.","Wu Y","Birth Defects Res","2026","2026/03/12","","","10.1002/bdr2.70038"
"41808793","Artificial intelligence for prostate cancer detection and risk stratification using transrectal ultrasound: a narrative review","Zhang Q, Zhou C, Chen Y, Luo Y.","Gland Surg. 2026 Feb 28;15(2):52. doi: 10.21037/gs-2025-aw-504. Epub 2026 Feb 11.","Zhang Q","Gland Surg","2026","2026/03/11","PMC12968903","","10.21037/gs-2025-aw-504"
"41800500","Artificial intelligence in urological malignancy diagnosis and prognosis: current status and future prospects","Zhan M, Zhou Z, Zhang J, Wang X, Li C, Pan B, Luo Z, Shi W, Wang Y, Li M, Wang W, Shi R, Zhu J.","Can J Urol. 2026 Feb 28;33(1):35-49. doi: 10.32604/cju.2026.076084.","Zhan M","Can J Urol","2026","2026/03/09","","","10.32604/cju.2026.076084"
"41790327","Artificial intelligence for venous thromboembolism risk stratification in surgical patients: a systematic review","Shah K, Gadelrab M, Brennan EA, Westfal ML, Donahue CA, Gaizo JD, Kilic A, Curran T.","J Thromb Thrombolysis. 2026 Jun;59(5):1298-1312. doi: 10.1007/s11239-026-03257-9. Epub 2026 Mar 6.","Shah K","J Thromb Thrombolysis","2026","2026/03/06","PMC13331843","","10.1007/s11239-026-03257-9"
"41790300","Artificial Intelligence and Machine Learning Applications in Fibromuscular Dysplasia: Transforming Diagnosis, Risk Stratification, and Clinical Decision-Making","Hamza A, Faiz M, Iftikhar A, Badal B, Qamar S, Ali E, Usman M, Talha M, Un Nisa N, Mujtaba A, Butt A, Talat NF, Ashraf A.","J Cardiovasc Transl Res. 2026 Mar 6;19(1):35. doi: 10.1007/s12265-026-10760-0.","Hamza A","J Cardiovasc Transl Res","2026","2026/03/06","","","10.1007/s12265-026-10760-0"
"41764510","Machine learning for predictive risk stratification in recurrent miscarriage: a systematic review","Imani M, Sadeghi-Nodoushan F, Heydari S, Dehghani-Sanij S, Fesahat F.","BMC Med Inform Decis Mak. 2026 Feb 28;26(1):113. doi: 10.1186/s12911-026-03395-3.","Imani M","BMC Med Inform Decis Mak","2026","2026/03/01","PMC13059374","","10.1186/s12911-026-03395-3"
"41752638","Machine Learning-Driven Risk Prediction Models for Posthepatectomy Liver Failure: A Narrative Review","Margaris I, Papadoliopoulou M, Foukas PG, Festas K, Fotiadou A, Papalois AE, Arkadopoulos N, Hatzaras I.","Medicina (Kaunas). 2026 Jan 23;62(2):237. doi: 10.3390/medicina62020237.","Margaris I","Medicina (Kaunas)","2026","2026/02/27","PMC12942370","","10.3390/medicina62020237"
"41739311","Multimodal artificial intelligence for enhanced skin cancer diagnosis and prognosis","Karnwal A, Selvaraj M, Kumar G, Kumar A, Al-Tawaha ARMS, Aqueel-Ur-Rehman, Nesterova N.","Discov Oncol. 2026 Feb 25;17(1):515. doi: 10.1007/s12672-026-04532-0.","Karnwal A","Discov Oncol","2026","2026/02/25","PMC13038710","","10.1007/s12672-026-04532-0"
"41719779","From pixels to prognosis: A QUADAS-2-Guided systematic review and meta-analysis of deep learning segmentation for DLBCL in PET and PET/CT","Keshavarz S, Saeedzadeh E, Arabi H, Sardari D, Jenabi-Haghparast E, Dadgar H.","Cancer Treat Res Commun. 2026;47:101144. doi: 10.1016/j.ctarc.2026.101144. Epub 2026 Feb 16.","Keshavarz S","Cancer Treat Res Commun","2026","2026/02/20","","","10.1016/j.ctarc.2026.101144"
"41711384","Machine Learning for Predicting Stroke Risk Stratification Using Multiomics Data: Systematic Review","Yoo HY, Shin H, Kim EJ, Son YJ.","J Med Internet Res. 2026 Feb 19;28:e85654. doi: 10.2196/85654.","Yoo HY","J Med Internet Res","2026","2026/02/19","PMC12963974","","10.2196/85654"
"41693978","Deep learning techniques for using computed tomography imaging for hepatocellular carcinoma diagnosis, treatment and prognosis","Chen Y, Zhang Q, Zhang MY.","World J Gastroenterol. 2026 Feb 7;32(5):113592. doi: 10.3748/wjg.v32.i5.113592.","Chen Y","World J Gastroenterol","2026","2026/02/16","PMC12897516","","10.3748/wjg.v32.i5.113592"
"41680684","Artificial intelligence for lung cancer: a systematic review of head‑to‑head CT, FDG PET/CT, and multimodal models across screening, staging, and prognosis","Eftekharian M, Hashemi Z.","BMC Med Imaging. 2026 Feb 12;26(1):141. doi: 10.1186/s12880-026-02222-5.","Eftekharian M","BMC Med Imaging","2026","2026/02/12","PMC12997901","","10.1186/s12880-026-02222-5"
"41678069","Artificial intelligence in surgical planning and outcome prediction for obstructive sleep apnea: emerging hype or the future standard?","Chowdhury R, Hussain S, Semsar-Kazerooni K, Orishchak O, Capasso R.","J Clin Sleep Med. 2025 Dec 22;22(1):8. doi: 10.1007/s44470-025-00018-y.","Chowdhury R","J Clin Sleep Med","2025","2026/02/12","PMC12995066","","10.1007/s44470-025-00018-y"
"41676817","Artificial Intelligence in Cerebrovascular Imaging: A Targeted Review of Aneurysm Detection and Rupture Risk Prediction","Le D.","JMA J. 2026 Jan 15;9(1):58-67. doi: 10.31662/jmaj.2025-0327. Epub 2025 Dec 12.","Le D","JMA J","2026","2026/02/12","PMC12889001","","10.31662/jmaj.2025-0327"
"41666303","Artificial Intelligence Models to Predict Recurrence Risk Prediction in Early-Stage Non-Small Cell Lung Cancer: A Systematic Review","Yang Y, He H, Yu C, Sardari Nia P.","Eur J Cardiothorac Surg. 2026 Feb 5;68(2):ezag072. doi: 10.1093/ejcts/ezag072.","Yang Y","Eur J Cardiothorac Surg","2026","2026/02/10","","","10.1093/ejcts/ezag072"
"41660451","A machine learning-based risk prediction tool for early identification of invasive pulmonary aspergillosis in immunocompetent patients: a systematic review and meta-analysis","Liu F, Wang Z, Wu H, Hai Y, Chen W, Yang Y, Yang Y, Zhu J.","J Thorac Dis. 2026 Jan 31;18(1):20. doi: 10.21037/jtd-2025-aw-2135. Epub 2026 Jan 27.","Liu F","J Thorac Dis","2026","2026/02/09","PMC12876012","","10.21037/jtd-2025-aw-2135"
"41656155","Risk prediction in IgA nephropathy: from conventional models to machine learning, deep learning, and precision nephrology","Xu H, Ge S.","Ren Fail. 2026 Dec;48(1):2613606. doi: 10.1080/0886022X.2026.2613606. Epub 2026 Feb 8.","Xu H","Ren Fail","2026","2026/02/08","PMC12885032","","10.1080/0886022X.2026.2613606"
"41654807","Application of machine learning for the diagnosis and prognosis of sepsis-induced acute respiratory distress syndrome: a systematic review and meta-analysis","Dai M, Wu R, Zhou K, Xu Z, Shao Y, Zhou W, Zhang D, Chen M.","BMC Med Inform Decis Mak. 2026 Feb 7;26(1):70. doi: 10.1186/s12911-026-03356-w.","Dai M","BMC Med Inform Decis Mak","2026","2026/02/07","PMC12977525","","10.1186/s12911-026-03356-w"
"41630071","Machine learning-based COVID-19 prognostic models lag behind in reporting quality: findings from a TRIPOD/TRIPOD + AI systematic review","Partheniadis I, Talimtzi P, Nikolakopoulou A, Haidich AB.","Diagn Progn Res. 2026 Feb 3;10(1):3. doi: 10.1186/s41512-026-00218-x.","Partheniadis I","Diagn Progn Res","2026","2026/02/03","PMC12866346","","10.1186/s41512-026-00218-x"
"41624750","The role of artificial intelligence in burn assessment, complication diagnosis, and outcome prediction: a narrative review","Bhattachan P, Ricciuti Z, Khalaf F, Jeschke MG.","Burns Trauma. 2025 Oct 30;14:tkaf071. doi: 10.1093/burnst/tkaf071. eCollection 2026.","Bhattachan P","Burns Trauma","2025","2026/02/02","PMC12860198","","10.1093/burnst/tkaf071"
"41619047","Artificial intelligence-enabled clinical decision support systems in preadmission testing: a scoping review of risk prediction, triage, and perioperative workflows (2020-2025)","Chinn LW, Nemeh I, Chinn NR.","J Clin Monit Comput. 2026 Apr;40(2):525-545. doi: 10.1007/s10877-025-01404-w. Epub 2026 Jan 31.","Chinn LW","J Clin Monit Comput","2026","2026/01/31","PMC13053387","","10.1007/s10877-025-01404-w"
"41618456","Prognostic value of machine learning for brain computed tomography as a predictor of neurologic outcomes after cardiac arrest: a systematic review and meta-analysis","Yoo KH, Lee J, Kim W, Kim B, Chin EJ, Kim JG, Choi HY, Oh J.","Scand J Trauma Resusc Emerg Med. 2026 Jan 30;34(1):48. doi: 10.1186/s13049-026-01565-w.","Yoo KH","Scand J Trauma Resusc Emerg Med","2026","2026/01/31","PMC12931003","","10.1186/s13049-026-01565-w"
"41617521","The artificial intelligence driven on the development of diabetic retinopathy prognostic scoring tool among type 2 diabetes mellitus patients: A review","Teruna MMS, Razak TR, Yasin SM, Ali AAR, Isa MR.","Med J Malaysia. 2026 Jan;81(1):158-162.","Teruna MMS","Med J Malaysia","2026","2026/01/30","","",""
"41614064","Transparency of reporting and methodological conduct of prognostic and diagnostic clinical prediction models developed using machine learning in total shoulder arthroplasty: A systematic review and critical appraisal","Shanmugaraj A, Khalid B, Kumar MV, Kunze KN, Sheth U.","Shoulder Elbow. 2026 Jan 27:17585732251412368. doi: 10.1177/17585732251412368. Online ahead of print.","Shanmugaraj A","Shoulder Elbow","2026","2026/01/30","PMC12846907","","10.1177/17585732251412368"
"41612111","Handcrafted vs. Deep Radiomics vs. Fusion vs. Deep Learning: A Comprehensive Review of Machine Learning -Based Cancer Outcome Prediction in PET and SPECT Imaging","Salmanpour MR, Mehrnia SS, Jabarzadeh Ghandilu S, Safahi Z, Falahati S, Taeb S, Mousavi G, Maghsudi M, Shariftabrizi A, Hacihaliloglu I, Rahmim A.","J Imaging Inform Med. 2026 Jan 29. doi: 10.1007/s10278-025-01804-z. Online ahead of print.","Salmanpour MR","J Imaging Inform Med","2026","2026/01/29","","","10.1007/s10278-025-01804-z"
"41588335","Evaluation of machine learning models for stroke risk prediction in atrial fibrillation: a systematic review and meta-analysis","Taebi M, Arvin A, Azarboo A, Behnoush AH, Momenzadeh M, Fallahtafti P, Humayun Z, Tajdini M.","BMC Cardiovasc Disord. 2026 Jan 26;26(1):457. doi: 10.1186/s12872-026-05508-2.","Taebi M","BMC Cardiovasc Disord","2026","2026/01/26","PMC13224541","","10.1186/s12872-026-05508-2"
"41584783","Machine Learning and Abdominal Aortic Aneurysm: A New Paradigm in Prediction and Prognosis after Endovascular Aneurysm Repair","Nishibe T, Iwasa T, Fukuda S, Nakajima T, Shimura S, Nishibe M, Dardik A.","Ann Vasc Dis. 2026;19(1):25-00120. doi: 10.3400/avd.ra.25-00120. Epub 2026 Jan 20.","Nishibe T","Ann Vasc Dis","2026","2026/01/26","PMC12826844","","10.3400/avd.ra.25-00120"
"41577884","A scoping review of artificial intelligence applications in meningioma from image analysis to prognostic prediction","Xu N, Ma W, Dong W, Yin B.","Discov Oncol. 2026 Jan 23;17(1):319. doi: 10.1007/s12672-026-04476-5.","Xu N","Discov Oncol","2026","2026/01/23","PMC12909632","","10.1007/s12672-026-04476-5"
"41568507","Hybrid Deep Learning Framework for Continuous Blood Glucose Monitoring and Gestational Diabetes Risk Prediction","Chanumolu KK, Nagamani GM, Hemalatha GM.","Curr Diabetes Rev. 2026;22(8):e15733998380389. doi: 10.2174/0115733998380389251111041618.","Chanumolu KK","Curr Diabetes Rev","2026","2026/01/22","","","10.2174/0115733998380389251111041618"
"41553631","Diagnostic and prognostic performance of artificial intelligence and radiomics in ankylosing spondylitis: a systematic review and meta-analysis","Wang L, Wang S, Yang X, Zhao Y, Zhang F, Wu Z, Zhao X.","J Robot Surg. 2026 Jan 19;20(1):193. doi: 10.1007/s11701-025-03125-3.","Wang L","J Robot Surg","2026","2026/01/19","","","10.1007/s11701-025-03125-3"
"41550126","Efficacy and comparative performance of machine learning models for stroke risk prediction in hypertensive patients: A systematic review and meta-analysis","Eini P, Rezayee M, Kassulke M, Tremblay J.","Int J Cardiol Cardiovasc Risk Prev. 2025 Dec 15;28:200564. doi: 10.1016/j.ijcrp.2025.200564. eCollection 2026 Mar.","Eini P","Int J Cardiol Cardiovasc Risk Prev","2025","2026/01/19","PMC12811527","","10.1016/j.ijcrp.2025.200564"
"41533149","[Artificial intelligence in risk stratification of acute coronary syndrome : Future vision or already reality?]","Büscher A, Plagwitz L, Blaschke J, Heider D, Eckardt L.","Herz. 2026 Mar;51(2):92-99. doi: 10.1007/s00059-025-05360-8. Epub 2026 Jan 14.","Büscher A","Herz","2026","2026/01/14","","","10.1007/s00059-025-05360-8"
"41531344","Artificial intelligence in the diagnosis and prognosis of pediatric bacterial pneumonia: current advances and challenges","Ye Y, Zhou W.","Curr Opin Pediatr. 2026 Apr 1;38(2):149-154. doi: 10.1097/MOP.0000000000001545. Epub 2026 Jan 13.","Ye Y","Curr Opin Pediatr","2026","2026/01/14","PMC12978716","","10.1097/MOP.0000000000001545"
"41514540","Using Artificial Intelligence as a Risk Prediction Model in Patients with Equivocal Multiparametric Prostate MRI Findings","Al-Khanaty A, Hennes D, Guduguntla A, Guerrero P, Delgado C, Dinneen E, Mazzone E, Appu S, Bolton D, Eapen RS, Murphy DG, Lawrentschuk N, Perera ML.","Cancers (Basel). 2025 Dec 21;18(1):28. doi: 10.3390/cancers18010028.","Al-Khanaty A","Cancers (Basel)","2025","2026/01/10","PMC12784955","","10.3390/cancers18010028"
"41506794","Artificial Intelligence in the Diagnosis, Treatment, and Prognosis of Hypopharyngeal Carcinoma: A Scoping Review","Zhang Y.","Clin Med Res. 2025 Dec 1;23(4):151-164. doi: 10.3121/cmr.2025.1961.","Zhang Y","Clin Med Res","2025","2026/01/08","PMC12782118","","10.3121/cmr.2025.1961"
"41501990","Current state of mammography-based artificial intelligence for future breast cancer risk prediction: a systematic review","Lowry KP, Jeong HE, Kim KH, Hughes KS, Lee CI, Yala A, Kerlikowske K, Vachon CM.","J Natl Cancer Inst. 2026 Mar 1;118(3):392-403. doi: 10.1093/jnci/djag002.","Lowry KP","J Natl Cancer Inst","2026","2026/01/08","PMC13383095","NIHMS2190084","10.1093/jnci/djag002"
"41500171","Artificial intelligence (AI) uses in stereotactic radiosurgery (SRS): outcome prediction with brain metastasis (BM) - A systematic review","Desai SP, Hori YS, Kattaa AH, Izhar M, Lam FC, Abu Reesh D, Tayag A, Ustrzynski L, Emrich SC, Gu X, Park DJ, Chang SD.","J Clin Neurosci. 2026 Mar;145:111854. doi: 10.1016/j.jocn.2026.111854. Epub 2026 Jan 6.","Desai SP","J Clin Neurosci","2026","2026/01/07","","","10.1016/j.jocn.2026.111854"
"41483979","Artificial intelligence in diagnostic, prognostic, and predictive genomic biomarkers for prostate cancer: Ready for prime time?","Bazarkin A, Taratkin M, Vovdenko S, Androsov A, Balashova M, Morozov A, Itskevich A, Laukhtina E, Bezrukov E, Singla N, Rapoport L, Shpot E, Glybochko P.","Urol Oncol. 2026 Mar;44(3):110965. doi: 10.1016/j.urolonc.2025.12.001. Epub 2026 Jan 2.","Bazarkin A","Urol Oncol","2026","2026/01/03","","","10.1016/j.urolonc.2025.12.001"
"41479788","The place of advanced machine learning techniques in building pancreatic adenocarcinoma survival and recurrence prognosis models","Avram MF, Lazăr DC, Mariş MI, Cucui-Cozma AŞ, Murariu MS.","Front Oncol. 2025 Dec 17;15:1727806. doi: 10.3389/fonc.2025.1727806. eCollection 2025.","Avram MF","Front Oncol","2025","2026/01/02","PMC12753320","","10.3389/fonc.2025.1727806"
"41478443","Artificial Intelligence as a Prognostic Tool in Cardiac Amyloidosis: A Review","Kong D, Capustin M, Ho M, Choi J, Stern DL, Hadley M, Finkielstein D.","Am J Cardiol. 2026 Mar 1;262:75-82. doi: 10.1016/j.amjcard.2025.12.018. Epub 2025 Dec 30.","Kong D","Am J Cardiol","2026","2026/01/01","","","10.1016/j.amjcard.2025.12.018"
"41472345","Artificial Intelligence Applications in the Diagnosis, Treatment, and Prognosis of Hepatocellular Carcinoma","Lu MY, Wu JC, Lu HH, Eslam M, Yu ML.","Gut Liver. 2026 Jan 15;20(1):5-23. doi: 10.5009/gnl250268. Epub 2025 Dec 31.","Lu MY","Gut Liver","2026","2025/12/31","PMC12800664","","10.5009/gnl250268"
"41467190","Advancements in artificial intelligence for prostate cancer: Optimizing diagnosis, treatment, and prognostic assessment","Arita Y, Roest C, Kwee TC, Paudyal R, Lema-Dopico A, Fransen S, Hirahara D, Takaya E, Ueda R, Ruby L, Nissan N, Schwartz LH, Shukla-Dave A, Akin O.","Asian J Urol. 2025 Oct;12(4):434-444. doi: 10.1016/j.ajur.2024.12.001. Epub 2025 Feb 21.","Arita Y","Asian J Urol","2025","2025/12/30","PMC12744706","","10.1016/j.ajur.2024.12.001"
"41464321","Artificial Intelligence in the Detection and Risk Stratification of Choroidal Melanoma: A Critical Comparative Synthesis and Future Directions","Hurley D, Coman A, Tallon E, Horgan N, Murtagh P.","Healthcare (Basel). 2025 Dec 11;13(24):3252. doi: 10.3390/healthcare13243252.","Hurley D","Healthcare (Basel)","2025","2025/12/30","PMC12732469","","10.3390/healthcare13243252"
"41463234","Artificial Intelligence and Machine Learning in Lung Cancer: Advances in Imaging, Detection, and Prognosis","Arshad MF, Chowdhury AT, Sharif Z, Islam MSB, Sumon MSI, Mohammedkasim A, Chowdhury MEH, Pedersen S.","Cancers (Basel). 2025 Dec 14;17(24):3985. doi: 10.3390/cancers17243985.","Arshad MF","Cancers (Basel)","2025","2025/12/30","PMC12731183","","10.3390/cancers17243985"
"41463064","Artificial Intelligence Applications in Chronic Obstructive Pulmonary Disease: A Global Scoping Review of Diagnostic, Symptom-Based, and Outcome Prediction Approaches","Pinheira A, Casal-Guisande M, Represas-Represas C, Torres-Durán M, Comesaña-Campos A, Fernández-Villar A.","Biomedicines. 2025 Dec 11;13(12):3053. doi: 10.3390/biomedicines13123053.","Pinheira A","Biomedicines","2025","2025/12/30","PMC12730734","","10.3390/biomedicines13123053"
"41454173","From lesion detection to outcome prediction: artificial intelligence and deep learning applications in multiple sclerosis","Prasad A, Sharma A.","Neurol Sci. 2025 Dec 27;47(1):46. doi: 10.1007/s10072-025-08661-2.","Prasad A","Neurol Sci","2025","2025/12/26","","","10.1007/s10072-025-08661-2"
"41451621","Advancing coronary artery disease risk stratification: integrating hyperspectral imaging with machine learning for precision cardiology","Liu X, Xu T, Sang W, Li Z, Yang X, Wang Y, Zhou X, Jiang H, Yu L.","Future Cardiol. 2026 Feb;22(2):207-223. doi: 10.1080/14796678.2025.2608553. Epub 2025 Dec 26.","Liu X","Future Cardiol","2026","2025/12/26","PMC12915873","","10.1080/14796678.2025.2608553"
"41448299","From diagnosis and treatment to prognosis: Clinical prospects of artificial intelligence in multimodal research of hepatocellular carcinoma","Jia W, Duan X, Yao Q, Liu R, Cheng CL.","Crit Rev Oncol Hematol. 2026 Feb;218:105102. doi: 10.1016/j.critrevonc.2025.105102. Epub 2025 Dec 23.","Jia W","Crit Rev Oncol Hematol","2026","2025/12/25","","","10.1016/j.critrevonc.2025.105102"
"41444944","Multimodal artificial intelligence in retinal vascular and neovascular macular diseases: a systematic review of diagnostic and prognostic applications","Khathami AA, Baklola M, Alalyani MA, Aljuaid AT, Alsaeed R, Ghramah AA, Aljuaid OT, AlGarni RH, Alshahrani RS, Aldreweash RS, Alshehri RS, Albishi SA, Almutairi GM, Al-Bawah N, Ghaith KAA.","BMC Ophthalmol. 2025 Dec 24;26(1):46. doi: 10.1186/s12886-025-04561-3.","Khathami AA","BMC Ophthalmol","2025","2025/12/25","PMC12837231","","10.1186/s12886-025-04561-3"
"41440512","Artificial Intelligence for Risk Stratification in Diffuse Large B-Cell Lymphoma: A Systematic Review of Classification Models and Predictive Performances","Popescu DC, Găman MA.","Med Sci (Basel). 2025 Nov 24;13(4):280. doi: 10.3390/medsci13040280.","Popescu DC","Med Sci (Basel)","2025","2025/12/24","PMC12734444","","10.3390/medsci13040280"
"41439803","The Accuracy in Rupture Risk Prediction of Intracranial Aneurysms by Artificial Intelligence Algorithms Using Imaging Data From CTA and DSA: A Systematic Review and Meta-Analysis","Zhang R, Liu R, Ma H, Chu G, Chen L, Liang G, Ma L, Jin H.","IET Syst Biol. 2026 Jan-Dec;20(1):e70050. doi: 10.1049/syb2.70050.","Zhang R","IET Syst Biol","2026","2025/12/24","PMC12729478","","10.1049/syb2.70050"
"41437780","Artificial intelligence in breast cancer: clinical applications in diagnosis, prognosis, and therapeutics","Singh J, Alsaidan OA, Aodah A, Alrobaian M, Almalki WH, Almujri SS, Sahoo A, Alam K, Lal JA, Barkat MA, Rahman M.","Future Oncol. 2026 Jan;22(2):249-269. doi: 10.1080/14796694.2025.2606642. Epub 2025 Dec 24.","Singh J","Future Oncol","2026","2025/12/24","PMC12803005","","10.1080/14796694.2025.2606642"
"41437380","Applications of artificial intelligence in non-small cell lung cancer: from precision diagnosis to personalized prognosis and therapy","Chang L, Li H, Wu W, Liu X, Yan J, Chen Z, Wu H, Song S.","J Transl Med. 2025 Dec 23;24(1):108. doi: 10.1186/s12967-025-07591-z.","Chang L","J Transl Med","2025","2025/12/24","PMC12836995","","10.1186/s12967-025-07591-z"
"41412890","Harnessing Artificial Intelligence for Risk Stratification and Outcome Prediction in Urologic Cancers: A Systematic Review","Roessler N, Miszczyk M, Miyajima K, Dematteis A, Alfarhan AR, Cormio A, Alqahtani AS, Fazekas T, Schuettfort VM, Vetterlein MW, Hu Y, Kasivisvanathan V, Zamboglou C, Leapman MS, Fisch M, Eckstein M, Amin MB, Cacciamani GE, Cheng L, Karakiewicz PI, Rajwa P, Shariat SF.","Eur Urol Focus. 2025 Dec 17:S2405-4569(25)00362-1. doi: 10.1016/j.euf.2025.12.007. Online ahead of print.","Roessler N","Eur Urol Focus","2025","2025/12/18","","","10.1016/j.euf.2025.12.007"
"41393607","Artificial Intelligence in Traumatic Brain Injury: A Systematic Review of Prognostic, Diagnostic, and Monitoring Applications","Ahmed AE, Alyami RM, Al Ghazwi FH, Hamzi RH, Alshammari NK, Jali FM, Al Alduwayh AA, Almujami TM, Alamri AS, Sabban JA, Alsum GF.","Cureus. 2025 Nov 11;17(11):e96600. doi: 10.7759/cureus.96600. eCollection 2025 Nov.","Ahmed AE","Cureus","2025","2025/12/15","PMC12698136","","10.7759/cureus.96600"
"41388924","Cancer Risk Prediction Using Machine Learning for Supporting Early Cancer Diagnosis in Symptomatic Patients: A Systematic Review of Model Types","Pennisi F, Borlini S, Harrison H, Cuciniello R, D'Amelio AC, Barclay M, Ricciardi GE, Lyratzopoulos G, Renzi C.","Cancer Med. 2025 Dec;14(24):e71463. doi: 10.1002/cam4.71463.","Pennisi F","Cancer Med","2025","2025/12/13","PMC12701559","","10.1002/cam4.71463"
"41376964","Advantages of integrating artificial intelligence and spectral CT for lung nodule classification and prognostic judgment: a narrative review","Zhong M, Li S, Wang Y, Ma Y, Mao S, Huang Z, Xiao H, Wang Y, Zhang T.","J Thorac Dis. 2025 Nov 30;17(11):10558-10570. doi: 10.21037/jtd-2025-1246. Epub 2025 Nov 26.","Zhong M","J Thorac Dis","2025","2025/12/11","PMC12688506","","10.21037/jtd-2025-1246"
"41375721","Applications of Artificial Intelligence as a Prognostic Tool in the Management of Acute Aortic Syndrome and Aneurysm: A Comprehensive Review","Ayhan C, Mekhaeil M, Channawi R, Ozcan AE, Akargul E, Deger A, Cayan I, Abdalla A, Chan C, Mahon R, Ayhan D, Wijns W, Sultan S, Soliman O.","J Clin Med. 2025 Nov 27;14(23):8420. doi: 10.3390/jcm14238420.","Ayhan C","J Clin Med","2025","2025/12/11","PMC12692782","","10.3390/jcm14238420"
"41372901","Can artificial intelligence optimize treatment planning and outcome prediction in fixed tooth- and implant-supported prosthodontics? A scoping review","Khaohoen A, Yoda N, Rungsiyakull P, Rungsiyakull C, Taichi T.","BMC Oral Health. 2025 Dec 11;26(1):104. doi: 10.1186/s12903-025-07300-8.","Khaohoen A","BMC Oral Health","2025","2025/12/10","PMC12809939","","10.1186/s12903-025-07300-8"
"41368121","Artificial intelligence in metabolic dysfunction-associated steatotic liver disease: Machine learning for non-invasive diagnosis and risk stratification","Hegazy MA.","World J Hepatol. 2025 Nov 27;17(11):111354. doi: 10.4254/wjh.v17.i11.111354.","Hegazy MA","World J Hepatol","2025","2025/12/10","PMC12683379","","10.4254/wjh.v17.i11.111354"
"41359948","Coagulation Risk Prediction in Patients With Liver Failure: Integrated Meta-Analysis and Machine Learning Model Study","Wang H, He T, Ren L, Zhang T.","JMIR Med Inform. 2025 Dec 8;13:e76348. doi: 10.2196/76348.","Wang H","JMIR Med Inform","2025","2025/12/08","PMC12723362","","10.2196/76348"
"41348848","Predicting Spinal Cord Injury Prognosis Using Machine Learning: Systematic Review and Meta-Analysis","Zhong L, Huang Q, Zhang H, Xue L, Chen Y, Wu J, Wei L.","JMIR AI. 2025 Dec 5;4:e66233. doi: 10.2196/66233.","Zhong L","JMIR AI","2025","2025/12/05","PMC12680090","","10.2196/66233"
"41346855","Comparative diagnostic accuracy of artificial intelligence-derived risk stratification versus conventional risk stratification methods in pulmonary hypertension patients: a systematic review and meta-analysis","Ahmed F, Haider F, Arham M, Dad A, Bakht K, Hashim MMA, Łajczak P, Hassan M, Athar FB, Adnan M, Usman M, Gohar N, Mirza T, Ahmed M, Moshiyakhov M, Sealove B, Patel S, Almendral J, Bakr M, Sattar Y, Alenezi F.","Front Artif Intell. 2025 Nov 19;8:1692829. doi: 10.3389/frai.2025.1692829. eCollection 2025.","Ahmed F","Front Artif Intell","2025","2025/12/05","PMC12673395","","10.3389/frai.2025.1692829"
"41327324","The roles of radiomics and deep learning for automatic detection, stability assessment, and rupture risk prediction in intracranial aneurysms: a systematic review","Yan C, Zhang H, Zhang X, Wang K, Yang M, Wang F.","Eur J Med Res. 2025 Dec 1;31(1):28. doi: 10.1186/s40001-025-03588-y.","Yan C","Eur J Med Res","2025","2025/12/02","PMC12777297","","10.1186/s40001-025-03588-y"
"41314409","Artificial Intelligence in Pediatric Surgery: From Diagnostics and Preoperative Planning to Risk Stratification: A Comprehensive Review of Current Applications","Gnatzy R, Feng X, Graefe D, Deffaa OJ, Lacher M.","Eur J Pediatr Surg. 2026 Jun;36(3):174-183. doi: 10.1055/a-2743-4868. Epub 2025 Nov 28.","Gnatzy R","Eur J Pediatr Surg","2026","2025/11/28","","","10.1055/a-2743-4868"
"41313419","Clinical applications of artificial intelligence in the histopathology of lymphoma: diagnosis, treatment and prognosis","Kang M, Yang Z, Yu T, Li D, Wang Z, Chen L.","Discov Oncol. 2025 Nov 28;16(1):2180. doi: 10.1007/s12672-025-03970-6.","Kang M","Discov Oncol","2025","2025/11/28","PMC12662931","","10.1007/s12672-025-03970-6"
"41312451","Artificial Intelligence in Cerebrovascular Disease Management: A Comprehensive Review of Risk Prediction, Diagnosis, Therapeutic Optimization, and Clinical Translation","Zhang H, Ma W, Zhou X, Zhao Z, Zhang R, Bai H, Huang C, Wang Y.","Vasc Health Risk Manag. 2025 Nov 22;21:949-964. doi: 10.2147/VHRM.S555592. eCollection 2025.","Zhang H","Vasc Health Risk Manag","2025","2025/11/28","PMC12649784","","10.2147/VHRM.S555592"
"41303218","Diagnostic Accuracy of Artificial Intelligence in Predicting Anti-VEGF Treatment Response in Diabetic Macular Edema: A Systematic Review and Meta-Analysis","Al-Harbi FA, Alkuwaiti MA, Alharbi MA, Alessa AA, Alhassan AA, Aleidan EA, Al-Theyab FY, Alfalah M, AlHaddad SM, Azzam AY.","J Clin Med. 2025 Nov 18;14(22):8177. doi: 10.3390/jcm14228177.","Al-Harbi FA","J Clin Med","2025","2025/11/27","PMC12653470","","10.3390/jcm14228177"
"41291759","Artificial intelligence at the gut-oral microbiota frontier: mapping machine learning tools for gastric cancer risk prediction","Azhdarimoghaddam A, Mohammad Bigloo A, Soleimani Meigoli MS, Abdelbaset M, Narimani M, Dadkhah Tehrani F, Asadi Anar M, Abdolvand F, Goudarzi P, Ghazizadeh Y, Mohammadzadeh N, Eini P, Khosravi F, Abouzeid M.","Biomed Eng Online. 2025 Nov 25;24(1):151. doi: 10.1186/s12938-025-01487-1.","Azhdarimoghaddam A","Biomed Eng Online","2025","2025/11/26","PMC12751584","","10.1186/s12938-025-01487-1"
"41281082","The Digital Revolution in Cardiac Ischemia: Artificial Intelligence (AI)-Enhanced Detection, Diagnosis, and Risk Stratification","Khalifa A, Abdulaziz M, Parvez SS, Salem A, Panhwer HS, Saleem U, Eldeeb M, Weld-Ali T, Mosaad M.","Cureus. 2025 Oct 21;17(10):e95059. doi: 10.7759/cureus.95059. eCollection 2025 Oct.","Khalifa A","Cureus","2025","2025/11/24","PMC12633638","","10.7759/cureus.95059"
"41273874","Artificial intelligence for mortality risk stratification in septic shock: A systematic review and meta-analysis","Lian X, Liu Y, Liu X, Tao W, Cao B, Fu B, Yang F, Bao Y, Yang K.","Int J Med Inform. 2026 Mar 1;207:106197. doi: 10.1016/j.ijmedinf.2025.106197. Epub 2025 Nov 20.","Lian X","Int J Med Inform","2026","2025/11/22","","","10.1016/j.ijmedinf.2025.106197"
"41269887","The promise of artificial intelligence and machine learning for migraine treatment outcome prediction: A narrative review","Pardo K, Schwedt TJ, Cutrer FM, Chiang CC.","Cephalalgia. 2025 Nov;45(11):3331024251395541. doi: 10.1177/03331024251395541. Epub 2025 Nov 21.","Pardo K","Cephalalgia","2025","2025/11/21","","","10.1177/03331024251395541"
"41257132","Machine Learning Applications Beyond Outcome Prediction in Plastic and Reconstructive Surgery: A Systematic Review of Diagnostic, Intraoperative, and Workflow Optimization Models","Al-Juhani A, Alzahrani F, Altamımı O, Desoky R, Alnowaisser L, Altamımı I, Esmail A.","Cureus. 2025 Oct 17;17(10):e94825. doi: 10.7759/cureus.94825. eCollection 2025 Oct.","Al-Juhani A","Cureus","2025","2025/11/19","PMC12620100","","10.7759/cureus.94825"
"41254426","Performance of artificial intelligence for brain tumor segmentation, treatment planning, and outcome prediction: a comprehensive systematic review and meta-analysis","Buccilli B, Lucke-Wold B.","J Neurooncol. 2025 Nov 18;176(1):88. doi: 10.1007/s11060-025-05320-6.","Buccilli B","J Neurooncol","2025","2025/11/19","","","10.1007/s11060-025-05320-6"
"41239278","Artificial intelligence-driven kidney organ allocation: systematic review of clinical outcome prediction, ethical frameworks, and decision-making algorithms","Firuzpour F, Pasha AA, Oliaei F, Nasirimehr K, Khosravi M, Rostami G, Saeidnia HR.","BMC Nephrol. 2025 Nov 14;26(1):639. doi: 10.1186/s12882-025-04576-4.","Firuzpour F","BMC Nephrol","2025","2025/11/14","PMC12619412","","10.1186/s12882-025-04576-4"
"41238351","Cardiac CT in the era of artificial intelligence: precision imaging, treatment guidance and optimised risk stratification for coronary artery disease","Zhong Z, Dai X, Yu L, Yu Y, Yuan J, Xu Y, Zhang J.","Open Heart. 2025 Nov 13;12(2):e003505. doi: 10.1136/openhrt-2025-003505.","Zhong Z","Open Heart","2025","2025/11/14","PMC12625954","","10.1136/openhrt-2025-003505"
"41229356","Artificial intelligence for risk assessment and outcome prediction in malignant haematology","Eckardt JN, Walter W, Middeke JM, Haferlach T.","Br J Haematol. 2026 Jan;208(1):25-38. doi: 10.1111/bjh.70231. Epub 2025 Nov 13.","Eckardt JN","Br J Haematol","2026","2025/11/13","PMC12819104","","10.1111/bjh.70231"
"41227046","Artificial Intelligence in Postmenopausal Health: From Risk Prediction to Holistic Care","Panjwani GAR, Maddukuri S, Ansari RA, Jain S, Chavan M, Gogula NSAR, Yerrapragada G, Elangovan P, Shariff MN, Natarajan T, Janarthanan J, Karrupiah SS, Gopalakrishnan K, Sood D, Arunachalam SP.","J Clin Med. 2025 Oct 28;14(21):7651. doi: 10.3390/jcm14217651.","Panjwani GAR","J Clin Med","2025","2025/11/13","PMC12608235","","10.3390/jcm14217651"
"41220891","Determination of Diagnosis and Prognosis in Spinal Cord Injury Using Machine Learning","Jeong S, Kang SH, Ko MJ, Lee S, Kwon WK, Lee BJ.","Korean J Neurotrauma. 2025 Oct 24;21(4):228-236. doi: 10.13004/kjnt.2025.21.e33. eCollection 2025 Oct.","Jeong S","Korean J Neurotrauma","2025","2025/11/12","PMC12599466","","10.13004/kjnt.2025.21.e33"
"41219784","Machine learning for predicting treatment response to biologic and targeted synthetic disease-modifying antirheumatic drugs in rheumatoid arthritis: a scoping review","Eriakha EB, Han Y, Li M, Li J, Huang Y.","BMC Rheumatol. 2025 Nov 11;9(1):132. doi: 10.1186/s41927-025-00584-x.","Eriakha EB","BMC Rheumatol","2025","2025/11/11","PMC12607112","","10.1186/s41927-025-00584-x"
"41212162","The Application of Artificial Intelligence in Epiretinal Membrane from Detection to Prognosis Prediction","Xu M, Lin J, Chen S, Huang Y.","Semin Ophthalmol. 2026 Jul;41(5):594-603. doi: 10.1080/08820538.2025.2583072. Epub 2025 Nov 10.","Xu M","Semin Ophthalmol","2026","2025/11/10","","","10.1080/08820538.2025.2583072"
"41196221","Augmenting decision making in acute care surgery: A systematic review of machine learning-driven risk prediction models","Lee AH, Chan MK, Narayanan D, Staudenmayer K, Nassar A, Forrester JD, Knowlton LM, Hameed SM.","J Trauma Acute Care Surg. 2026 Feb 1;100(2):332-338. doi: 10.1097/TA.0000000000004805. Epub 2025 Oct 22.","Lee AH","J Trauma Acute Care Surg","2026","2025/11/06","","","10.1097/TA.0000000000004805"
"41189192","Supervised machine learning-based bias risk of prognostic models for total knee or hip arthroplasty patients: A systematic review","Zhang H, Jiang L, Zheng J, Li C.","Medicine (Baltimore). 2025 Oct 17;104(42):e45230. doi: 10.1097/MD.0000000000045230.","Zhang H","Medicine (Baltimore)","2025","2025/11/05","PMC12537099","","10.1097/MD.0000000000045230"
"41180795","Artificial intelligence in pancreatitis: A narrative review on advancing precision diagnosis, prognosis, and therapeutic strategies","Zhang XY, Hu MD, Maimaitijiang D, Wang T, Wang L.","World J Gastroenterol. 2025 Oct 21;31(39):110971. doi: 10.3748/wjg.v31.i39.110971.","Zhang XY","World J Gastroenterol","2025","2025/11/03","PMC12576603","","10.3748/wjg.v31.i39.110971"
"41159811","A Review of Artificial Intelligence in 3D Printing. Part B: From In-Situ Monitoring and Print Process Optimization to Clinical Outcome Prediction","Iglesias NJ, Munkwitz SE, Shah H, Nayak VV, Thaller SR, Coelho PG.","J Craniofac Surg. 2026 Mar-Apr 01;37(3-4):867-873. doi: 10.1097/SCS.0000000000012115. Epub 2025 Oct 29.","Iglesias NJ","J Craniofac Surg","2026","2025/10/29","","","10.1097/SCS.0000000000012115"
"41154441","AI-Based Characterization of Breast Cancer in Mammography and Tomosynthesis: A Review of Radiomics and Deep Learning for Subtyping, Staging, and Prognosis","Mota AM.","Cancers (Basel). 2025 Oct 21;17(20):3387. doi: 10.3390/cancers17203387.","Mota AM","Cancers (Basel)","2025","2025/10/29","PMC12564584","","10.3390/cancers17203387"
"41153807","Artificial Intelligence in the Management of Infectious Diseases in Older Adults: Diagnostic, Prognostic, and Therapeutic Applications","Pinto A, Pennisi F, Odelli S, De Ponti E, Veronese N, Signorelli C, Baldo V, Gianfredi V.","Biomedicines. 2025 Oct 16;13(10):2525. doi: 10.3390/biomedicines13102525.","Pinto A","Biomedicines","2025","2025/10/29","PMC12562115","","10.3390/biomedicines13102525"
"41147843","Integration of artificial intelligence in the clinical management of medulloblastoma: from precision diagnosis to dynamic prognosis","Bian C, Wang H, Zhang L, Chen H, Wang F.","Expert Rev Neurother. 2025 Dec;25(12):1411-1423. doi: 10.1080/14737175.2025.2580460. Epub 2025 Oct 28.","Bian C","Expert Rev Neurother","2025","2025/10/28","","","10.1080/14737175.2025.2580460"
"41135418","Artificial Intelligence and radiomics models for the diagnosis and prognosis of peritoneal metastases on imaging: a systematic review and meta-analysis","Fleurkens-Ewals LJS, Tops-Welten M, Claessens CHB, Piek JMJ, van Hellemond IEG, van der Sommen F, Lahaye MJ, de Hingh IHJT, Luyer MDP, Nederend J.","Comput Biol Med. 2025 Nov;198(Pt B):111188. doi: 10.1016/j.compbiomed.2025.111188. Epub 2025 Oct 23.","Fleurkens-Ewals LJS","Comput Biol Med","2025","2025/10/24","","","10.1016/j.compbiomed.2025.111188"
"41133165","Machine learning-based mortality risk prediction models in patients with sepsis-associated acute kidney injury: a systematic review","Li X, Hu X, Xu H, Yu P, Ju H.","Front Med (Lausanne). 2025 Oct 8;12:1680180. doi: 10.3389/fmed.2025.1680180. eCollection 2025.","Li X","Front Med (Lausanne)","2025","2025/10/24","PMC12540499","","10.3389/fmed.2025.1680180"
"41132734","Artificial intelligence versus radiologists in predicting lung cancer treatment response: a systematic review and meta-analysis","Rodriguez NG, Mercado NC, Panjiyar K, Kunwor R.","Front Oncol. 2025 Oct 8;15:1634694. doi: 10.3389/fonc.2025.1634694. eCollection 2025.","Rodriguez NG","Front Oncol","2025","2025/10/24","PMC12540067","","10.3389/fonc.2025.1634694"
"41127419","Artificial Intelligence for Predictive Diagnostics, Prognosis, and Decision Support in MASLD, Hepatocellular Carcinoma, and Digital Pathology","Dunn N, Verma N, Dunn W.","J Clin Exp Hepatol. 2026 Jan-Feb;16(1):103184. doi: 10.1016/j.jceh.2025.103184. Epub 2025 Sep 6.","Dunn N","J Clin Exp Hepatol","2026","2025/10/23","PMC12538009","","10.1016/j.jceh.2025.103184"
"41124938","Artificial intelligence-based models for clinical prognosis at the end of life in the ICU","Garcés MG, García JV, Montoya JC, Triana CJ, Hernández Rincón EH.","Int J Med Inform. 2026 Feb;206:106156. doi: 10.1016/j.ijmedinf.2025.106156. Epub 2025 Oct 17.","Garcés MG","Int J Med Inform","2026","2025/10/22","","","10.1016/j.ijmedinf.2025.106156"
"41117489","Artificial Intelligence and Machine Learning for Risk Prediction of Abdominal Aortic Aneurysm Growth and Rupture","Guo J, Lareyre F, Lee R, Teraa M, Delingette H, Raffort J.","Angiology. 2025 Oct 21:33197251379127. doi: 10.1177/00033197251379127. Online ahead of print.","Guo J","Angiology","2025","2025/10/21","","","10.1177/00033197251379127"
"41116148","Use of artificial intelligence in diagnosis and prognosis of traumatic brain injury: a scoping review","May C, Gould M, Natesan S.","Int J Emerg Med. 2025 Oct 20;18(1):212. doi: 10.1186/s12245-025-01017-9.","May C","Int J Emerg Med","2025","2025/10/20","PMC12538859","","10.1186/s12245-025-01017-9"
"41114107","Artificial intelligence in the diagnosis and prognosis of intrahepatic cholangiocarcinoma: Applications and challenges","Qiao L, Luo YG, Wang QY, Yuan T, Xu M, Xiong GB, Zhu F.","World J Gastrointest Oncol. 2025 Oct 15;17(10):111367. doi: 10.4251/wjgo.v17.i10.111367.","Qiao L","World J Gastrointest Oncol","2025","2025/10/20","PMC12531805","","10.4251/wjgo.v17.i10.111367"
"41106908","Artificial Intelligence and Prognosis of Treatment in Endodontics","Zebouni C, Shirodkar G, Ather A, Sarkis RA.","Dent Clin North Am. 2025 Oct;69(4):527-540. doi: 10.1016/j.cden.2025.05.003. Epub 2025 Jul 28.","Zebouni C","Dent Clin North Am","2025","2025/10/17","","","10.1016/j.cden.2025.05.003"
"41098391","Artificial intelligence for diagnosis and prognosis of thymic epithelial tumors: a systematic review","Esteve Domínguez AS, Dimmers M, Mulders TA, Dumoulin D, De Ruysscher D, Peeters S, von der Thüsen J, Akram F.","Mediastinum. 2025 Sep 26;9:27. doi: 10.21037/med-25-34. eCollection 2025.","Esteve Domínguez AS","Mediastinum","2025","2025/10/16","PMC12518590","","10.21037/med-25-34"
"41074688","Machine Learning for Predicting Mortality in Intensive Care Unit Patients: A Prognostic Performance Systematic Review and Meta-Analysis","Sun H, Kang M, Zhang H, Jia J, Wang Q.","Nurs Crit Care. 2025 Nov;30(6):e70206. doi: 10.1111/nicc.70206.","Sun H","Nurs Crit Care","2025","2025/10/11","","","10.1111/nicc.70206"
"41040910","Progress of MRI-based radiomics and deep learning for predicting the prognosis of locally advanced rectal cancer (Review)","Shi Y, Huang Q, Lyu J, Dong T, Sun J.","Oncol Lett. 2025 Sep 19;30(5):536. doi: 10.3892/ol.2025.15282. eCollection 2025 Nov.","Shi Y","Oncol Lett","2025","2025/10/03","PMC12485598","","10.3892/ol.2025.15282"
"41026543","Application of Machine Learning in the Diagnosis and Prognosis of Mild Traumatic Brain Injury Using Diffusion Tensor Imaging: A Systematic Review","Saludar CJA, Tayebi M, Kwon E, McGeown J, Schierding W, Wang A, Fernandez J, Holdsworth S, Shim V.","J Magn Reson Imaging. 2026 Feb;63(2):328-345. doi: 10.1002/jmri.70122. Epub 2025 Sep 30.","Saludar CJA","J Magn Reson Imaging","2026","2025/09/30","PMC12811000","","10.1002/jmri.70122"
"41025073","Translational artificial intelligence in gastrointestinal and hepatic disorders: Advancing intelligent clinical decision-making for diagnosis, treatment, and prognosis","Ren SQ, Chen JM, Cai C.","World J Gastroenterol. 2025 Sep 28;31(36):110742. doi: 10.3748/wjg.v31.i36.110742.","Ren SQ","World J Gastroenterol","2025","2025/09/30","PMC12476653","","10.3748/wjg.v31.i36.110742"
"40997956","Artificial intelligence-enabled electrocardiography for risk prediction in chronic liver disease: A systematic review","Dimala CA, Al-Ajlouni YA, Nso N, Njei B.","Int J Cardiol. 2025 Sep 23;443:133926. doi: 10.1016/j.ijcard.2025.133926. Online ahead of print.","Dimala CA","Int J Cardiol","2025","2025/09/25","","","10.1016/j.ijcard.2025.133926"
"40994951","Research progress of artificial intelligence in the early screening, diagnosis, precise treatment and prognosis prediction of three central gynecological malignancies","Wang Q, Zhou X, Wu J, Miao W, Shen B, Shi R.","Front Oncol. 2025 Sep 9;15:1648407. doi: 10.3389/fonc.2025.1648407. eCollection 2025.","Wang Q","Front Oncol","2025","2025/09/25","PMC12454081","","10.3389/fonc.2025.1648407"
"40991016","Radiomics-based artificial intelligence (AI) models in colorectal cancer (CRC) diagnosis, metastasis detection, prognosis, and treatment response prediction","Elahi R, Karami P, Amjadzadeh M, Nazari M.","Abdom Radiol (NY). 2026 Apr;51(4):2153-2166. doi: 10.1007/s00261-025-05201-6. Epub 2025 Sep 24.","Elahi R","Abdom Radiol (NY)","2026","2025/09/24","","","10.1007/s00261-025-05201-6"
"40978923","The Prognostic Performance of Artificial Intelligence and Machine Learning Models for Mortality Prediction in Intensive Care Units: A Systematic Review","Dhami A, Onyeukwu KA, Sattar S, Batra A, Mostafa Y, Haris M, Iqbal A, Bokhari SFH, Siddique MU.","Cureus. 2025 Aug 19;17(8):e90465. doi: 10.7759/cureus.90465. eCollection 2025 Aug.","Dhami A","Cureus","2025","2025/09/22","PMC12445070","","10.7759/cureus.90465"
"40975441","Artificial intelligence in age-related macular degeneration: Advancing diagnosis, prognosis, and treatment","Lee E, Hunt D, Cakir Y, Kuo D, Zhou Z, Pajic M, Hadziahmetovic M.","Surv Ophthalmol. 2026 Mar-Apr;71(2):560-571. doi: 10.1016/j.survophthal.2025.09.007. Epub 2025 Sep 18.","Lee E","Surv Ophthalmol","2026","2025/09/20","PMC13165504","NIHMS2114311","10.1016/j.survophthal.2025.09.007"
"40969257","Deep learning in breast cancer risk prediction: a review of recent applications in full-field digital mammography","Mendes J, Oliveira B, Araújo C, Galrão J, Mota AM, Garcia NC, Matela N.","Front Oncol. 2025 Sep 3;15:1656842. doi: 10.3389/fonc.2025.1656842. eCollection 2025.","Mendes J","Front Oncol","2025","2025/09/19","PMC12440736","","10.3389/fonc.2025.1656842"
"40967442","Artificial intelligence in NSCLC management for revolutionizing diagnosis, prognosis, and treatment optimization: A systematic review","Bonci EA, Bandura A, Dooley A, Erjan A, Gebreslase HW, Hategan M, Khanduja D, Lai E, Lescaie A, Nitescu GV, Ramalho S, Thiha A, Bertolaccini L.","Crit Rev Oncol Hematol. 2025 Dec;216:104929. doi: 10.1016/j.critrevonc.2025.104929. Epub 2025 Sep 16.","Bonci EA","Crit Rev Oncol Hematol","2025","2025/09/18","","","10.1016/j.critrevonc.2025.104929"
"40941657","The Potential of Artificial Intelligence in the Diagnosis and Prognosis of Sepsis: A Narrative Review","Țocu G, Lisă EL, Tutunaru D, Mihailov R, Șerban C, Luțenco V, Dimofte F, Guliciuc M, Chiscop I, Ștefănescu BI, Niculeț E, Gurău G, Berbece SI, Mihailov OM, Stavăr Matei L.","Diagnostics (Basel). 2025 Aug 27;15(17):2169. doi: 10.3390/diagnostics15172169.","Țocu G","Diagnostics (Basel)","2025","2025/09/13","PMC12427803","","10.3390/diagnostics15172169"
"40927964","A Review on Biomarker-Enhanced Machine Learning for Early Diagnosis and Outcome Prediction in Ovarian Cancer Management","Hormaty S, Seiwan AN, Rasheed BH, Parvaz H, Gharahzadeh A, Ghaznavi H.","Cancer Med. 2025 Sep;14(17):e71224. doi: 10.1002/cam4.71224.","Hormaty S","Cancer Med","2025","2025/09/10","PMC12421415","","10.1002/cam4.71224"
"40914428","Artificial intelligence in HFpEF: Diagnosis, prognosis, and management strategies","Yi JE, Cho JS.","J Cardiol. 2026 Feb;87(2):113-120. doi: 10.1016/j.jjcc.2025.08.018. Epub 2025 Sep 4.","Yi JE","J Cardiol","2026","2025/09/06","","","10.1016/j.jjcc.2025.08.018"
"40881363","Machine learning approaches in the therapeutic outcome prediction in major depressive disorder: a systematic review","Ntam VA, Huebner T, Steffens M, Scholl C.","Front Psychiatry. 2025 Aug 13;16:1588963. doi: 10.3389/fpsyt.2025.1588963. eCollection 2025.","Ntam VA","Front Psychiatry","2025","2025/08/29","PMC12381684","","10.3389/fpsyt.2025.1588963"
"40854980","Systematic review and meta-analysis of artificial intelligence for image-based lung cancer classification and prognostic evaluation","Yuan X, Xu H, Zhu J, Yang Z, Pan B, Wu L, Chen H.","NPJ Precis Oncol. 2025 Aug 26;9(1):300. doi: 10.1038/s41698-025-01095-1.","Yuan X","NPJ Precis Oncol","2025","2025/08/25","PMC12378969","","10.1038/s41698-025-01095-1"
"40869739","Artificial Intelligence in Alzheimer's Disease Diagnosis and Prognosis Using PET-MRI: A Narrative Review of High-Impact Literature Post-Tauvid Approval","Christodoulou RC, Woodward A, Pitsillos R, Ibrahim R, Georgiou MF.","J Clin Med. 2025 Aug 21;14(16):5913. doi: 10.3390/jcm14165913.","Christodoulou RC","J Clin Med","2025","2025/08/28","PMC12387124","","10.3390/jcm14165913"
"40880570","Artificial intelligence in traumatic brain injury: Brain imaging analysis and outcome prediction: A mini review","Marino L, Bilotta F.","World J Crit Care Med. 2025 Sep 9;14(3):107611. doi: 10.5492/wjccm.v14.i3.107611. eCollection 2025 Sep 9.","Marino L","World J Crit Care Med","2025","2025/08/29","PMC12304951","","10.5492/wjccm.v14.i3.107611"
"40870896","Machine Learning in Myasthenia Gravis: A Systematic Review of Prognostic Models and AI-Assisted Clinical Assessments","Chung CC, Wu IC, Bamodu OA, Hong CT, Chiu HC.","Diagnostics (Basel). 2025 Aug 14;15(16):2044. doi: 10.3390/diagnostics15162044.","Chung CC","Diagnostics (Basel)","2025","2025/08/28","PMC12385440","","10.3390/diagnostics15162044"
"40863133","Machine Learning-Driven Insights in Cancer Metabolomics: From Subtyping to Biomarker Discovery and Prognostic Modeling","Elguoshy A, Zedan H, Saito S.","Metabolites. 2025 Aug 1;15(8):514. doi: 10.3390/metabo15080514.","Elguoshy A","Metabolites","2025","2025/08/27","PMC12388062","","10.3390/metabo15080514"
"40861870","Artificial intelligence for surgical outcome prediction in glaucoma: a systematic review","Kailani Z, Kim L, Bierbrier J, Balas M, Mathew DJ.","Front Big Data. 2025 Aug 8;8:1605018. doi: 10.3389/fdata.2025.1605018. eCollection 2025.","Kailani Z","Front Big Data","2025","2025/08/27","PMC12370750","","10.3389/fdata.2025.1605018"
"40861652","Machine Learning in Predicting Wound Healing and Limb Salvage Outcomes Following Lower Limb Revascularization: A Systematic Review of Prognostic Accuracy","Al-Juhani A, Desoky R, Abdullah A, Younes E, Khoja S, Aljohani SS, Desoky A.","Cureus. 2025 Jul 23;17(7):e88568. doi: 10.7759/cureus.88568. eCollection 2025 Jul.","Al-Juhani A","Cureus","2025","2025/08/27","PMC12371603","","10.7759/cureus.88568"
"40858160","Lactate-related genes signature as a novel prognostic landscape in laryngeal squamous cell carcinoma: insights from 156 machine learning algorithms and in vitro validation","Liu J, Wang YT, Zeng LL, Chen CL.","Int J Biol Macromol. 2025 Sep;323(Pt 1):147098. doi: 10.1016/j.ijbiomac.2025.147098. Epub 2025 Aug 24.","Liu J","Int J Biol Macromol","2025","2025/08/26","","","10.1016/j.ijbiomac.2025.147098"
"40844278","Role and potential of artificial intelligence, robotics, and navigation-assisted technologies in the diagnosis, treatment, and prognosis of osteoporotic vertebral compression fractures","Zhang W, Ma Q, Zhang J, Sun C.","Int J Surg. 2025 Nov 1;111(11):8226-8235. doi: 10.1097/JS9.0000000000002910. Epub 2025 Jul 7.","Zhang W","Int J Surg","2025","2025/08/22","PMC12626516","","10.1097/JS9.0000000000002910"
"40843643","Refining the risk stratification in advanced-stage classical Hodgkin lymphoma: A critical analysis of clinical prediction models","Koca O, Eskazan AE.","Br J Haematol. 2025 Nov;207(5):1744-1754. doi: 10.1111/bjh.70115. Epub 2025 Aug 22.","Koca O","Br J Haematol","2025","2025/08/22","PMC12624167","","10.1111/bjh.70115"
"40837819","Applications of generative artificial intelligence in outcome prediction in intensive care medicine-a scoping review","Stamm T, Bader-El-Den M, McNicholas J, Briggs J, Zhao P.","Front Digit Health. 2025 Aug 5;7:1633458. doi: 10.3389/fdgth.2025.1633458. eCollection 2025.","Stamm T","Front Digit Health","2025","2025/08/21","PMC12361121","","10.3389/fdgth.2025.1633458"
"40809637","Artificial Intelligence in Hypertrophic Cardiomyopathy: Advances, Challenges, and Future Directions for Personalized Risk Prediction and Management","Mohyeldin M, Mohamed FO, Molina M, Towfig MF, Mustafa AMG, Elhussein AH, Alamin F, Khaja M, Jadhav P.","Cureus. 2025 Jul 14;17(7):e87907. doi: 10.7759/cureus.87907. eCollection 2025 Jul.","Mohyeldin M","Cureus","2025","2025/08/14","PMC12348218","","10.7759/cureus.87907"
"40775365","Machine learning applications in vascular neuroimaging for the diagnosis and prognosis of cognitive impairment and dementia: a systematic review and meta-analysis","Lohner V, Badhwar A, Detcheverry FE, García CL, Gellersen HM, Khodakarami Z, Lattmann R, Li R, Low A, Mazo C, Metz A, Parent O, Phillips V, Saeed U, Tan SYW, Tamburin S, Llewellyn DJ, Rittman T, Waters S, Bernal J.","Alzheimers Res Ther. 2025 Aug 7;17(1):183. doi: 10.1186/s13195-025-01815-6.","Lohner V","Alzheimers Res Ther","2025","2025/08/07","PMC12330124","","10.1186/s13195-025-01815-6"
"40773129","Machine learning and deep learning in glioblastoma: a systematic review and meta-analysis of diagnosis, prognosis, and treatment","Tbahriti HF, Boukadoum A, Benbernou M, Belhocine M.","Discov Oncol. 2025 Aug 7;16(1):1492. doi: 10.1007/s12672-025-03303-7.","Tbahriti HF","Discov Oncol","2025","2025/08/07","PMC12331544","","10.1007/s12672-025-03303-7"
"40772136","Radiomics-Based Artificial Intelligence and Machine Learning Approach for the Diagnosis and Prognosis of Idiopathic Pulmonary Fibrosis: A Systematic Review","Khalid A, Mushtaq MM, Sattar S, Soe YN, Ismail S, Haris M, Ullah S, Hassan MW, Bhatti MM, Ali H.","Cureus. 2025 Jul 7;17(7):e87461. doi: 10.7759/cureus.87461. eCollection 2025 Jul.","Khalid A","Cureus","2025","2025/08/07","PMC12327841","","10.7759/cureus.87461"
"40754782","Artificial Intelligence and Machine Learning in Diabetic Foot Ulcer Care: Advances in Diagnosis, Treatment, Prognosis, and Novel Therapeutic Strategies","Misir A.","J Diabetes Sci Technol. 2025 Aug 3:19322968251363632. doi: 10.1177/19322968251363632. Online ahead of print.","Misir A","J Diabetes Sci Technol","2025","2025/08/04","PMC12321808","","10.1177/19322968251363632"
"40752945","The Role of Artificial Intelligence in Preoperative Assessment, Surgical Risk Stratification, and Predictive Analytics in Anesthesiology and Critical Care","Romito BT, Alexander JC.","Anesthesiol Clin. 2025 Sep;43(3):419-429. doi: 10.1016/j.anclin.2025.05.001. Epub 2025 Jul 8.","Romito BT","Anesthesiol Clin","2025","2025/08/02","","","10.1016/j.anclin.2025.05.001"
"40750476","Prognostic performance of machine learning in predicting haematological cancer outcomes: systematic review and meta-analysis","Alem AZ, Mohanty I, Pati N, Niyonsenga T.","Blood Rev. 2025 Nov;74:101325. doi: 10.1016/j.blre.2025.101325. Epub 2025 Jul 28.","Alem AZ","Blood Rev","2025","2025/08/01","","","10.1016/j.blre.2025.101325"
"40747166","The Role of Artificial Intelligence in Heart Failure Diagnostics, Risk Prediction, and Therapeutic Strategies: A Comprehensive Review","Saeed I, Hashmi MU, Khalid M, Ramzan H, Ibrahim M, Baig MF, Mansoor SA, Asad Z, Abbas J, Pillai S.","Cureus. 2025 Jul 1;17(7):e87130. doi: 10.7759/cureus.87130. eCollection 2025 Jul.","Saeed I","Cureus","2025","2025/08/01","PMC12313163","","10.7759/cureus.87130"
"40742577","Artificial intelligence in hepatopancreatobiliary surgery for clinical outcome prediction: current perspective and future direction","Latif J, Garcea G, Dennison A.","J Robot Surg. 2025 Jul 31;19(1):438. doi: 10.1007/s11701-025-02617-6.","Latif J","J Robot Surg","2025","2025/07/31","","","10.1007/s11701-025-02617-6"
"40733500","Machine Learning and Artificial Intelligence for Infectious Disease Surveillance, Diagnosis, and Prognosis","Cheah BCJ, Vicente CR, Chan KR.","Viruses. 2025 Jun 23;17(7):882. doi: 10.3390/v17070882.","Cheah BCJ","Viruses","2025","2025/07/30","PMC12299889","","10.3390/v17070882"
"40731938","Integrating Radiomics and Deep-Learning for Prognostic Evaluation in Nasopharyngeal Carcinoma","Pușcaș IM, Gâta A, Roman A, Albu S, Gâta VA, Irimie A.","Medicina (Kaunas). 2025 Jul 21;61(7):1310. doi: 10.3390/medicina61071310.","Pușcaș IM","Medicina (Kaunas)","2025","2025/07/30","PMC12300200","","10.3390/medicina61071310"
"40722321","Diagnostic, Therapeutic, and Prognostic Applications of Artificial Intelligence (AI) in the Clinical Management of Brain Metastases (BMs)","Evangelou K, Zemperligkos P, Politis A, Lani E, Gutierrez-Valencia E, Kotsantis I, Velonakis G, Boviatsis E, Stavrinou LC, Kalyvas A.","Brain Sci. 2025 Jul 8;15(7):730. doi: 10.3390/brainsci15070730.","Evangelou K","Brain Sci","2025","2025/07/29","PMC12293690","","10.3390/brainsci15070730"
"40710896","Deep Learning Approaches for Automated Prediction of Treatment Response in Non-Small-Cell Lung Cancer Patients Based on CT and PET Imaging","Guzmán Gómez R, Lopez Lopez G, Alvarado VM, Lopez Lopez F, Esqueda Cisneros E, López Moreno H.","Tomography. 2025 Jun 30;11(7):78. doi: 10.3390/tomography11070078.","Guzmán Gómez R","Tomography","2025","2025/07/25","PMC12298732","","10.3390/tomography11070078"
"40710419","Artificial Intelligence in Risk Stratification and Outcome Prediction for Transcatheter Aortic Valve Replacement: A Systematic Review and Meta-Analysis","Shojaei S, Mousavi A, Kazemian S, Armani S, Maleki S, Fallahtafti P, Arashlow FT, Daryabari Y, Naderian M, Alkhouli M, Rana JS, Mehrani M, Jenab Y, Hosseini K.","J Pers Med. 2025 Jul 11;15(7):302. doi: 10.3390/jpm15070302.","Shojaei S","J Pers Med","2025","2025/07/25","PMC12298983","","10.3390/jpm15070302"
"40664820","Answer to the letter to the editor of T. Tu concerning ""Machine learning-based models for outcome prediction in skull base and spinal chordomas: a systematic review and meta-analysis"" by B. Hajikarimloo, et al. (Eur spine J [2025]: doi: 10.1007/s00586-025-09053-y)","Hajikarimloo B, Tos SM, Mohammadzadeh I, Habibi MA.","Eur Spine J. 2025 Aug;34(8):3633-3634. doi: 10.1007/s00586-025-09118-y. Epub 2025 Jul 16.","Hajikarimloo B","Eur Spine J","2025","2025/07/15","","","10.1007/s00586-025-09118-y"
"40660443","Artificial Intelligence Tools in Myocardial Infarction Prognosis: Evaluating the Performance of Machine Learning and Deep Learning Models","Szymanska C, Baszko A.","Curr Cardiol Rev. 2026;22(2):e1573403X380162. doi: 10.2174/011573403X380162250706094642.","Szymanska C","Curr Cardiol Rev","2026","2025/07/15","PMC12976429","","10.2174/011573403X380162250706094642"
"40619522","Letter to the editor concerning ""Machine learning-based models for outcome prediction in skull base and spinal chordomas: a systematic review and meta-analysis"" by B. Hajikarimloo, et al. (Eur spine J [2025]: doi: 10.1007/s00586-025-09053-y)","Tu T.","Eur Spine J. 2025 Aug;34(8):3631-3632. doi: 10.1007/s00586-025-09115-1. Epub 2025 Jul 7.","Tu T","Eur Spine J","2025","2025/07/06","","","10.1007/s00586-025-09115-1"
"40609519","Artificial Intelligence in Diagnosis and Prognosis of Cognitive Impairment in Parkinson's Disease","Moeinafshar A, Barati AR, Tehrani Fateh S, Pahlevan Fallahy MT, Soltani Khaboushan A.","Dement Geriatr Cogn Disord. 2026;55(2):116-149. doi: 10.1159/000547180. Epub 2025 Jul 3.","Moeinafshar A","Dement Geriatr Cogn Disord","2026","2025/07/03","","","10.1159/000547180"
"40593222","Evaluating artificial intelligence models for rupture risk prediction in unruptured intracranial aneurysms: a focus on vessel geometry and hemodynamic insights","Khan MM, Shah N, Iqbal J, El-Ghandour NMF, Vukic M, Lawton M, Morcos JJ, Matos B, El-Abbadi N, Samii A, Figueiredo EG, Servadei F, AlAzri A, M K, Velalakan A, Chaurasia B.","Neurosurg Rev. 2025 Jul 2;48(1):539. doi: 10.1007/s10143-025-03689-6.","Khan MM","Neurosurg Rev","2025","2025/07/01","","","10.1007/s10143-025-03689-6"
"40587678","Deep learning for hydrocephalus prognosis: Advances, challenges, and future directions: A review","Huang J, Shen N, Tan Y, Tang Y, Ding Z.","Medicine (Baltimore). 2025 Jun 27;104(26):e43082. doi: 10.1097/MD.0000000000043082.","Huang J","Medicine (Baltimore)","2025","2025/06/30","PMC12212772","","10.1097/MD.0000000000043082"
"40576859","Artificial intelligence in coronary CT angiography: transforming the diagnosis and risk stratification of atherosclerosis","Irannejad K, Mafi M, Krishnan S, Budoff MJ.","Int J Cardiovasc Imaging. 2025 Sep;41(9):1643-1656. doi: 10.1007/s10554-025-03440-8. Epub 2025 Jun 27.","Irannejad K","Int J Cardiovasc Imaging","2025","2025/06/27","","","10.1007/s10554-025-03440-8"
"40564863","Machine and Deep Learning for the Diagnosis, Prognosis, and Treatment of Cervical Cancer: A Scoping Review","Vazquez B, Rojas-García M, Rodríguez-Esquivel JI, Marquez-Acosta J, Aranda-Flores CE, Cetina-Pérez LDC, Soto-López S, Estévez-García JA, Bahena-Román M, Madrid-Marina V, Torres-Poveda K.","Diagnostics (Basel). 2025 Jun 17;15(12):1543. doi: 10.3390/diagnostics15121543.","Vazquez B","Diagnostics (Basel)","2025","2025/06/26","PMC12191946","","10.3390/diagnostics15121543"
"40563631","Artificial Intelligence for Prognosis of Gastro-Entero-Pancreatic Neuroendocrine Neoplasms","Merola E, Fanciulli G, Pes GM, Dore MP.","Cancers (Basel). 2025 Jun 13;17(12):1981. doi: 10.3390/cancers17121981.","Merola E","Cancers (Basel)","2025","2025/06/26","PMC12191315","","10.3390/cancers17121981"
"40553720","Sudden cardiac arrest: Limitations in risk-stratification and treatment, and the potential for digital technologies and artificial intelligence to improve prediction and outcomes","Srivats S, Zghyer F, Shahrori Z, Albert C, Al-Khatib SM, Chugh S, Etheridge SP, Goldberger ZD, Gopinathannair R, Lakkireddy D, Morin DP, Perez MV, Rottmann M, Sunshine JE, Wang PJ, Chung MK.","Prog Cardiovasc Dis. 2025 Jul-Aug;91:144-166. doi: 10.1016/j.pcad.2025.06.005. Epub 2025 Jun 18.","Srivats S","Prog Cardiovasc Dis","2025","2025/06/24","PMC13158225","NIHMS2168647","10.1016/j.pcad.2025.06.005"
"40530456","Exploring the Role of Artificial Intelligence in Oral Pathology: Diagnostic and Prognostic Implications","Alsanie IS, Qannam A, Bello IO, Khurram SA.","J Oral Pathol Med. 2025 Aug;54(7):487-497. doi: 10.1111/jop.70002. Epub 2025 Jun 18.","Alsanie IS","J Oral Pathol Med","2025","2025/06/18","","","10.1111/jop.70002"
"40520948","Can artificial intelligence improve the diagnosis and prognosis of disorders of consciousness? A scoping review","Bonanno M, Cardile D, Liuzzi P, Celesti A, Micali G, Corallo F, Quartarone A, Tomaiuolo F, Calabrò RS.","Front Artif Intell. 2025 May 30;8:1608778. doi: 10.3389/frai.2025.1608778. eCollection 2025.","Bonanno M","Front Artif Intell","2025","2025/06/16","PMC12162576","","10.3389/frai.2025.1608778"
"40517766","Machine Learning Application for Bleeding Risk Prediction in Patients with Atrial Fibrillation Treated with Oral Anticoagulation","Lerman TT, Tiosano S, Beigel R, Cohen-Shelly M, Kornowski R, Munitz R, Nace DA, Hassan S, Scandrett K, Forman DE, Fishman B.","Acta Haematol. 2025;148(5):575-582. doi: 10.1159/000546663. Epub 2025 Jun 13.","Lerman TT","Acta Haematol","2025","2025/06/15","","","10.1159/000546663"
"40515835","Machine learning-based models for outcome prediction in skull base and spinal chordomas: a systematic review and meta-analysis","Hajikarimloo B, Mohammadzadeh I, Ebrahimi A, Tos SM, Hashemi R, Hasanzade A, Habibi MA.","Eur Spine J. 2026 Feb;35(2):720-731. doi: 10.1007/s00586-025-09053-y. Epub 2025 Jun 14.","Hajikarimloo B","Eur Spine J","2026","2025/06/14","","","10.1007/s00586-025-09053-y"
"40510095","Artificial Intelligence Applications in Obstetric Risk Prediction: A Systematic Review of Machine Learning Models for Preeclampsia","Mohamed Dkeen NO, Dawelbait Radwan ME, Alnaw Zumam IA, Abd Elfrag Mohamed NA, Abbashar Abdelmahmoud EM, Elfadel Magboul NM.","Cureus. 2025 May 12;17(5):e83961. doi: 10.7759/cureus.83961. eCollection 2025 May.","Mohamed Dkeen NO","Cureus","2025","2025/06/13","PMC12158820","","10.7759/cureus.83961"
"40493989","Machine learning in the prediction of treatment response for emotional disorders: A systematic review and meta-analysis","Curtiss J, DiPietro C.","Clin Psychol Rev. 2025 Aug;120:102593. doi: 10.1016/j.cpr.2025.102593. Epub 2025 May 22.","Curtiss J","Clin Psychol Rev","2025","2025/06/10","PMC12915758","NIHMS2139823","10.1016/j.cpr.2025.102593"
"40488579","Consideration of Sociodemographics in Machine Learning-Driven Sepsis Risk Prediction","Hauschildt KE, Pan A, Bernstein T, Admon AJ, Mukherjee B, Iwashyna TJ, Rountree L.","Crit Care Med. 2025 Sep 1;53(9):e1815-e1820. doi: 10.1097/CCM.0000000000006741. Epub 2025 Jun 9.","Hauschildt KE","Crit Care Med","2025","2025/06/09","","","10.1097/CCM.0000000000006741"
"40453037","A systematic review on deep learning-enabled coronary CT angiography for plaque and stenosis quantification and cardiac risk prediction","Shrivastava P, Kashikar S, Parihar PH, Kasat P, Bhangale P, Shrivastava P.","Eur J Radiol Open. 2025 May 2;14:100652. doi: 10.1016/j.ejro.2025.100652. eCollection 2025 Jun.","Shrivastava P","Eur J Radiol Open","2025","2025/06/02","PMC12123344","","10.1016/j.ejro.2025.100652"
"40444989","Machine Learning-Based Rupture Risk Prediction for Intracranial Aneurysms: A Systematic Review and Meta-Analysis","Maroufi SF, Pachón-Londoño MJ, Ghoche M, Nguyen BA, Turcotte EL, Wang Z, Patra DP, Olson V, Halpin BS, Bathini AR, Meyer JH, Krishna C, Charbel FT, Morcos JJ, Batjer HH, Bendok BR.","Neurosurgery. 2025 Nov 1;97(5):1072-1082. doi: 10.1227/neu.0000000000003531. Epub 2025 May 30.","Maroufi SF","Neurosurgery","2025","2025/05/30","","","10.1227/neu.0000000000003531"
"40436309","Artificial Intelligence for Risk Stratification of Acute Pulmonary Embolism: Perspectives on Clinical Needs, Expanding Toolkit, and Pathways Forward","Henkin S, Houghton D, Hunsaker A, Zuin M, Pfeferman M, Sato A, Piazza G.","Am J Cardiol. 2025 Oct 1;252:40-48. doi: 10.1016/j.amjcard.2025.05.025. Epub 2025 May 26.","Henkin S","Am J Cardiol","2025","2025/05/28","","","10.1016/j.amjcard.2025.05.025"
"40429619","Artificial Intelligence in Glaucoma: Advances in Diagnosis, Progression Forecasting, and Surgical Outcome Prediction","Lan CH, Chiu TH, Yen WT, Lu DW.","Int J Mol Sci. 2025 May 8;26(10):4473. doi: 10.3390/ijms26104473.","Lan CH","Int J Mol Sci","2025","2025/05/28","PMC12111320","","10.3390/ijms26104473"
"40395413","Explainable artificial intelligence for stroke risk stratification in atrial fibrillation","Zimmerman RM, Hernandez EJ, Tristani-Firouzi M, Yandell M, Steinberg BA.","Eur Heart J Digit Health. 2025 Mar 22;6(3):317-325. doi: 10.1093/ehjdh/ztaf019. eCollection 2025 May.","Zimmerman RM","Eur Heart J Digit Health","2025","2025/05/21","PMC12088725","","10.1093/ehjdh/ztaf019"
"40386259","Artificial intelligence radiomics in the diagnosis, treatment, and prognosis of gynecological cancer: a literature review","Bai G, Huo S, Wang G, Tian S.","Transl Cancer Res. 2025 Apr 30;14(4):2508-2532. doi: 10.21037/tcr-2025-618. Epub 2025 Apr 27.","Bai G","Transl Cancer Res","2025","2025/05/19","PMC12079260","","10.21037/tcr-2025-618"
"40380913","Computational modeling of breast tissue mechanics and machine learning in cancer diagnostics: enhancing precision in risk prediction and therapeutic strategies","Ashi L, Taurin S.","Expert Rev Anticancer Ther. 2025 Jul;25(7):727-740. doi: 10.1080/14737140.2025.2508850. Epub 2025 May 28.","Ashi L","Expert Rev Anticancer Ther","2025","2025/05/17","","","10.1080/14737140.2025.2508850"
"40351688","Opportunities and Challenges of Cardiovascular Disease Risk Prediction for Primary Prevention Using Machine Learning and Electronic Health Records: A Systematic Review","Liu T, Krentz AJ, Huo Z, Ćurčin V.","Rev Cardiovasc Med. 2025 Apr 25;26(4):37443. doi: 10.31083/RCM37443. eCollection 2025 Apr.","Liu T","Rev Cardiovasc Med","2025","2025/05/12","PMC12059770","","10.31083/RCM37443"
"40343612","Artificial Intelligence in Vascular Neurology: Applications, Challenges, and a Review of AI Tools for Stroke Imaging, Clinical Decision Making, and Outcome Prediction Models","Alqadi MM, Vidal SGM.","Curr Neurol Neurosci Rep. 2025 May 9;25(1):34. doi: 10.1007/s11910-025-01422-w.","Alqadi MM","Curr Neurol Neurosci Rep","2025","2025/05/09","","","10.1007/s11910-025-01422-w"
"40301768","Artificial intelligence networks for assessing the prognosis of gastrointestinal cancer to immunotherapy based on genetic mutation features: a systematic review and meta-analysis","Norouzkhani N, Mobaraki H, Varmazyar S, Zaboli H, Mohamadi Z, Nikeghbali G, Bagheri K, Marivany N, Najafi M, Nozad Varjovi M, Abouzeid M, Zeidi Baghrabad H, Eini P, Azhdarimoghaddam A, Khosravi F, Asadi Anar M.","BMC Gastroenterol. 2025 Apr 29;25(1):310. doi: 10.1186/s12876-025-03884-1.","Norouzkhani N","BMC Gastroenterol","2025","2025/04/29","PMC12039286","","10.1186/s12876-025-03884-1"
"40299419","Using Artificial Intelligence to Enhance Myelodysplastic Syndrome Diagnosis, Prognosis, and Treatment","Stagno F, Mirabile G, Rizzotti P, Bottaro A, Pagana A, Gangemi S, Allegra A.","Biomedicines. 2025 Mar 31;13(4):835. doi: 10.3390/biomedicines13040835.","Stagno F","Biomedicines","2025","2025/04/29","PMC12024746","","10.3390/biomedicines13040835"
"40297817","Methodological and reporting quality of machine learning studies on cancer diagnosis, treatment, and prognosis","Smiley A, Villarreal-Zegarra D, Reategui-Rivera CM, Escobar-Agreda S, Finkelstein J.","Front Oncol. 2025 Apr 14;15:1555247. doi: 10.3389/fonc.2025.1555247. eCollection 2025.","Smiley A","Front Oncol","2025","2025/04/29","PMC12034563","","10.3389/fonc.2025.1555247"
"40248921","The Role of Artificial Intelligence in Cardiovascular Disease Risk Prediction: An Updated Review on Current Understanding and Future Research","Tiwari A, Shah PC, Kumar H, Borse T, Arun AR, Chekragari M, Ochani S, Shah YR, Ganesh A, Ahmed R, Sharma A, Mylavarapu M.","Curr Cardiol Rev. 2025;21(6):e1573403X351048. doi: 10.2174/011573403X351048250329170744.","Tiwari A","Curr Cardiol Rev","2025","2025/04/18","PMC12676036","","10.2174/011573403X351048250329170744"
"40225950","A Critical Review of the Prospect of Integrating Artificial Intelligence in Infectious Disease Diagnosis and Prognosis","Hudu SA, Alshrari AS, Abu-Shoura EJI, Osman A, Jimoh AO.","Interdiscip Perspect Infect Dis. 2025 Mar 6;2025:6816002. doi: 10.1155/ipid/6816002. eCollection 2025.","Hudu SA","Interdiscip Perspect Infect Dis","2025","2025/04/14","PMC11991796","","10.1155/ipid/6816002"
"40217589","Lights and Shadows on Artificial Intelligence in Glaucoma: Transforming Screening, Monitoring, and Prognosis","Martucci A, Gallo Afflitto G, Pocobelli G, Aiello F, Mancino R, Nucci C.","J Clin Med. 2025 Mar 21;14(7):2139. doi: 10.3390/jcm14072139.","Martucci A","J Clin Med","2025","2025/04/12","PMC11989555","","10.3390/jcm14072139"
"40216368","Artificial intelligence-driven integration of multi-omics and radiomics: A new hope for precision cancer diagnosis and prognosis","Camps J, Jiménez-Franco A, García-Pablo R, Joven J, Arenas M.","Biochim Biophys Acta Mol Basis Dis. 2025 Aug;1871(6):167841. doi: 10.1016/j.bbadis.2025.167841. Epub 2025 Apr 9.","Camps J","Biochim Biophys Acta Mol Basis Dis","2025","2025/04/11","","","10.1016/j.bbadis.2025.167841"
"40206662","Machine learning based radiomics approach for outcome prediction of meningioma - a systematic review","S S, Pendem S, K P, Nayak S S, Menon GR, - P, B D.","F1000Res. 2025 Mar 25;14:330. doi: 10.12688/f1000research.162306.1. eCollection 2025.","S S","F1000Res","2025","2025/04/10","PMC11979578","","10.12688/f1000research.162306.1"
"40192881","Artificial intelligence to predict treatment response in rheumatoid arthritis and spondyloarthritis: a scoping review","Benavent D, Carmona L, García Llorente JF, Montoro M, Ramirez S, Otón T, Loza E, Gómez-Centeno A.","Rheumatol Int. 2025 Apr 7;45(4):91. doi: 10.1007/s00296-025-05825-3.","Benavent D","Rheumatol Int","2025","2025/04/07","PMC11976819","","10.1007/s00296-025-05825-3"
"40157246","Comparing logistic regression and machine learning for obesity risk prediction: A systematic review and meta-analysis","Boakye NF, O'Toole CC, Jalali A, Hannigan A.","Int J Med Inform. 2025 Jul;199:105887. doi: 10.1016/j.ijmedinf.2025.105887. Epub 2025 Mar 21.","Boakye NF","Int J Med Inform","2025","2025/03/29","","","10.1016/j.ijmedinf.2025.105887"
"40147701","From classical approaches to artificial intelligence, old and new tools for PDAC risk stratification and prediction","Farinella R, Felici A, Peduzzi G, Testoni SGG, Costello E, Aretini P, Blazquez-Encinas R, Oz E, Pastore A, Tacelli M, Otlu B, Campa D, Gentiluomo M.","Semin Cancer Biol. 2025 Jul;112:71-92. doi: 10.1016/j.semcancer.2025.03.004. Epub 2025 Mar 26.","Farinella R","Semin Cancer Biol","2025","2025/03/27","","","10.1016/j.semcancer.2025.03.004"
"40141176","Utilization of Machine Learning in the Prediction, Diagnosis, Prognosis, and Management of Chronic Myeloid Leukemia","Stagno F, Russo S, Murdaca G, Mirabile G, Alvaro ME, Nasso ME, Zemzem M, Gangemi S, Allegra A.","Int J Mol Sci. 2025 Mar 12;26(6):2535. doi: 10.3390/ijms26062535.","Stagno F","Int J Mol Sci","2025","2025/03/27","PMC11942435","","10.3390/ijms26062535"
"40100249","Enhancing Patient Outcome Prediction Through Deep Learning With Sequential Diagnosis Codes From Structured Electronic Health Record Data: Systematic Review","Hama T, Alsaleh MM, Allery F, Choi JW, Tomlinson C, Wu H, Lai A, Pontikos N, Thygesen JH.","J Med Internet Res. 2025 Mar 18;27:e57358. doi: 10.2196/57358.","Hama T","J Med Internet Res","2025","2025/03/18","PMC11962322","","10.2196/57358"
"40097090","Enhancing clinical trial outcome prediction with artificial intelligence: a systematic review","Qian L, Lu X, Haris P, Zhu J, Li S, Yang Y.","Drug Discov Today. 2025 Apr;30(4):104332. doi: 10.1016/j.drudis.2025.104332. Epub 2025 Mar 15.","Qian L","Drug Discov Today","2025","2025/03/17","","","10.1016/j.drudis.2025.104332"
"40079336","Harnessing Electronic Health Records and Artificial Intelligence for Enhanced Cardiovascular Risk Prediction: A Comprehensive Review","Tsai ML, Chen KF, Chen PC.","J Am Heart Assoc. 2025 Mar 18;14(6):e036946. doi: 10.1161/JAHA.124.036946. Epub 2025 Mar 13.","Tsai ML","J Am Heart Assoc","2025","2025/03/13","PMC12132661","","10.1161/JAHA.124.036946"
"40075644","A Scoping Review of Infrared Spectroscopy and Machine Learning Methods for Head and Neck Precancer and Cancer Diagnosis and Prognosis","Alajaji SA, Sabzian R, Wang Y, Sultan AS, Wang R.","Cancers (Basel). 2025 Feb 26;17(5):796. doi: 10.3390/cancers17050796.","Alajaji SA","Cancers (Basel)","2025","2025/03/13","PMC11899414","","10.3390/cancers17050796"
"40058175","Corrigendum to ""Prediction of treatment response and outcome of transarterial chemoembolization in patients with hepatocellular carcinoma using artificial intelligence: A systematic review of efficacy"" [Eur. J. Radiol. 184 (2025) 111948]","Keshavarz P, Nezami N, Yazdanpanah F, Khojaste-Sarakhsi M, Mohammadigoldar Z, Azami M, Hajati A, Sadabad FE, Chiang J, McWilliams JP, Lu DSK, Raman SS.","Eur J Radiol. 2025 May;186:112031. doi: 10.1016/j.ejrad.2025.112031. Epub 2025 Mar 8.","Keshavarz P","Eur J Radiol","2025","2025/03/09","","","10.1016/j.ejrad.2025.112031"
"40049569","Comparing Artificial Intelligence and Traditional Regression Models in Lung Cancer Risk Prediction Using A Systematic Review and Meta-Analysis","Leonard S, Patel MA, Zhou Z, Le H, Mondal P, Adams SJ.","J Am Coll Radiol. 2025 Jun;22(6):675-690. doi: 10.1016/j.jacr.2025.02.042. Epub 2025 Mar 4.","Leonard S","J Am Coll Radiol","2025","2025/03/06","","","10.1016/j.jacr.2025.02.042"
"40027293","The diagnostic and prognostic capability of artificial intelligence in spinal cord injury: A systematic review","Gill SS, Ponniah HS, Giersztein S, Anantharaj RM, Namireddy SR, Killilea J, Ramsay DC, Salih A, Thavarajasingam A, Scurtu D, Jankovic D, Russo S, Kramer A, Thavarajasingam SG.","Brain Spine. 2025 Feb 5;5:104208. doi: 10.1016/j.bas.2025.104208. eCollection 2025.","Gill SS","Brain Spine","2025","2025/03/03","PMC11871462","","10.1016/j.bas.2025.104208"
"40005474","The Role of Artificial Intelligence in Obesity Risk Prediction and Management: Approaches, Insights, and Recommendations","Huang L, Huhulea EN, Abraham E, Bienenstock R, Aifuwa E, Hirani R, Schulhof A, Tiwari RK, Etienne M.","Medicina (Kaunas). 2025 Feb 19;61(2):358. doi: 10.3390/medicina61020358.","Huang L","Medicina (Kaunas)","2025","2025/02/26","PMC11857386","","10.3390/medicina61020358"
"40003345","Applications of Machine Learning in the Diagnosis and Prognosis of Patients with Chiari Malformation Type I: A Scoping Review","Symeou S, Lampros M, Zagorianakou P, Voulgaris S, Alexiou GA.","Children (Basel). 2025 Feb 18;12(2):244. doi: 10.3390/children12020244.","Symeou S","Children (Basel)","2025","2025/02/26","PMC11853870","","10.3390/children12020244"
"40000074","Accuracy of machine learning methods in predicting prognosis of patients with psychotic spectrum disorders: a systematic review","Tay JL, Ang YL, Tam WWS, Sim K.","BMJ Open. 2025 Feb 25;15(2):e084463. doi: 10.1136/bmjopen-2024-084463.","Tay JL","BMJ Open","2025","2025/02/25","PMC12083271","","10.1136/bmjopen-2024-084463"
"39992936","A systematic review of machine learning-based prognostic models for acute pancreatitis: Towards improving methods and reporting quality","Critelli B, Hassan A, Lahooti I, Noh L, Park JS, Tong K, Lahooti A, Matzko N, Adams JN, Liss L, Quion J, Restrepo D, Nikahd M, Culp S, Lacy-Hulbert A, Speake C, Buxbaum J, Bischof J, Yazici C, Evans-Phillips A, Terp S, Weissman A, Conwell D, Hart P, Ramsey M, Krishna S, Han S, Park E, Shah R, Akshintala V, Windsor JA, Mull NK, Papachristou G, Celi LA, Lee P.","PLoS Med. 2025 Feb 24;22(2):e1004432. doi: 10.1371/journal.pmed.1004432. eCollection 2025 Feb.","Critelli B","PLoS Med","2025","2025/02/24","PMC11870378","","10.1371/journal.pmed.1004432"
"39986588","Artificial intelligence and different image modalities in uveal melanoma diagnosis and prognosis: A narrative review","Tahmasebzadeh A, Sadeghi M, Naseripour M, Mirshahi R, Ghaderi R.","Photodiagnosis Photodyn Ther. 2025 Apr;52:104528. doi: 10.1016/j.pdpdt.2025.104528. Epub 2025 Feb 20.","Tahmasebzadeh A","Photodiagnosis Photodyn Ther","2025","2025/02/22","","","10.1016/j.pdpdt.2025.104528"
"39941210","Artificial Intelligence in Oral Cancer: A Comprehensive Scoping Review of Diagnostic and Prognostic Applications","Vinay V, Jodalli P, Chavan MS, Buddhikot CS, Luke AM, Ingafou MSH, Reda R, Pawar AM, Testarelli L.","Diagnostics (Basel). 2025 Jan 24;15(3):280. doi: 10.3390/diagnostics15030280.","Vinay V","Diagnostics (Basel)","2025","2025/02/13","PMC11816433","","10.3390/diagnostics15030280"
"39892373","Prediction of treatment response and outcome of transarterial chemoembolization in patients with hepatocellular carcinoma using artificial intelligence: A systematic review of efficacy","Keshavarz P, Nezami N, Yazdanpanah F, Khojaste-Sarakhsi M, Mohammadigoldar Z, Azami M, Hajati A, Ebrahimian Sadabad F, Chiang J, McWilliams JP, Lu DSK, Raman SS.","Eur J Radiol. 2025 Mar;184:111948. doi: 10.1016/j.ejrad.2025.111948. Epub 2025 Jan 24.","Keshavarz P","Eur J Radiol","2025","2025/02/01","","","10.1016/j.ejrad.2025.111948"
"39866348","Deep Learning and Radiomics in Triple-Negative Breast Cancer: Predicting Long-Term Prognosis and Clinical Outcomes","Cheng C, Wang Y, Zhao J, Wu D, Li H, Zhao H.","J Multidiscip Healthc. 2025 Jan 21;18:319-327. doi: 10.2147/JMDH.S509004. eCollection 2025.","Cheng C","J Multidiscip Healthc","2025","2025/01/27","PMC11762009","","10.2147/JMDH.S509004"
"39860034","Transforming Cardiovascular Risk Prediction: A Review of Machine Learning and Artificial Intelligence Innovations","Kasartzian DI, Tsiampalis T.","Life (Basel). 2025 Jan 14;15(1):94. doi: 10.3390/life15010094.","Kasartzian DI","Life (Basel)","2025","2025/01/25","PMC11766472","","10.3390/life15010094"
"39846069","Machine learning approaches for risk prediction after percutaneous coronary intervention: a systematic review and meta-analysis","Zaka A, Mutahar D, Gorcilov J, Gupta AK, Kovoor JG, Stretton B, Mridha N, Sivagangabalan G, Thiagalingam A, Chow CK, Zaman S, Jayasinghe R, Kovoor P, Bacchi S.","Eur Heart J Digit Health. 2024 Oct 14;6(1):23-44. doi: 10.1093/ehjdh/ztae074. eCollection 2025 Jan.","Zaka A","Eur Heart J Digit Health","2024","2025/01/23","PMC11750198","","10.1093/ehjdh/ztae074"
"39828849","From Pixels to Prognosis: Artificial Intelligence and Machine Learning Models in Brain Tumour Mutation Prediction","Tariq Q, Ali EA, Anis SB, Yousaf I, Baig AN, Shamim MS.","J Pak Med Assoc. 2025 Jan;75(1):140-141. doi: 10.47391/JPMA.25-05.","Tariq Q","J Pak Med Assoc","2025","2025/01/19","","","10.47391/JPMA.25-05"
"39819432","Machine Learning Approaches for Neuroblastoma Risk Prediction and Stratification","Vadde R, Gupta MK.","Crit Rev Oncog. 2025;30(1):15-30. doi: 10.1615/CritRevOncog.2024056447.","Vadde R","Crit Rev Oncog","2025","2025/01/17","","","10.1615/CritRevOncog.2024056447"
"39819159","Artificial Intelligence Techniques for Prognostic and Diagnostic Assessments in Peripheral Artery Disease: A Scoping Review","Goffart S, Delingette H, Chierici A, Guzzi L, Nasr B, Lareyre F, Raffort J.","Angiology. 2026 Apr;77(4):410-425. doi: 10.1177/00033197241310572. Epub 2025 Jan 17.","Goffart S","Angiology","2026","2025/01/17","","","10.1177/00033197241310572"
"39809357","Artificial intelligence in gastrointestinal cancers: Diagnostic, prognostic, and surgical strategies","Nagaraju GP, Sandhya T, Srilatha M, Ganji SP, Saddala MS, El-Rayes BF.","Cancer Lett. 2025 Mar 1;612:217461. doi: 10.1016/j.canlet.2025.217461. Epub 2025 Jan 12.","Nagaraju GP","Cancer Lett","2025","2025/01/14","PMC12677147","NIHMS2049933","10.1016/j.canlet.2025.217461"
"39806282","Diagnosis and prognosis of melanoma from dermoscopy images using machine learning and deep learning: a systematic literature review","Naseri H, Safaei AA.","BMC Cancer. 2025 Jan 13;25(1):75. doi: 10.1186/s12885-024-13423-y.","Naseri H","BMC Cancer","2025","2025/01/13","PMC11727731","","10.1186/s12885-024-13423-y"
"39802971","The role of artificial intelligence and image processing in the diagnosis, treatment, and prognosis of liver cancer: a narrative-review","Dimopoulos P, Mulita A, Antzoulas A, Bodard S, Leivaditis V, Akrida I, Benetatos N, Katsanos K, Anagnostopoulos CN, Mulita F.","Prz Gastroenterol. 2024;19(3):221-230. doi: 10.5114/pg.2024.143147. Epub 2024 Sep 18.","Dimopoulos P","Prz Gastroenterol","2024","2025/01/13","PMC11718495","","10.5114/pg.2024.143147"
"39781607","Multiparametric MRI for Assessment of the Biological Invasiveness and Prognosis of Pancreatic Ductal Adenocarcinoma in the Era of Artificial Intelligence","Zhao B, Cao B, Xia T, Zhu L, Yu Y, Lu C, Tang T, Wang Y, Ju S.","J Magn Reson Imaging. 2025 Jul;62(1):9-19. doi: 10.1002/jmri.29708. Epub 2025 Jan 9.","Zhao B","J Magn Reson Imaging","2025","2025/01/09","","","10.1002/jmri.29708"
"39767798","Machine Learning Models in Sepsis Outcome Prediction for ICU Patients: Integrating Routine Laboratory Tests-A Systematic Review","Mușat F, Păduraru DN, Bolocan A, Palcău CA, Copăceanu AM, Ion D, Jinga V, Andronic O.","Biomedicines. 2024 Dec 19;12(12):2892. doi: 10.3390/biomedicines12122892.","Mușat F","Biomedicines","2024","2025/01/08","PMC11727033","","10.3390/biomedicines12122892"
"39758155","Acute Kidney Injury Prognosis Prediction Using Machine Learning Methods: A Systematic Review","Lin Y, Shi T, Kong G.","Kidney Med. 2024 Nov 15;7(1):100936. doi: 10.1016/j.xkme.2024.100936. eCollection 2025 Jan.","Lin Y","Kidney Med","2024","2025/01/06","PMC11699606","","10.1016/j.xkme.2024.100936"
"42148237","Applications of deep learning in intracranial aneurysm imaging: A scoping review of detection, risk prediction, and emerging prognostic models","Jafarpour A, Akhbari M, Khorsand K, Naghavi K, Ghaemmaghami MM, Ghaderi E, Yadegarifard E, Arabgol S, Esmaeili-Benvidi R, Mahmoudvand B, Shahidi-Marnani SA, Hasany S, Rigi A, Sarvi N, Sobhanian P, Asadi-Anar M, Arab-Bafrani M, Khosravi F.","Curr J Neurol. 2025 Jan 4;24(1):41-69. doi: 10.18502/cjn.v24i1.20302.","Jafarpour A","Curr J Neurol","2025","2026/05/18","PMC13174578","","10.18502/cjn.v24i1.20302"
"39745536","Artificial intelligence-based cardiovascular/stroke risk stratification in women affected by autoimmune disorders: a narrative survey","Tiwari E, Shrimankar D, Maindarkar M, Bhagawati M, Kaur J, Singh IM, Mantella L, Johri AM, Khanna NN, Singh R, Chaudhary S, Saba L, Al-Maini M, Anand V, Kitas G, Suri JS.","Rheumatol Int. 2025 Jan 2;45(1):14. doi: 10.1007/s00296-024-05756-5.","Tiwari E","Rheumatol Int","2025","2025/01/02","","","10.1007/s00296-024-05756-5"
"39742217","An Artificial Intelligence-Based Non-Invasive Approach for Cardiovascular Disease Risk Stratification in Obstructive Sleep Apnea Patients: A Narrative Review","Saba L, Maindarkar M, Khanna NN, Puvvula A, Faa G, Isenovic E, Johri A, Fouda MM, Tiwari E, Kalra MK, Suri JS.","Rev Cardiovasc Med. 2024 Dec 28;25(12):463. doi: 10.31083/j.rcm2512463. eCollection 2024 Dec.","Saba L","Rev Cardiovasc Med","2024","2025/01/01","PMC11683711","","10.31083/j.rcm2512463"
"39705768","Advances in diagnosis and prognosis of bacteraemia, bloodstream infection, and sepsis using machine learning: A comprehensive living literature review","B H, D K M, T M R, W B, R W, V V, J D, J RM, F J D, P G, A H H.","Artif Intell Med. 2025 Feb;160:103008. doi: 10.1016/j.artmed.2024.103008. Epub 2024 Nov 20.","B H","Artif Intell Med","2025","2024/12/20","","","10.1016/j.artmed.2024.103008"
"39702597","Artificial intelligence in risk prediction and diagnosis of vertebral fractures","Namireddy SR, Gill SS, Peerbhai A, Kamath AG, Ramsay DSC, Ponniah HS, Salih A, Jankovic D, Kalasauskas D, Neuhoff J, Kramer A, Russo S, Thavarajasingam SG.","Sci Rep. 2024 Dec 19;14(1):30560. doi: 10.1038/s41598-024-75628-2.","Namireddy SR","Sci Rep","2024","2024/12/20","PMC11659610","","10.1038/s41598-024-75628-2"
"39701860","Role of artificial intelligence in treatment planning and outcome prediction of jaw corrective surgeries by using 3-D imaging: a systematic review","Sankar H, Alagarsamy R, Lal B, Rana SS, Roychoudhury A, Agrawal A, Wankhar S.","Oral Surg Oral Med Oral Pathol Oral Radiol. 2025 Mar;139(3):299-310. doi: 10.1016/j.oooo.2024.09.010. Epub 2024 Oct 1.","Sankar H","Oral Surg Oral Med Oral Pathol Oral Radiol","2025","2024/12/19","","","10.1016/j.oooo.2024.09.010"
"39673507","Correction to: Machine learning-based infection diagnostic and prognostic models in post-acute care settings: a systematic review","","J Am Med Inform Assoc. 2025 Feb 1;32(2):413. doi: 10.1093/jamia/ocae309.","","J Am Med Inform Assoc","2025","2024/12/14","PMC11756428","","10.1093/jamia/ocae309"
"39672755","Artificial intelligence improves mammography-based breast cancer risk prediction","Ingman WV, Britt KL, Stone J, Nguyen TL, Hopper JL, Thompson EW.","Trends Cancer. 2025 Mar;11(3):188-191. doi: 10.1016/j.trecan.2024.10.007. Epub 2024 Dec 12.","Ingman WV","Trends Cancer","2025","2024/12/13","","","10.1016/j.trecan.2024.10.007"
"39663146","Artificial intelligence in predicting chronic kidney disease prognosis. A systematic review and meta-analysis","Pan Q, Tong M.","Ren Fail. 2024 Dec;46(2):2435483. doi: 10.1080/0886022X.2024.2435483. Epub 2024 Dec 11.","Pan Q","Ren Fail","2024","2024/12/11","PMC11636155","","10.1080/0886022X.2024.2435483"
"39654634","The role of deep learning in myocardial perfusion imaging for diagnosis and prognosis: A systematic review","Hu X, Zhang H, Caobelli F, Huang Y, Li Y, Zhang J, Shi K, Yu F.","iScience. 2024 Nov 12;27(12):111374. doi: 10.1016/j.isci.2024.111374. eCollection 2024 Dec 20.","Hu X","iScience","2024","2024/12/10","PMC11626733","","10.1016/j.isci.2024.111374"
"39650350","Artificial intelligence and machine learning approaches in cerebral palsy diagnosis, prognosis, and management: a comprehensive review","Balgude SD, Gite S, Pradhan B, Lee CW.","PeerJ Comput Sci. 2024 Nov 27;10:e2505. doi: 10.7717/peerj-cs.2505. eCollection 2024.","Balgude SD","PeerJ Comput Sci","2024","2024/12/09","PMC11622882","","10.7717/peerj-cs.2505"
"39640942","From simple factors to artificial intelligence: evolution of prognosis prediction in childhood cancer: a systematic review and meta-analysis","Varga P, Obeidat M, Máté V, Kói T, Kiss-Dala S, Major GS, Tímár ÁE, Li X, Szilágyi Á, Csáki Z, Engh MA, Garami M, Hegyi P, Túri I, Tuboly E.","EClinicalMedicine. 2024 Nov 21;78:102902. doi: 10.1016/j.eclinm.2024.102902. eCollection 2024 Dec.","Varga P","EClinicalMedicine","2024","2024/12/06","PMC11617957","","10.1016/j.eclinm.2024.102902"
"39613453","Machine learning approaches to injury risk prediction in sport: a scoping review with evidence synthesis","Leckey C, van Dyk N, Doherty C, Lawlor A, Delahunt E.","Br J Sports Med. 2025 Mar 25;59(7):491-500. doi: 10.1136/bjsports-2024-108576.","Leckey C","Br J Sports Med","2025","2024/11/29","PMC12013557","","10.1136/bjsports-2024-108576"
"39609231","Advancements of artificial intelligence algorithms in predicting dental implant prognosis from radiographic images: A systematic review","Alqutaibi AY, Algabri RS, Alamri AS, Alhazmi LS, Almadani SM, Alturkistani AM, Almutairi AG.","J Prosthet Dent. 2025 Dec;134(6):2177-2188. doi: 10.1016/j.prosdent.2024.10.036. Epub 2024 Nov 28.","Alqutaibi AY","J Prosthet Dent","2025","2024/11/28","","","10.1016/j.prosdent.2024.10.036"
"39589669","Machine learning for prognostic prediction in coronary artery disease with SPECT data: a systematic review and meta-analysis","Cicek V, Cikirikci EHK, Babaoğlu M, Erdem A, Tur Y, Mohamed MI, Cinar T, Savas H, Bagci U.","EJNMMI Res. 2024 Nov 26;14(1):117. doi: 10.1186/s13550-024-01179-2.","Cicek V","EJNMMI Res","2024","2024/11/26","PMC11599514","","10.1186/s13550-024-01179-2"
"39556691","Machine learning in image-based outcome prediction after radiotherapy: A review","Yuan X, Ma C, Hu M, Qiu RLJ, Salari E, Martini R, Yang X.","J Appl Clin Med Phys. 2025 Jan;26(1):e14559. doi: 10.1002/acm2.14559. Epub 2024 Nov 18.","Yuan X","J Appl Clin Med Phys","2025","2024/11/18","PMC11712300","","10.1002/acm2.14559"
"39550309","Promises and pitfalls of artificial intelligence models in forecasting rheumatoid arthritis treatment response and outcomes","Garcia-Agundez A, Schmajuk G, Yazdany J.","Semin Arthritis Rheum. 2025 Feb;70S:152584. doi: 10.1016/j.semarthrit.2024.152584. Epub 2024 Nov 9.","Garcia-Agundez A","Semin Arthritis Rheum","2025","2024/11/16","","","10.1016/j.semarthrit.2024.152584"
"39549838","Machine learning models for risk prediction of cancer-associated thrombosis: a systematic review and meta-analysis","Chen K, Zhang Y, Zhang L, Zhang W, Chen Y.","J Thromb Haemost. 2025 Feb;23(2):610-626. doi: 10.1016/j.jtha.2024.11.001. Epub 2024 Nov 15.","Chen K","J Thromb Haemost","2025","2024/11/16","","","10.1016/j.jtha.2024.11.001"
"39545392","Application of artificial intelligence and machine learning for risk stratification acute kidney injury among hematopoietic stem cell transplantation patients: PCRRT ICONIC AI Initiative Group Meeting Proceedings","Raina R, Doshi K, Aggarwal P, Kim P, Sasse J, Sethi S, Abitbol C, Abu-Arja R, Kashani K.","Clin Nephrol. 2025 Feb;103(2):129-139. doi: 10.5414/CN111421.","Raina R","Clin Nephrol","2025","2024/11/15","","","10.5414/CN111421"
"39544183","Cancer genetics and deep learning applications for diagnosis, prognosis, and categorization","Sokouti M, Sokouti B.","J Biol Methods. 2024 Aug 9;11(3):e99010017. doi: 10.14440/jbm.2024.0016. eCollection 2024.","Sokouti M","J Biol Methods","2024","2024/11/15","PMC11557296","","10.14440/jbm.2024.0016"
"39541766","Prostate cancer prognosis using machine learning: A critical review of survival analysis methods","Ahuja G, Kaur I, Lamba PS, Virmani D, Jain A, Chakraborty S, Mallik S.","Pathol Res Pract. 2024 Dec;264:155687. doi: 10.1016/j.prp.2024.155687. Epub 2024 Nov 6.","Ahuja G","Pathol Res Pract","2024","2024/11/14","","","10.1016/j.prp.2024.155687"
"39530740","Machine learning-based infection diagnostic and prognostic models in post-acute care settings: a systematic review","Xu Z, Scharp D, Hobensack M, Ye J, Zou J, Ding S, Shang J, Topaz M.","J Am Med Inform Assoc. 2025 Jan 1;32(1):241-252. doi: 10.1093/jamia/ocae278.","Xu Z","J Am Med Inform Assoc","2025","2024/11/12","PMC11648729","","10.1093/jamia/ocae278"
"39519142","Recent Advances in Artificial Intelligence to Improve Immunotherapy and the Use of Digital Twins to Identify Prognosis of Patients with Solid Tumors","D'Orsi L, Capasso B, Lamacchia G, Pizzichini P, Ferranti S, Liverani A, Fontana C, Panunzi S, De Gaetano A, Lo Presti E.","Int J Mol Sci. 2024 Oct 29;25(21):11588. doi: 10.3390/ijms252111588.","D'Orsi L","Int J Mol Sci","2024","2024/11/09","PMC11546512","","10.3390/ijms252111588"
"39518322","Radiomic Features as Artificial Intelligence Prognostic Models in Glioblastoma: A Systematic Review and Meta-Analysis","Wisnu Wardhana DP, Maliawan S, Mahadewa TGB, Rosyidi RM, Wiranata S.","Diagnostics (Basel). 2024 Oct 22;14(21):2354. doi: 10.3390/diagnostics14212354.","Wisnu Wardhana DP","Diagnostics (Basel)","2024","2024/11/09","PMC11545697","","10.3390/diagnostics14212354"
"39492557","Clinical judgment shows similar and sometimes superior discrimination compared to prognostic clinical prediction models. A systematic review","Colunga-Lozano LE, Foroutan F, Rayner D, De Luca C, Hernández-Wolters B, Couban R, Ibrahim Q, Guyatt G.","J Clin Epidemiol. 2023 Oct 28:S0895-4356(23)00276-7. doi: 10.1016/j.jclinepi.2023.10.016. Online ahead of print.","Colunga-Lozano LE","J Clin Epidemiol","2023","2024/11/04","","","10.1016/j.jclinepi.2023.10.016"
"39481177","Post-Cardiac arrest outcome prediction using machine learning: A systematic review and meta-analysis","Zobeiri A, Rezaee A, Hajati F, Argha A, Alinejad-Rokny H.","Int J Med Inform. 2025 Jan;193:105659. doi: 10.1016/j.ijmedinf.2024.105659. Epub 2024 Oct 28.","Zobeiri A","Int J Med Inform","2025","2024/10/31","","","10.1016/j.ijmedinf.2024.105659"
"39447096","Prostate Cancer Risk Stratification in NRG Oncology Phase III Randomized Trials Using Multimodal Deep Learning With Digital Histopathology","Tward JD, Huang HC, Esteva A, Mohamad O, van der Wal D, Simko JP, DeVries S, Zhang J, Joun S, Showalter TN, Schaeffer EM, Morgan TM, Monson JM, Wallace JA, Bahary JP, Sandler HM, Spratt DE, Rodgers JP, Feng FY, Tran PT.","JCO Precis Oncol. 2024 Oct;8:e2400145. doi: 10.1200/PO.24.00145. Epub 2024 Oct 24.","Tward JD","JCO Precis Oncol","2024","2024/10/24","PMC11520341","","10.1200/PO.24.00145"
"39443311","Machine learning applications in breast cancer survival and therapeutic outcome prediction based on multi-omic analysis","Zhang ZY, Wang QL, Zhang JY, Duan YY, Liu JX, Liu ZS, Li CY.","Yi Chuan. 2024 Oct;46(10):820-832. doi: 10.16288/j.yczz.24-156.","Zhang ZY","Yi Chuan","2024","2024/10/23","","","10.16288/j.yczz.24-156"
"39430216","Explainable artificial intelligence in breast cancer detection and risk prediction: A systematic scoping review","Ghasemi A, Hashtarkhani S, Schwartz DL, Shaban-Nejad A.","Cancer Innov. 2024 Jul 3;3(5):e136. doi: 10.1002/cai2.136. eCollection 2024 Oct.","Ghasemi A","Cancer Innov","2024","2024/10/21","PMC11488119","","10.1002/cai2.136"
"39402630","Artificial intelligence-based evaluation of prognosis in cirrhosis","Zhai Y, Hai D, Zeng L, Lin C, Tan X, Mo Z, Tao Q, Li W, Xu X, Zhao Q, Shuai J, Pan J.","J Transl Med. 2024 Oct 14;22(1):933. doi: 10.1186/s12967-024-05726-2.","Zhai Y","J Transl Med","2024","2024/10/14","PMC11475999","","10.1186/s12967-024-05726-2"
"39382448","The applications of CT with artificial intelligence in the prognostic model of idiopathic pulmonary fibrosis","Chen Z, Lin Z, Lin Z, Zhang Q, Zhang H, Li H, Chang Q, Sun J, Li F.","Ther Adv Respir Dis. 2024 Jan-Dec;18:17534666241282538. doi: 10.1177/17534666241282538.","Chen Z","Ther Adv Respir Dis","2024","2024/10/09","PMC11489909","","10.1177/17534666241282538"
"39379046","Patient-Centric In Vitro Fertilization Prognostic Counseling Using Machine Learning for the Pragmatist","Yao MWM, Jenkins J, Nguyen ET, Swanson T, Menabrito M.","Semin Reprod Med. 2024 Jun;42(2):112-129. doi: 10.1055/s-0044-1791536. Epub 2024 Oct 8.","Yao MWM","Semin Reprod Med","2024","2024/10/08","PMC11581823","","10.1055/s-0044-1791536"
"39308594","Artificial intelligence in pathologic diagnosis, prognosis and prediction of prostate cancer","Zhu M, Sali R, Baba F, Khasawneh H, Ryndin M, Leveillee RJ, Hurwitz MD, Lui K, Dixon C, Zhang DY.","Am J Clin Exp Urol. 2024 Aug 25;12(4):200-215. doi: 10.62347/JSAE9732. eCollection 2024.","Zhu M","Am J Clin Exp Urol","2024","2024/09/23","PMC11411179","","10.62347/JSAE9732"
"39304962","Deep learning applications in breast cancer histopathological imaging: diagnosis, treatment, and prognosis","Jiang B, Bao L, He S, Chen X, Jin Z, Ye Y.","Breast Cancer Res. 2024 Sep 20;26(1):137. doi: 10.1186/s13058-024-01895-6.","Jiang B","Breast Cancer Res","2024","2024/09/20","PMC11416021","","10.1186/s13058-024-01895-6"
"39286440","Machine learning and brain-computer interface approaches in prognosis and individualized care strategies for individuals with amyotrophic lateral sclerosis: A systematic review","Kew SYN, Mok SY, Goh CH.","MethodsX. 2024 May 25;13:102765. doi: 10.1016/j.mex.2024.102765. eCollection 2024 Dec.","Kew SYN","MethodsX","2024","2024/09/17","PMC11403252","","10.1016/j.mex.2024.102765"
"39283262","Prognostic clinical prediction models for acute post-surgical pain in adults: a systematic review","Papadomanolakis-Pakis N, Munch PV, Carlé N, Uhrbrand CG, Haroutounian S, Nikolajsen L.","Anaesthesia. 2024 Dec;79(12):1335-1347. doi: 10.1111/anae.16429. Epub 2024 Sep 16.","Papadomanolakis-Pakis N","Anaesthesia","2024","2024/09/16","","","10.1111/anae.16429"
"39226650","Machine learning in the prediction of treatment response in rheumatoid arthritis: A systematic review","Mendoza-Pinto C, Sánchez-Tecuatl M, Berra-Romani R, Maya-Castro ID, Etchegaray-Morales I, Munguía-Realpozo P, Cárdenas-García M, Arellano-Avendaño FJ, García-Carrasco M.","Semin Arthritis Rheum. 2024 Oct;68:152501. doi: 10.1016/j.semarthrit.2024.152501. Epub 2024 Jul 23.","Mendoza-Pinto C","Semin Arthritis Rheum","2024","2024/09/03","","","10.1016/j.semarthrit.2024.152501"
"39215200","Machine learning in paediatric haematological malignancies: a systematic review of prognosis, toxicity and treatment response models","Gurumurthy G, Gurumurthy J, Gurumurthy S.","Pediatr Res. 2025 Feb;97(2):524-531. doi: 10.1038/s41390-024-03494-9. Epub 2024 Aug 31.","Gurumurthy G","Pediatr Res","2025","2024/08/30","PMC12014474","","10.1038/s41390-024-03494-9"
"39174307","Artificial intelligence applied to 'omics data in liver disease: towards a personalised approach for diagnosis, prognosis and treatment","Ghosh S, Zhao X, Alim M, Brudno M, Bhat M.","Gut. 2025 Jan 17;74(2):295-311. doi: 10.1136/gutjnl-2023-331740.","Ghosh S","Gut","2025","2024/08/22","PMC11874365","","10.1136/gutjnl-2023-331740"
"39172620","Multimodal Machine Learning for Stroke Prognosis and Diagnosis: A Systematic Review","Shurrab S, Guerra-Manzanares A, Magid A, Piechowski-Jozwiak B, Atashzar SF, Shamout FE.","IEEE J Biomed Health Inform. 2024 Nov;28(11):6958-6973. doi: 10.1109/JBHI.2024.3448238. Epub 2024 Nov 6.","Shurrab S","IEEE J Biomed Health Inform","2024","2024/08/22","","","10.1109/JBHI.2024.3448238"
"39123427","Artificial Intelligence in Detection, Management, and Prognosis of Bone Metastasis: A Systematic Review","Papalia GF, Brigato P, Sisca L, Maltese G, Faiella E, Santucci D, Pantano F, Vincenzi B, Tonini G, Papalia R, Denaro V.","Cancers (Basel). 2024 Jul 29;16(15):2700. doi: 10.3390/cancers16152700.","Papalia GF","Cancers (Basel)","2024","2024/08/10","PMC11311270","","10.3390/cancers16152700"
"39083096","Advancements in prognostic markers and predictive models for intracerebral hemorrhage: from serum biomarkers to artificial intelligence models","Khan OUR, Farooqi HA, Nabi R, Hasan H.","Neurosurg Rev. 2024 Jul 31;47(1):382. doi: 10.1007/s10143-024-02635-2.","Khan OUR","Neurosurg Rev","2024","2024/07/31","","","10.1007/s10143-024-02635-2"
"39050273","Integrating Machine Learning into Statistical Methods in Disease Risk Prediction Modeling: A Systematic Review","Zhang M, Zheng Y, Maidaiti X, Liang B, Wei Y, Sun F.","Health Data Sci. 2024 Jul 23;4:0165. doi: 10.34133/hds.0165. eCollection 2024.","Zhang M","Health Data Sci","2024","2024/07/25","PMC11266123","","10.34133/hds.0165"
"39028429","A Systematic Review of Artificial Intelligence Models for Time-to-Event Outcome Applied in Cardiovascular Disease Risk Prediction","Teshale AB, Htun HL, Vered M, Owen AJ, Freak-Poli R.","J Med Syst. 2024 Jul 19;48(1):68. doi: 10.1007/s10916-024-02087-7.","Teshale AB","J Med Syst","2024","2024/07/19","PMC11271333","","10.1007/s10916-024-02087-7"
"38988582","Machine learning-based diagnosis and prognosis of IgAN: A systematic review and meta-analysis","Zhuang K, Wang W, Xu C, Guo X, Ren X, Liang Y, Duan Z, Song Y, Zhang Y, Cai G.","Heliyon. 2024 Jun 14;10(12):e33090. doi: 10.1016/j.heliyon.2024.e33090. eCollection 2024 Jun 30.","Zhuang K","Heliyon","2024","2024/07/11","PMC11234108","","10.1016/j.heliyon.2024.e33090"
"38972488","Potentials of artificial intelligence in familial hypercholesterolemia: Advances in screening, diagnosis, and risk stratification for early intervention and treatment","Athar M.","Int J Cardiol. 2024 Oct 1;412:132315. doi: 10.1016/j.ijcard.2024.132315. Epub 2024 Jul 6.","Athar M","Int J Cardiol","2024","2024/07/07","","","10.1016/j.ijcard.2024.132315"
"38942044","The potential role for artificial intelligence in fracture risk prediction","Hong N, Whittier DE, Glüer CC, Leslie WD.","Lancet Diabetes Endocrinol. 2024 Aug;12(8):596-600. doi: 10.1016/S2213-8587(24)00153-0. Epub 2024 Jun 25.","Hong N","Lancet Diabetes Endocrinol","2024","2024/06/28","","","10.1016/S2213-8587(24)00153-0"
"38846887","Machine learning in heart failure diagnosis, prediction, and prognosis: review","Saqib M, Perswani P, Muneem A, Mumtaz H, Neha F, Ali S, Tabassum S.","Ann Med Surg (Lond). 2024 May 6;86(6):3615-3623. doi: 10.1097/MS9.0000000000002138. eCollection 2024 Jun.","Saqib M","Ann Med Surg (Lond)","2024","2024/06/07","PMC11152866","","10.1097/MS9.0000000000002138"
"38835779","Machine learning in the prediction of immunotherapy response and prognosis of melanoma: a systematic review and meta-analysis","Li J, Dan K, Ai J.","Front Immunol. 2024 May 21;15:1281940. doi: 10.3389/fimmu.2024.1281940. eCollection 2024.","Li J","Front Immunol","2024","2024/06/05","PMC11148209","","10.3389/fimmu.2024.1281940"
"38815806","Machine-learning approaches for risk prediction in transcatheter aortic valve implantation: Systematic review and meta-analysis","Jacquemyn X, Van Onsem E, Dufendach K, Brown JA, Kliner D, Toma C, Serna-Gallegos D, Sá MP, Sultan I.","J Thorac Cardiovasc Surg. 2025 May;169(5):1460-1470.e15. doi: 10.1016/j.jtcvs.2024.05.017. Epub 2024 May 28.","Jacquemyn X","J Thorac Cardiovasc Surg","2025","2024/05/30","","","10.1016/j.jtcvs.2024.05.017"
"38807833","From Pixels to Prognosis: A Narrative Review on Artificial Intelligence's Pioneering Role in Colorectal Carcinoma Histopathology","Naseri S, Shukla S, Hiwale KM, Jagtap MM, Gadkari P, Gupta K, Deshmukh M, Sagar S.","Cureus. 2024 Apr 27;16(4):e59171. doi: 10.7759/cureus.59171. eCollection 2024 Apr.","Naseri S","Cureus","2024","2024/05/29","PMC11129955","","10.7759/cureus.59171"
"38802823","Role of machine learning algorithms in suicide risk prediction: a systematic review-meta analysis of clinical studies","Ehtemam H, Sadeghi Esfahlani S, Sanaei A, Ghaemi MM, Hajesmaeel-Gohari S, Rahimisadegh R, Bahaadinbeigy K, Ghasemian F, Shirvani H.","BMC Med Inform Decis Mak. 2024 May 27;24(1):138. doi: 10.1186/s12911-024-02524-0.","Ehtemam H","BMC Med Inform Decis Mak","2024","2024/05/27","PMC11129374","","10.1186/s12911-024-02524-0"
"38791910","Implementation of Artificial Intelligence in Personalized Prognostic Assessment of Lung Cancer: A Narrative Review","Lococo F, Ghaly G, Chiappetta M, Flamini S, Evangelista J, Bria E, Stefani A, Vita E, Martino A, Boldrini L, Sassorossi C, Campanella A, Margaritora S, Mohammed A.","Cancers (Basel). 2024 May 10;16(10):1832. doi: 10.3390/cancers16101832.","Lococo F","Cancers (Basel)","2024","2024/05/25","PMC11119930","","10.3390/cancers16101832"
"38781513","From pixels to prognosis: unlocking the potential of deep learning in fibrotic lung disease imaging analysis","de la Orden Kett Morais SR, Felder FN, Walsh SLF.","Br J Radiol. 2024 Sep 1;97(1161):1517-1525. doi: 10.1093/bjr/tqae108.","de la Orden Kett Morais SR","Br J Radiol","2024","2024/05/23","PMC11332672","","10.1093/bjr/tqae108"
"38772570","Machine learning for clinical outcome prediction in cerebrovascular and endovascular neurosurgery: systematic review and meta-analysis","Hoffman H, Sims JJ, Inoa-Acosta V, Hoit D, Arthur AS, Draytsel DY, Kim Y, Goyal N.","J Neurointerv Surg. 2025 May 22;17(6):661-667. doi: 10.1136/jnis-2024-021759.","Hoffman H","J Neurointerv Surg","2025","2024/05/21","","","10.1136/jnis-2024-021759"
"38752654","Machine Learning Models for Pancreatic Cancer Risk Prediction Using Electronic Health Record Data-A Systematic Review and Assessment","Mishra AK, Chong B, Arunachalam SP, Oberg AL, Majumder S.","Am J Gastroenterol. 2024 Aug 1;119(8):1466-1482. doi: 10.14309/ajg.0000000000002870. Epub 2024 May 16.","Mishra AK","Am J Gastroenterol","2024","2024/05/16","PMC11296923","NIHMS1994234","10.14309/ajg.0000000000002870"
"38731054","Promoting Artificial Intelligence for Global Breast Cancer Risk Prediction and Screening in Adult Women: A Scoping Review","Sacca L, Lobaina D, Burgoa S, Lotharius K, Moothedan E, Gilmore N, Xie J, Mohler R, Scharf G, Knecht M, Kitsantas P.","J Clin Med. 2024 Apr 25;13(9):2525. doi: 10.3390/jcm13092525.","Sacca L","J Clin Med","2024","2024/05/11","PMC11084581","","10.3390/jcm13092525"
"38730597","Clinical Prediction Models for Prognosis of Colorectal Liver Metastases: A Comprehensive Review of Regression-Based and Machine Learning Models","Kokkinakis S, Ziogas IA, Llaque Salazar JD, Moris DP, Tsoulfas G.","Cancers (Basel). 2024 Apr 25;16(9):1645. doi: 10.3390/cancers16091645.","Kokkinakis S","Cancers (Basel)","2024","2024/05/11","PMC11083016","","10.3390/cancers16091645"
"38699652","Machine Learning in Diagnosis and Prognosis of Lung Cancer by PET-CT","Yuan L, An L, Zhu Y, Duan C, Kong W, Jiang P, Yu QQ.","Cancer Manag Res. 2024 Apr 24;16:361-375. doi: 10.2147/CMAR.S451871. eCollection 2024.","Yuan L","Cancer Manag Res","2024","2024/05/03","PMC11063459","","10.2147/CMAR.S451871"
"38684566","Prediction of the treatment response and local failure of patients with brain metastasis treated with stereotactic radiosurgery using machine learning: A systematic review and meta-analysis","Habibi MA, Rashidi F, Habibzadeh A, Mehrtabar E, Arshadi MR, Mirjani MS.","Neurosurg Rev. 2024 Apr 30;47(1):199. doi: 10.1007/s10143-024-02391-3.","Habibi MA","Neurosurg Rev","2024","2024/04/29","","","10.1007/s10143-024-02391-3"
"38655907","Artificial intelligence in digital histopathology for predicting patient prognosis and treatment efficacy in breast cancer","McCaffrey C, Jahangir C, Murphy C, Burke C, Gallagher WM, Rahman A.","Expert Rev Mol Diagn. 2024 May;24(5):363-377. doi: 10.1080/14737159.2024.2346545. Epub 2024 May 9.","McCaffrey C","Expert Rev Mol Diagn","2024","2024/04/24","","","10.1080/14737159.2024.2346545"
"38648752","The Efficacy of Machine Learning Models for Predicting the Prognosis of Heart Failure: A Systematic Review and Meta-Analysis","Xu Z, Hu Y, Shao X, Shi T, Yang J, Wan Q, Liu Y.","Cardiology. 2025;150(1):79-97. doi: 10.1159/000538639. Epub 2024 Apr 22.","Xu Z","Cardiology","2025","2024/04/22","","","10.1159/000538639"
"38604227","Machine Learning as a Diagnostic and Prognostic Tool for Predicting Thrombosis in Cancer Patients: A Systematic Review","El-Sherbini AH, Coroneos S, Zidan A, Othman M.","Semin Thromb Hemost. 2024 Sep;50(6):809-816. doi: 10.1055/s-0044-1785482. Epub 2024 Apr 11.","El-Sherbini AH","Semin Thromb Hemost","2024","2024/04/11","","","10.1055/s-0044-1785482"
"38589721","Artificial Intelligence for Clinically Meaningful Outcome Prediction in Orthopedic Research: Current Applications and Limitations","Jang SJ, Rosenstadt J, Lee E, Kunze KN.","Curr Rev Musculoskelet Med. 2024 Jun;17(6):185-206. doi: 10.1007/s12178-024-09893-z. Epub 2024 Apr 8.","Jang SJ","Curr Rev Musculoskelet Med","2024","2024/04/08","PMC11091035","","10.1007/s12178-024-09893-z"
"38581113","Artificial intelligence in lung cancer screening: Detection, classification, prediction, and prognosis","Quanyang W, Yao H, Sicong W, Linlin Q, Zewei Z, Donghui H, Hongjia L, Shijun Z.","Cancer Med. 2024 Apr;13(7):e7140. doi: 10.1002/cam4.7140.","Quanyang W","Cancer Med","2024","2024/04/06","PMC10997848","","10.1002/cam4.7140"
"38574623","Novel clinical phenotypes, drug categorization, and outcome prediction in drug-induced cholestasis: Analysis of a database of 432 patients developed by literature review and machine learning support","Moreno-Torres M, López-Pascual E, Rapisarda A, Quintás G, Drees A, Steffensen IL, Luechtefeld T, Serrano-Candelas E, de Lomana MG, Gadaleta D, Dirven H, Vinken M, Jover R.","Biomed Pharmacother. 2024 May;174:116530. doi: 10.1016/j.biopha.2024.116530. Epub 2024 Apr 3.","Moreno-Torres M","Biomed Pharmacother","2024","2024/04/04","","","10.1016/j.biopha.2024.116530"
"38571502","Breast cancer risk prediction using machine learning: a systematic review","Hussain S, Ali M, Naseem U, Nezhadmoghadam F, Jatoi MA, Gulliver TA, Tamez-Peña JG.","Front Oncol. 2024 Mar 20;14:1343627. doi: 10.3389/fonc.2024.1343627. eCollection 2024.","Hussain S","Front Oncol","2024","2024/04/04","PMC10987819","","10.3389/fonc.2024.1343627"
"38553633","Artificial intelligence in neuro-oncology: advances and challenges in brain tumor diagnosis, prognosis, and precision treatment","Khalighi S, Reddy K, Midya A, Pandav KB, Madabhushi A, Abedalthagafi M.","NPJ Precis Oncol. 2024 Mar 29;8(1):80. doi: 10.1038/s41698-024-00575-0.","Khalighi S","NPJ Precis Oncol","2024","2024/03/30","PMC10980741","","10.1038/s41698-024-00575-0"
"38553526","Long non-coding RNA LINC-PINT as a novel prognostic biomarker in human cancer: a meta-analysis and machine learning","Lin J, Chen L, Zhang D.","Sci Rep. 2024 Mar 29;14(1):7483. doi: 10.1038/s41598-024-57836-y.","Lin J","Sci Rep","2024","2024/03/30","PMC10980720","","10.1038/s41598-024-57836-y"
"38547656","Application of artificial intelligence radiomics in the diagnosis, treatment, and prognosis of hepatocellular carcinoma","Bo Z, Song J, He Q, Chen B, Chen Z, Xie X, Shu D, Chen K, Wang Y, Chen G.","Comput Biol Med. 2024 May;173:108337. doi: 10.1016/j.compbiomed.2024.108337. Epub 2024 Mar 24.","Bo Z","Comput Biol Med","2024","2024/03/28","","","10.1016/j.compbiomed.2024.108337"
"38515371","Application of artificial intelligence in brain arteriovenous malformations: Angioarchitectures, clinical symptoms and prognosis prediction","Li X, Xiang S, Li G.","Interv Neuroradiol. 2026 Aug;32(4):1920-1934. doi: 10.1177/15910199241238798. Epub 2024 Mar 22.","Li X","Interv Neuroradiol","2026","2024/03/22","PMC11571152","","10.1177/15910199241238798"
"38467177","Application of artificial intelligence in dental implant prognosis: A scoping review","Wu Z, Yu X, Wang F, Xu C.","J Dent. 2024 May;144:104924. doi: 10.1016/j.jdent.2024.104924. Epub 2024 Mar 11.","Wu Z","J Dent","2024","2024/03/11","","","10.1016/j.jdent.2024.104924"
"38463097","Impact of artificial intelligence on the diagnosis, treatment and prognosis of endometrial cancer","Butt SR, Soulat A, Lal PM, Fakhor H, Patel SK, Ali MB, Arwani S, Mohan A, Majumder K, Kumar V, Tejwaney U, Kumar S.","Ann Med Surg (Lond). 2024 Jan 17;86(3):1531-1539. doi: 10.1097/MS9.0000000000001733. eCollection 2024 Mar.","Butt SR","Ann Med Surg (Lond)","2024","2024/03/11","PMC10923372","","10.1097/MS9.0000000000001733"
"38427470","Radiomics and artificial intelligence for risk stratification of pulmonary nodules: Ready for primetime?","Kim RY.","Cancer Biomark. 2025 Jan;42(1):CBM230360. doi: 10.3233/CBM-230360. Epub 2024 Feb 6.","Kim RY","Cancer Biomark","2025","2024/03/01","PMC11300708","NIHMS1972081","10.3233/CBM-230360"
"38414120","Performance reporting design in artificial intelligence studies using image-based TNM staging and prognostic parameters in rectal cancer: a systematic review","Kim M, Park T, Oh BY, Kim MJ, Cho BJ, Son IT.","Ann Coloproctol. 2024 Feb;40(1):13-26. doi: 10.3393/ac.2023.00892.0127. Epub 2024 Feb 28.","Kim M","Ann Coloproctol","2024","2024/02/28","PMC10915525","","10.3393/ac.2023.00892.0127"
"38399314","Applications of Machine Learning (ML) and Mathematical Modeling (MM) in Healthcare with Special Focus on Cancer Prognosis and Anticancer Therapy: Current Status and Challenges","Hassan J, Saeed SM, Deka L, Uddin MJ, Das DB.","Pharmaceutics. 2024 Feb 9;16(2):260. doi: 10.3390/pharmaceutics16020260.","Hassan J","Pharmaceutics","2024","2024/02/24","PMC10892549","","10.3390/pharmaceutics16020260"
"38337399","Machine Learning and Deep Learning in Spinal Injury: A Narrative Review of Algorithms in Diagnosis and Prognosis","Maki S, Furuya T, Inoue M, Shiga Y, Inage K, Eguchi Y, Orita S, Ohtori S.","J Clin Med. 2024 Jan 25;13(3):705. doi: 10.3390/jcm13030705.","Maki S","J Clin Med","2024","2024/02/10","PMC10856760","","10.3390/jcm13030705"
"38317226","Artificial intelligence in the risk prediction models of cardiovascular disease and development of an independent validation screening tool: a systematic review","Cai Y, Cai YQ, Tang LY, Wang YH, Gong M, Jing TC, Li HJ, Li-Ling J, Hu W, Yin Z, Gong DX, Zhang GW.","BMC Med. 2024 Feb 5;22(1):56. doi: 10.1186/s12916-024-03273-7.","Cai Y","BMC Med","2024","2024/02/05","PMC10845808","","10.1186/s12916-024-03273-7"
"38303524","Machine Learning and Augmented Intelligence Enables Prognosis of Type 2 Diabetes Prior to Clinical Manifestation","Lakey JRT, Casazza K, Lernhardt W, Mathur EJ, Jenkins I.","Curr Diabetes Rev. 2025;21(8):e010224226610. doi: 10.2174/0115733998276990240117113408.","Lakey JRT","Curr Diabetes Rev","2025","2024/02/02","","","10.2174/0115733998276990240117113408"
"38278615","Factors influencing clinician and patient interaction with machine learning-based risk prediction models: a systematic review","Giddings R, Joseph A, Callender T, Janes SM, van der Schaar M, Sheringham J, Navani N.","Lancet Digit Health. 2024 Feb;6(2):e131-e144. doi: 10.1016/S2589-7500(23)00241-8.","Giddings R","Lancet Digit Health","2024","2024/01/26","","","10.1016/S2589-7500(23)00241-8"
"38249081","Predicting Neuroblastoma Patient Risk Groups, Outcomes, and Treatment Response Using Machine Learning Methods: A Review","Jahangiri L.","Med Sci (Basel). 2024 Jan 6;12(1):5. doi: 10.3390/medsci12010005.","Jahangiri L","Med Sci (Basel)","2024","2024/01/22","PMC10801560","","10.3390/medsci12010005"
"38244306","Could the underlying biological basis of prognostic radiomics and deep learning signatures be explored in patients with lung cancer? A systematic review","Qian L, Wu T, Kong S, Lou X, Jiang Y, Tan Z, Wu L, Gao C.","Eur J Radiol. 2024 Feb;171:111314. doi: 10.1016/j.ejrad.2024.111314. Epub 2024 Jan 12.","Qian L","Eur J Radiol","2024","2024/01/20","","","10.1016/j.ejrad.2024.111314"
"38232710","Modeling of Machine Learning-Based Extreme Value Theory in Stock Investment Risk Prediction: A Systematic Literature Review","Melina M, Sukono, Napitupulu H, Mohamed N.","Big Data. 2025 Jun;13(3):161-180. doi: 10.1089/big.2023.0004. Epub 2024 Jan 17.","Melina M","Big Data","2025","2024/01/17","","","10.1089/big.2023.0004"
"38174400","[Resting state-EEG connectivity and machine learning: towards improved treatment response predictions in psychiatry]","Zandstra MG, Dominicus L, Mouthaan B, Oranje B, van Dellen E.","Tijdschr Psychiatr. 2023;65(10):637-640.","Zandstra MG","Tijdschr Psychiatr","2023","2024/01/04","","",""
"38163336","Impact of artificial intelligence on prognosis, shared decision-making, and precision medicine for patients with inflammatory bowel disease: a perspective and expert opinion","Pinton P.","Ann Med. 2023;55(2):2300670. doi: 10.1080/07853890.2023.2300670. Epub 2024 Jan 1.","Pinton P","Ann Med","2023","2024/01/01","PMC10763920","","10.1080/07853890.2023.2300670"
"38138853","The Use of Artificial Intelligence Algorithms in the Prognosis and Detection of Lymph Node Involvement in Head and Neck Cancer and Possible Impact in the Development of Personalized Therapeutic Strategy: A Systematic Review","Michelutti L, Tel A, Zeppieri M, Ius T, Sembronio S, Robiony M.","J Pers Med. 2023 Nov 21;13(12):1626. doi: 10.3390/jpm13121626.","Michelutti L","J Pers Med","2023","2023/12/23","PMC10745006","","10.3390/jpm13121626"
"38114983","Artificial Intelligence and Acute Appendicitis: A Systematic Review of Diagnostic and Prognostic Models","Issaiy M, Zarei D, Saghazadeh A.","World J Emerg Surg. 2023 Dec 19;18(1):59. doi: 10.1186/s13017-023-00527-2.","Issaiy M","World J Emerg Surg","2023","2023/12/20","PMC10729387","","10.1186/s13017-023-00527-2"
"38091862","Machine and deep learning methods for clinical outcome prediction based on physiological data of COVID-19 patients: a scoping review","Viderman D, Kotov A, Popov M, Abdildin Y.","Int J Med Inform. 2024 Feb;182:105308. doi: 10.1016/j.ijmedinf.2023.105308. Epub 2023 Dec 5.","Viderman D","Int J Med Inform","2024","2023/12/13","","","10.1016/j.ijmedinf.2023.105308"
"38089005","Performance of externally validated machine learning models based on histopathology images for the diagnosis, classification, prognosis, or treatment outcome prediction in female breast cancer: A systematic review","Gonzalez R, Nejat P, Saha A, Campbell CJV, Norgan AP, Lokker C.","J Pathol Inform. 2023 Nov 5;15:100348. doi: 10.1016/j.jpi.2023.100348. eCollection 2024 Dec.","Gonzalez R","J Pathol Inform","2023","2023/12/13","PMC10714242","","10.1016/j.jpi.2023.100348"
"38008807","Machine Learning in Cardiovascular Risk Prediction and Precision Preventive Approaches","Gautam N, Mueller J, Alqaisi O, Gandhi T, Malkawi A, Tarun T, Alturkmani HJ, Zulqarnain MA, Pontone G, Al'Aref SJ.","Curr Atheroscler Rep. 2023 Dec;25(12):1069-1081. doi: 10.1007/s11883-023-01174-3. Epub 2023 Nov 27.","Gautam N","Curr Atheroscler Rep","2023","2023/11/26","","","10.1007/s11883-023-01174-3"
"38000872","Machine learning and deep learning predictive models for long-term prognosis in patients with chronic obstructive pulmonary disease: a systematic review and meta-analysis","Smith LA, Oakden-Rayner L, Bird A, Zeng M, To MS, Mukherjee S, Palmer LJ.","Lancet Digit Health. 2023 Dec;5(12):e872-e881. doi: 10.1016/S2589-7500(23)00177-2.","Smith LA","Lancet Digit Health","2023","2023/11/24","","","10.1016/S2589-7500(23)00177-2"
"37995708","Methodological evaluation of original articles on radiomics and machine learning for outcome prediction based on positron emission tomography (PET)","Rogasch JMM, Shi K, Kersting D, Seifert R.","Nuklearmedizin. 2023 Dec;62(6):361-369. doi: 10.1055/a-2198-0545. Epub 2023 Nov 23.","Rogasch JMM","Nuklearmedizin","2023","2023/11/23","PMC10667066","","10.1055/a-2198-0545"
"37983519","Unlocking the predictive potential of long non-coding RNAs: a machine learning approach for precise cancer patient prognosis","Mo Y, Adu-Amankwaah J, Qin W, Gao T, Hou X, Fan M, Liao X, Jia L, Zhao J, Yuan J, Tan R.","Ann Med. 2023;55(2):2279748. doi: 10.1080/07853890.2023.2279748. Epub 2023 Nov 20.","Mo Y","Ann Med","2023","2023/11/20","PMC11571739","","10.1080/07853890.2023.2279748"
"37979476","Using machine learning algorithms to predict the prognosis of advanced nasopharyngeal carcinoma after intensity-modulated radiotherapy","Hu D, Wang Y, Ji G, Liu Y.","Curr Probl Cancer. 2024 Feb;48:101040. doi: 10.1016/j.currproblcancer.2023.101040. Epub 2023 Nov 16.","Hu D","Curr Probl Cancer","2024","2023/11/18","","","10.1016/j.currproblcancer.2023.101040"
"37949155","Artificial Intelligence-Driven Mammography-Based Future Breast Cancer Risk Prediction: A Systematic Review","Schopf CM, Ramwala OA, Lowry KP, Hofvind S, Marinovich ML, Houssami N, Elmore JG, Dontchos BN, Lee JM, Lee CI.","J Am Coll Radiol. 2024 Feb;21(2):319-328. doi: 10.1016/j.jacr.2023.10.018. Epub 2023 Nov 8.","Schopf CM","J Am Coll Radiol","2024","2023/11/10","PMC10926179","NIHMS1944123","10.1016/j.jacr.2023.10.018"
"37933176","Preoperative and Prognostic Prediction of Microvascular Invasion in Hepatocellular Carcinoma: A Review Based on Artificial Intelligence","Jiang Y, Wang K, Wang YR, Xiang YJ, Liu ZH, Feng JK, Cheng SQ.","Technol Cancer Res Treat. 2023 Jan-Dec;22:15330338231212726. doi: 10.1177/15330338231212726.","Jiang Y","Technol Cancer Res Treat","2023","2023/11/07","PMC10631353","","10.1177/15330338231212726"
"37899784","Acute pancreatitis: A review of diagnosis, severity prediction and prognosis assessment from imaging technology, scoring system and artificial intelligence","Hu JX, Zhao CF, Wang SL, Tu XY, Huang WB, Chen JN, Xie Y, Chen CR.","World J Gastroenterol. 2023 Oct 7;29(37):5268-5291. doi: 10.3748/wjg.v29.i37.5268.","Hu JX","World J Gastroenterol","2023","2023/10/30","PMC10600804","","10.3748/wjg.v29.i37.5268"
"37898461","Open science practices need substantial improvement in prognostic model studies in oncology using machine learning","Collins GS, Whittle R, Bullock GS, Logullo P, Dhiman P, de Beyer JA, Riley RD, Schlussel MM.","J Clin Epidemiol. 2024 Jan;165:111199. doi: 10.1016/j.jclinepi.2023.10.015. Epub 2023 Oct 28.","Collins GS","J Clin Epidemiol","2024","2023/10/28","","","10.1016/j.jclinepi.2023.10.015"
"37880301","A scoping review of artificial intelligence-based methods for diabetes risk prediction","Mohsen F, Al-Absi HRH, Yousri NA, El Hajj N, Shah Z.","NPJ Digit Med. 2023 Oct 25;6(1):197. doi: 10.1038/s41746-023-00933-5.","Mohsen F","NPJ Digit Med","2023","2023/10/25","PMC10600138","","10.1038/s41746-023-00933-5"
"37871712","Healthcare Big Data in Hong Kong: Development and Implementation of Artificial Intelligence-Enhanced Predictive Models for Risk Stratification","Tse G, Lee Q, Chou OHI, Chung CT, Lee S, Chan JSK, Li G, Kaur N, Roever L, Liu H, Liu T, Zhou J.","Curr Probl Cardiol. 2024 Jan;49(1 Pt B):102168. doi: 10.1016/j.cpcardiol.2023.102168. Epub 2023 Oct 21.","Tse G","Curr Probl Cardiol","2024","2023/10/23","","","10.1016/j.cpcardiol.2023.102168"
"37863620","Potential applications of artificial intelligence and machine learning on diagnosis, treatment, and outcome prediction to address health care disparities of chronic limb-threatening ischemia","Bagheri AB, Rouzi MD, Koohbanani NA, Mahoor MH, Finco MG, Lee M, Najafi B, Chung J.","Semin Vasc Surg. 2023 Sep;36(3):454-459. doi: 10.1053/j.semvascsurg.2023.06.003. Epub 2023 Jun 24.","Bagheri AB","Semin Vasc Surg","2023","2023/10/20","","","10.1053/j.semvascsurg.2023.06.003"
"37830724","The Use of Artificial Intelligence to Predict the Prognosis of Patients Undergoing Central Nervous System Rehabilitation: A Narrative Review","Chang MC, Kim JK, Park D, Kim JH, Kim CR, Choo YJ.","Healthcare (Basel). 2023 Oct 6;11(19):2687. doi: 10.3390/healthcare11192687.","Chang MC","Healthcare (Basel)","2023","2023/10/13","PMC10572243","","10.3390/healthcare11192687"
"37813776","Enhancing Risk Stratification on Coronary Computed Tomography Angiography: The Role of Artificial Intelligence","Jaltotage B, Sukudom S, Ihdayhid AR, Dwivedi G.","Clin Ther. 2023 Nov;45(11):1023-1028. doi: 10.1016/j.clinthera.2023.09.019. Epub 2023 Oct 8.","Jaltotage B","Clin Ther","2023","2023/10/09","","","10.1016/j.clinthera.2023.09.019"
"37783319","Artificial intelligence-based risk stratification, accurate diagnosis and treatment prediction in gynecologic oncology","Jiang Y, Wang C, Zhou S.","Semin Cancer Biol. 2023 Nov;96:82-99. doi: 10.1016/j.semcancer.2023.09.005. Epub 2023 Sep 30.","Jiang Y","Semin Cancer Biol","2023","2023/10/02","","","10.1016/j.semcancer.2023.09.005"
"37772513","Artificial intelligence for treatment planning and soft tissue outcome prediction of orthognathic treatment: A systematic review","Salazar D, Rossouw PE, Javed F, Michelogiannakis D.","J Orthod. 2024 Jun;51(2):107-119. doi: 10.1177/14653125231203743. Epub 2023 Sep 29.","Salazar D","J Orthod","2024","2023/09/29","","","10.1177/14653125231203743"
"37749579","Machine learning in precision diabetes care and cardiovascular risk prediction","Oikonomou EK, Khera R.","Cardiovasc Diabetol. 2023 Sep 25;22(1):259. doi: 10.1186/s12933-023-01985-3.","Oikonomou EK","Cardiovasc Diabetol","2023","2023/09/25","PMC10521578","","10.1186/s12933-023-01985-3"
"37709267","Application of Deep Learning in Cancer Prognosis Prediction Model","Zhang H, Xi Q, Zhang F, Li Q, Jiao Z, Ni X.","Technol Cancer Res Treat. 2023 Jan-Dec;22:15330338231199287. doi: 10.1177/15330338231199287.","Zhang H","Technol Cancer Res Treat","2023","2023/09/14","PMC10503281","","10.1177/15330338231199287"
"37704183","Recent advancements in artificial intelligence for breast cancer: Image augmentation, segmentation, diagnosis, and prognosis approaches","Zhang J, Wu J, Zhou XS, Shi F, Shen D.","Semin Cancer Biol. 2023 Nov;96:11-25. doi: 10.1016/j.semcancer.2023.09.001. Epub 2023 Sep 12.","Zhang J","Semin Cancer Biol","2023","2023/09/13","","","10.1016/j.semcancer.2023.09.001"
"37682909","A systematic review of clinical health conditions predicted by machine learning diagnostic and prognostic models trained or validated using real-world primary health care data","Abdulazeem H, Whitelaw S, Schauberger G, Klug SJ.","PLoS One. 2023 Sep 8;18(9):e0274276. doi: 10.1371/journal.pone.0274276. eCollection 2023.","Abdulazeem H","PLoS One","2023","2023/09/08","PMC10491005","","10.1371/journal.pone.0274276"
"37673580","A systematic literature review of machine learning based risk prediction models for diabetic retinopathy progression","Usman TM, Saheed YK, Nsang A, Ajibesin A, Rakshit S.","Artif Intell Med. 2023 Sep;143:102617. doi: 10.1016/j.artmed.2023.102617. Epub 2023 Jun 26.","Usman TM","Artif Intell Med","2023","2023/09/06","","","10.1016/j.artmed.2023.102617"
"37673571","Machine learning in the identification of prognostic DNA methylation biomarkers among patients with cancer: A systematic review of epigenome-wide studies","Yuan T, Edelmann D, Fan Z, Alwers E, Kather JN, Brenner H, Hoffmeister M.","Artif Intell Med. 2023 Sep;143:102589. doi: 10.1016/j.artmed.2023.102589. Epub 2023 Jun 1.","Yuan T","Artif Intell Med","2023","2023/09/06","","","10.1016/j.artmed.2023.102589"
"37664359","The Role of Artificial Intelligence in Prediction, Risk Stratification, and Personalized Treatment Planning for Congenital Heart Diseases","Mohsin SN, Gapizov A, Ekhator C, Ain NU, Ahmad S, Khan M, Barker C, Hussain M, Malineni J, Ramadhan A, Halappa Nagaraj R.","Cureus. 2023 Aug 30;15(8):e44374. doi: 10.7759/cureus.44374. eCollection 2023 Aug.","Mohsin SN","Cureus","2023","2023/09/04","PMC10469091","","10.7759/cureus.44374"
"37647155","MRI-Based Radiomics and Deep Learning in Biological Characteristics and Prognosis of Hepatocellular Carcinoma: Opportunities and Challenges","Xia T, Zhao B, Li B, Lei Y, Song Y, Wang Y, Tang T, Ju S.","J Magn Reson Imaging. 2024 Mar;59(3):767-783. doi: 10.1002/jmri.28982. Epub 2023 Aug 30.","Xia T","J Magn Reson Imaging","2024","2023/08/30","","","10.1002/jmri.28982"
"37627783","Recent Advancements in Deep Learning Using Whole Slide Imaging for Cancer Prognosis","Lee M.","Bioengineering (Basel). 2023 Jul 28;10(8):897. doi: 10.3390/bioengineering10080897.","Lee M","Bioengineering (Basel)","2023","2023/08/26","PMC10451210","","10.3390/bioengineering10080897"
"37574189","Traditional Machine Learning Methods versus Deep Learning for Meningioma Classification, Grading, Outcome Prediction, and Segmentation: A Systematic Review and Meta-Analysis","Maniar KM, Lassarén P, Rana A, Yao Y, Tewarie IA, Gerstl JVE, Recio Blanco CM, Power LH, Mammi M, Mattie H, Smith TR, Mekary RA.","World Neurosurg. 2023 Nov;179:e119-e134. doi: 10.1016/j.wneu.2023.08.023. Epub 2023 Aug 12.","Maniar KM","World Neurosurg","2023","2023/08/13","","","10.1016/j.wneu.2023.08.023"
"37568797","Deep Learning for Lung Cancer Diagnosis, Prognosis and Prediction Using Histological and Cytological Images: A Systematic Review","Davri A, Birbas E, Kanavos T, Ntritsos G, Giannakeas N, Tzallas AT, Batistatou A.","Cancers (Basel). 2023 Aug 5;15(15):3981. doi: 10.3390/cancers15153981.","Davri A","Cancers (Basel)","2023","2023/08/12","PMC10417369","","10.3390/cancers15153981"
"37566789","Evolution of Breast Cancer Recurrence Risk Prediction: A Systematic Review of Statistical and Machine Learning-Based Models","El Haji H, Souadka A, Patel BN, Sbihi N, Ramasamy G, Patel BK, Ghogho M, Banerjee I.","JCO Clin Cancer Inform. 2023 Aug;7:e2300049. doi: 10.1200/CCI.23.00049.","El Haji H","JCO Clin Cancer Inform","2023","2023/08/11","PMC11771520","NIHMS2034338","10.1200/CCI.23.00049"
"37563912","Artificial intelligence for diagnostic and prognostic neuroimaging in dementia: A systematic review","Borchert RJ, Azevedo T, Badhwar A, Bernal J, Betts M, Bruffaerts R, Burkhart MC, Dewachter I, Gellersen HM, Low A, Lourida I, Machado L, Madan CR, Malpetti M, Mejia J, Michopoulou S, Muñoz-Neira C, Pepys J, Peres M, Phillips V, Ramanan S, Tamburin S, Tantiangco HM, Thakur L, Tomassini A, Vipin A, Tang E, Newby D; Deep Dementia Phenotyping (DEMON) Network; Ranson JM, Llewellyn DJ, Veldsman M, Rittman T.","Alzheimers Dement. 2023 Dec;19(12):5885-5904. doi: 10.1002/alz.13412. Epub 2023 Aug 10.","Borchert RJ","Alzheimers Dement","2023","2023/08/11","","","10.1002/alz.13412"
"37547471","A review of multi-omics data integration through deep learning approaches for disease diagnosis, prognosis, and treatment","Wekesa JS, Kimwele M.","Front Genet. 2023 Jul 20;14:1199087. doi: 10.3389/fgene.2023.1199087. eCollection 2023.","Wekesa JS","Front Genet","2023","2023/08/07","PMC10398577","","10.3389/fgene.2023.1199087"
"37539346","Machine learning models for diagnosis and prognosis of Parkinson's disease using brain imaging: general overview, main challenges, and future directions","Garcia Santa Cruz B, Husch A, Hertel F.","Front Aging Neurosci. 2023 Jul 19;15:1216163. doi: 10.3389/fnagi.2023.1216163. eCollection 2023.","Garcia Santa Cruz B","Front Aging Neurosci","2023","2023/08/04","PMC10394631","","10.3389/fnagi.2023.1216163"
"37493391","Artificial Intelligence-Enhanced Breast MRI: Applications in Breast Cancer Primary Treatment Response Assessment and Prediction","Lo Gullo R, Marcus E, Huayanay J, Eskreis-Winkler S, Thakur S, Teuwen J, Pinker K.","Invest Radiol. 2024 Mar 1;59(3):230-242. doi: 10.1097/RLI.0000000000001010.","Lo Gullo R","Invest Radiol","2024","2023/07/26","PMC10818006","NIHMS1911141","10.1097/RLI.0000000000001010"
"37473658","Prediction of prognosis in COVID-19 patients using machine learning: A systematic review and meta-analysis","Chen R, Chen J, Yang S, Luo S, Xiao Z, Lu L, Liang B, Liu S, Shi H, Xu J.","Int J Med Inform. 2023 Sep;177:105151. doi: 10.1016/j.ijmedinf.2023.105151. Epub 2023 Jul 11.","Chen R","Int J Med Inform","2023","2023/07/20","","","10.1016/j.ijmedinf.2023.105151"
"37463039","The gap before real clinical application of imaging-based machine-learning and radiomic models for chemoradiation outcome prediction in esophageal cancer: a systematic review and meta-analysis","Yang Z, Gong J, Li J, Sun H, Pan Y, Zhao L.","Int J Surg. 2023 Aug 1;109(8):2451-2466. doi: 10.1097/JS9.0000000000000441.","Yang Z","Int J Surg","2023","2023/07/18","PMC10442126","","10.1097/JS9.0000000000000441"
"37436288","Use of artificial intelligence for sepsis risk prediction after flexible ureteroscopy: a systematic review","Alves BM, Belkovsky M, Passerotti CC, Artifon ELA, Otoch JP, Cruz JASD.","Rev Col Bras Cir. 2023 Jul 10;50:e20233561. doi: 10.1590/0100-6991e-20233561-en. eCollection 2023.","Alves BM","Rev Col Bras Cir","2023","2023/07/12","PMC10508686","","10.1590/0100-6991e-20233561-en"
"37427297","Machine Learning and the Conundrum of Stroke Risk Prediction","Chahine Y, Magoon MJ, Maidu B, Del Álamo JC, Boyle PM, Akoum N.","Arrhythm Electrophysiol Rev. 2023 Apr 12;12:e07. doi: 10.15420/aer.2022.34. eCollection 2023.","Chahine Y","Arrhythm Electrophysiol Rev","2023","2023/07/10","PMC10326666","","10.15420/aer.2022.34"
"37424577","Application of artificial intelligence to corelate food formulations to disease risk prediction: a comprehensive review","Tapkire MD, Arun V.","J Food Sci Technol. 2023 Sep;60(9):2350-2357. doi: 10.1007/s13197-022-05550-w. Epub 2022 Jul 18.","Tapkire MD","J Food Sci Technol","2023","2023/07/10","PMC10326233","","10.1007/s13197-022-05550-w"
"37407346","Recent advances in artificial intelligence for cardiac CT: Enhancing diagnosis and prognosis prediction","Tatsugami F, Nakaura T, Yanagawa M, Fujita S, Kamagata K, Ito R, Kawamura M, Fushimi Y, Ueda D, Matsui Y, Yamada A, Fujima N, Fujioka T, Nozaki T, Tsuboyama T, Hirata K, Naganawa S.","Diagn Interv Imaging. 2023 Nov;104(11):521-528. doi: 10.1016/j.diii.2023.06.011. Epub 2023 Jul 4.","Tatsugami F","Diagn Interv Imaging","2023","2023/07/05","","","10.1016/j.diii.2023.06.011"
"37405023","Cardiovascular disease/stroke risk stratification in deep learning framework: a review","Bhagawati M, Paul S, Agarwal S, Protogeron A, Sfikakis PP, Kitas GD, Khanna NN, Ruzsa Z, Sharma AM, Tomazu O, Turk M, Faa G, Tsoulfas G, Laird JR, Rathore V, Johri AM, Viskovic K, Kalra M, Balestrieri A, Nicolaides A, Singh IM, Chaturvedi S, Paraskevas KI, Fouda MM, Saba L, Suri JS.","Cardiovasc Diagn Ther. 2023 Jun 30;13(3):557-598. doi: 10.21037/cdt-22-438. Epub 2023 Jun 5.","Bhagawati M","Cardiovasc Diagn Ther","2023","2023/07/05","PMC10315429","","10.21037/cdt-22-438"
"37398894","Machine Learning and AI in Cancer Prognosis, Prediction, and Treatment Selection: A Critical Approach","Zhang B, Shi H, Wang H.","J Multidiscip Healthc. 2023 Jun 26;16:1779-1791. doi: 10.2147/JMDH.S410301. eCollection 2023.","Zhang B","J Multidiscip Healthc","2023","2023/07/03","PMC10312208","","10.2147/JMDH.S410301"
"37396483","Artificial intelligence in cardiovascular imaging: enhancing image analysis and risk stratification","Lin A, Pieszko K, Park C, Ignor K, Williams MC, Slomka P, Dey D.","BJR Open. 2023 May 17;5(1):20220021. doi: 10.1259/bjro.20220021. eCollection 2023.","Lin A","BJR Open","2023","2023/07/03","PMC10311632","","10.1259/bjro.20220021"
"37370748","Deep Learning in Different Ultrasound Methods for Breast Cancer, from Diagnosis to Prognosis: Current Trends, Challenges, and an Analysis","Afrin H, Larson NB, Fatemi M, Alizad A.","Cancers (Basel). 2023 Jun 10;15(12):3139. doi: 10.3390/cancers15123139.","Afrin H","Cancers (Basel)","2023","2023/06/28","PMC10296633","","10.3390/cancers15123139"
"37359745","A Comprehensive Analysis of Deep Learning-Based Approaches for Prediction and Prognosis of Infectious Diseases","Thakur K, Kaur M, Kumar Y.","Arch Comput Methods Eng. 2023 Jun 8:1-21. doi: 10.1007/s11831-023-09952-7. Online ahead of print.","Thakur K","Arch Comput Methods Eng","2023","2023/06/26","PMC10249943","","10.1007/s11831-023-09952-7"
"37352901","A systematic review on machine learning approaches in the diagnosis and prognosis of rare genetic diseases","Roman-Naranjo P, Parra-Perez AM, Lopez-Escamez JA.","J Biomed Inform. 2023 Jul;143:104429. doi: 10.1016/j.jbi.2023.104429. Epub 2023 Jun 22.","Roman-Naranjo P","J Biomed Inform","2023","2023/06/23","","","10.1016/j.jbi.2023.104429"
"37293592","Erratum: Imaging biomarkers of glioblastoma treatment response: a systematic review and meta-analysis of recent machine learning studies","Frontiers Production Office.","Front Oncol. 2023 May 24;13:1217461. doi: 10.3389/fonc.2023.1217461. eCollection 2023.","Frontiers Production Office","Front Oncol","2023","2023/06/09","PMC10246473","","10.3389/fonc.2023.1217461"
"37265897","Harnessing Machine Learning in Early COVID-19 Detection and Prognosis: A Comprehensive Systematic Review","Dabbagh R, Jamal A, Bhuiyan Masud JH, Titi MA, Amer YS, Khayat A, Alhazmi TS, Hneiny L, Baothman FA, Alkubeyyer M, Khan SA, Temsah MH.","Cureus. 2023 May 1;15(5):e38373. doi: 10.7759/cureus.38373. eCollection 2023 May.","Dabbagh R","Cureus","2023","2023/06/02","PMC10230599","","10.7759/cureus.38373"
"37236811","Performance of radiomics-based artificial intelligence systems in the diagnosis and prediction of treatment response and survival in esophageal cancer: a systematic review and meta-analysis of diagnostic accuracy","Menon N, Guidozzi N, Chidambaram S, Markar SR.","Dis Esophagus. 2023 May 27;36(6):doad034. doi: 10.1093/dote/doad034.","Menon N","Dis Esophagus","2023","2023/05/26","PMC10789236","","10.1093/dote/doad034"
"37175487","Machine Learning Models for the Identification of Prognostic and Predictive Cancer Biomarkers: A Systematic Review","Al-Tashi Q, Saad MB, Muneer A, Qureshi R, Mirjalili S, Sheshadri A, Le X, Vokes NI, Zhang J, Wu J.","Int J Mol Sci. 2023 Apr 24;24(9):7781. doi: 10.3390/ijms24097781.","Al-Tashi Q","Int J Mol Sci","2023","2023/05/13","PMC10178491","","10.3390/ijms24097781"
"37151912","Magnetic resonance imaging assessments for knee segmentation and their use in combination with machine/deep learning as predictors of early osteoarthritis diagnosis and prognosis","Martel-Pelletier J, Paiement P, Pelletier JP.","Ther Adv Musculoskelet Dis. 2023 Apr 28;15:1759720X231165560. doi: 10.1177/1759720X231165560. eCollection 2023.","Martel-Pelletier J","Ther Adv Musculoskelet Dis","2023","2023/05/08","PMC10155034","","10.1177/1759720X231165560"
"37109155","Application of Artificial Intelligence in the Diagnosis, Treatment, and Prognostic Evaluation of Mediastinal Malignant Tumors","Pang J, Xiu W, Ma X.","J Clin Med. 2023 Apr 11;12(8):2818. doi: 10.3390/jcm12082818.","Pang J","J Clin Med","2023","2023/04/28","PMC10144939","","10.3390/jcm12082818"
"37100507","Gynecological cancer prognosis using machine learning techniques: A systematic review of the last three decades (1990-2022)","Sheehy J, Rutledge H, Acharya UR, Loh HW, Gururajan R, Tao X, Zhou X, Li Y, Gurney T, Kondalsamy-Chennakesavan S.","Artif Intell Med. 2023 May;139:102536. doi: 10.1016/j.artmed.2023.102536. Epub 2023 Mar 29.","Sheehy J","Artif Intell Med","2023","2023/04/26","","","10.1016/j.artmed.2023.102536"
"37094545","Application of artificial intelligence for overall survival risk stratification in oropharyngeal carcinoma: A validation of ProgTOOL","Alabi RO, Sjöblom A, Carpén T, Elmusrati M, Leivo I, Almangush A, Mäkitie AA.","Int J Med Inform. 2023 Jul;175:105064. doi: 10.1016/j.ijmedinf.2023.105064. Epub 2023 Apr 6.","Alabi RO","Int J Med Inform","2023","2023/04/24","","","10.1016/j.ijmedinf.2023.105064"
"37058321","Artificial Intelligence and Interstitial Lung Disease: Diagnosis and Prognosis","Dack E, Christe A, Fontanellaz M, Brigato L, Heverhagen JT, Peters AA, Huber AT, Hoppe H, Mougiakakou S, Ebner L.","Invest Radiol. 2023 Aug 1;58(8):602-609. doi: 10.1097/RLI.0000000000000974. Epub 2023 Apr 11.","Dack E","Invest Radiol","2023","2023/04/14","PMC10332653","","10.1097/RLI.0000000000000974"
"37009317","Machine learning algorithm to construct cuproptosis- and immune-related prognosis prediction model for colon cancer","Huang YY, Bao TY, Huang XQ, Lan QW, Huang ZM, Chen YH, Hu ZD, Guo XG.","World J Gastrointest Oncol. 2023 Mar 15;15(3):372-388. doi: 10.4251/wjgo.v15.i3.372.","Huang YY","World J Gastrointest Oncol","2023","2023/04/03","PMC10052662","","10.4251/wjgo.v15.i3.372"
"37000340","Recent Advances in Melanoma Diagnosis and Prognosis Using Machine Learning Methods","Grossarth S, Mosley D, Madden C, Ike J, Smith I, Huo Y, Wheless L.","Curr Oncol Rep. 2023 Jun;25(6):635-645. doi: 10.1007/s11912-023-01407-3. Epub 2023 Mar 31.","Grossarth S","Curr Oncol Rep","2023","2023/03/31","PMC10339689","NIHMS1904008","10.1007/s11912-023-01407-3"
"36982754","Machine Learning Approaches in Diagnosis, Prognosis and Treatment Selection of Cardiac Amyloidosis","Allegra A, Mirabile G, Tonacci A, Genovese S, Pioggia G, Gangemi S.","Int J Mol Sci. 2023 Mar 16;24(6):5680. doi: 10.3390/ijms24065680.","Allegra A","Int J Mol Sci","2023","2023/03/29","PMC10051237","","10.3390/ijms24065680"
"36972378","Acute on chronic liver failure: prognostic models and artificial intelligence applications","Gary PJ, Lal A, Simonetto DA, Gajic O, Gallo de Moraes A.","Hepatol Commun. 2023 Mar 24;7(4):e0095. doi: 10.1097/HC9.0000000000000095. eCollection 2023 Apr 1.","Gary PJ","Hepatol Commun","2023","2023/03/27","PMC10043584","","10.1097/HC9.0000000000000095"
"36939941","A cardiologist's guide to machine learning in cardiovascular disease prognosis prediction","Kresoja KP, Unterhuber M, Wachter R, Thiele H, Lurz P.","Basic Res Cardiol. 2023 Mar 20;118(1):10. doi: 10.1007/s00395-023-00982-7.","Kresoja KP","Basic Res Cardiol","2023","2023/03/20","PMC10027799","","10.1007/s00395-023-00982-7"
"36930153","Artificial Intelligence for Hip Fracture Detection and Outcome Prediction: A Systematic Review and Meta-analysis","Lex JR, Di Michele J, Koucheki R, Pincus D, Whyne C, Ravi B.","JAMA Netw Open. 2023 Mar 1;6(3):e233391. doi: 10.1001/jamanetworkopen.2023.3391.","Lex JR","JAMA Netw Open","2023","2023/03/17","PMC10024206","","10.1001/jamanetworkopen.2023.3391"
"36905928","From patterns to patients: Advances in clinical machine learning for cancer diagnosis, prognosis, and treatment","Swanson K, Wu E, Zhang A, Alizadeh AA, Zou J.","Cell. 2023 Apr 13;186(8):1772-1791. doi: 10.1016/j.cell.2023.01.035. Epub 2023 Mar 10.","Swanson K","Cell","2023","2023/03/11","","","10.1016/j.cell.2023.01.035"
"36900112","Role of Machine Learning-Based CT Body Composition in Risk Prediction and Prognostication: Current State and Future Directions","Elhakim T, Trinh K, Mansur A, Bridge C, Daye D.","Diagnostics (Basel). 2023 Mar 3;13(5):968. doi: 10.3390/diagnostics13050968.","Elhakim T","Diagnostics (Basel)","2023","2023/03/11","PMC10000509","","10.3390/diagnostics13050968"
"36873752","Advances in Diagnosis, Therapy, and Prognosis of Coronary Artery Disease Powered by Deep Learning Algorithms","Chu M, Wu P, Li G, Yang W, Gutiérrez-Chico JL, Tu S.","JACC Asia. 2023 Feb 15;3(1):1-14. doi: 10.1016/j.jacasi.2022.12.005. eCollection 2023 Feb.","Chu M","JACC Asia","2023","2023/03/06","PMC9982227","","10.1016/j.jacasi.2022.12.005"
"36845218","Artificial Intelligence and Cardiovascular Risk Prediction: All That Glitters is not Gold","Chiarito M, Luceri L, Oliva A, Stefanini G, Condorelli G.","Eur Cardiol. 2022 Dec 20;17:e29. doi: 10.15420/ecr.2022.11. eCollection 2022 Feb.","Chiarito M","Eur Cardiol","2022","2023/02/27","PMC9947926","","10.15420/ecr.2022.11"
"36777879","Advancement in Deep Learning Methods for Diagnosis and Prognosis of Cervical Cancer","Gupta A, Parveen A, Kumar A, Yadav P.","Curr Genomics. 2022 Aug 11;23(4):234-245. doi: 10.2174/1389202923666220511155939.","Gupta A","Curr Genomics","2022","2023/02/13","PMC9875539","","10.2174/1389202923666220511155939"
"36773967","The utilization of artificial intelligence applications to improve breast cancer detection and prognosis","Alsharif WM.","Saudi Med J. 2023 Feb;44(2):119-127. doi: 10.15537/smj.2023.44.2.20220611.","Alsharif WM","Saudi Med J","2023","2023/02/11","PMC9987701","","10.15537/smj.2023.44.2.20220611"
"36772347","Deep Learning Techniques in Intelligent Fault Diagnosis and Prognosis for Industrial Systems: A Review","Qiu S, Cui X, Ping Z, Shan N, Li Z, Bao X, Xu X.","Sensors (Basel). 2023 Jan 23;23(3):1305. doi: 10.3390/s23031305.","Qiu S","Sensors (Basel)","2023","2023/02/11","PMC9920822","","10.3390/s23031305"
"36761957","Role of artificial intelligence in risk prediction, prognostication, and therapy response assessment in colorectal cancer: current state and future directions","Mansur A, Saleem Z, Elhakim T, Daye D.","Front Oncol. 2023 Jan 25;13:1065402. doi: 10.3389/fonc.2023.1065402. eCollection 2023.","Mansur A","Front Oncol","2023","2023/02/10","PMC9905815","","10.3389/fonc.2023.1065402"
"36761829","Evaluation of the Diagnostic and Prognostic Accuracy of Artificial Intelligence in Endodontic Dentistry: A Comprehensive Review of Literature","Karobari MI, Adil AH, Basheer SN, Murugesan S, Savadamoorthi KS, Mustafa M, Abdulwahed A, Almokhatieb AA.","Comput Math Methods Med. 2023 Jan 31;2023:7049360. doi: 10.1155/2023/7049360. eCollection 2023.","Karobari MI","Comput Math Methods Med","2023","2023/02/10","PMC9904932","","10.1155/2023/7049360"
"36734114","Association between impaired glucose metabolism and long-term prognosis at the time of diagnosis of depression: Impaired glucose metabolism as a promising biomarker proposed through a machine-learning approach","Lee DY, Cho YH, Kim M, Jeong CW, Cha JM, Won GH, Noh JS, Son SJ, Park RW.","Eur Psychiatry. 2023 Feb 3;66(1):e21. doi: 10.1192/j.eurpsy.2023.10.","Lee DY","Eur Psychiatry","2023","2023/02/03","PMC9970146","","10.1192/j.eurpsy.2023.10"
"36729819","Prognostic Factors of Marjolin Ulcers: A Meta-Analysis and Systematic Review Assisted by Machine Learning Techniques","Cheng KY, Yu J, Liu EW, Hu KC, Lee JJ.","Plast Reconstr Surg. 2023 Apr 1;151(4):875-884. doi: 10.1097/PRS.0000000000010012. Epub 2022 Dec 9.","Cheng KY","Plast Reconstr Surg","2023","2023/02/02","","","10.1097/PRS.0000000000010012"
"36682439","Artificial intelligence in lung cancer diagnosis and prognosis: Current application and future perspective","Huang S, Yang J, Shen N, Xu Q, Zhao Q.","Semin Cancer Biol. 2023 Feb;89:30-37. doi: 10.1016/j.semcancer.2023.01.006. Epub 2023 Jan 20.","Huang S","Semin Cancer Biol","2023","2023/01/22","","","10.1016/j.semcancer.2023.01.006"
"36673111","Machine Learning in Colorectal Cancer Risk Prediction from Routinely Collected Data: A Review","Burnett B, Zhou SM, Brophy S, Davies P, Ellis P, Kennedy J, Bandyopadhyay A, Parker M, Lyons RA.","Diagnostics (Basel). 2023 Jan 13;13(2):301. doi: 10.3390/diagnostics13020301.","Burnett B","Diagnostics (Basel)","2023","2023/01/21","PMC9858109","","10.3390/diagnostics13020301"
"36654817","Artificial intelligence in breast cancer imaging: risk stratification, lesion detection and classification, treatment planning and prognosis-a narrative review","Cè M, Caloro E, Pellegrino ME, Basile M, Sorce A, Fazzini D, Oliva G, Cellina M.","Explor Target Antitumor Ther. 2022;3(6):795-816. doi: 10.37349/etat.2022.00113. Epub 2022 Dec 27.","Cè M","Explor Target Antitumor Ther","2022","2023/01/19","PMC9834285","","10.37349/etat.2022.00113"
"36644177","A narrative review on machine learning in diagnosis and prognosis prediction for tongue squamous cell carcinoma","Lin Y, Tang M, Liu Y, Jiang M, He S, Zeng D, Cui MY.","Transl Cancer Res. 2022 Dec;11(12):4409-4415. doi: 10.21037/tcr-22-1669.","Lin Y","Transl Cancer Res","2022","2023/01/16","PMC9834582","","10.21037/tcr-22-1669"
"36635582","Application of artificial intelligence to stereotactic radiosurgery for intracranial lesions: detection, segmentation, and outcome prediction","Lin YY, Guo WY, Lu CF, Peng SJ, Wu YT, Lee CC.","J Neurooncol. 2023 Feb;161(3):441-450. doi: 10.1007/s11060-022-04234-x. Epub 2023 Jan 13.","Lin YY","J Neurooncol","2023","2023/01/12","","","10.1007/s11060-022-04234-x"
"36611350","Artificial Intelligence in Breast Ultrasound: From Diagnosis to Prognosis-A Rapid Review","Brunetti N, Calabrese M, Martinoli C, Tagliafico AS.","Diagnostics (Basel). 2022 Dec 26;13(1):58. doi: 10.3390/diagnostics13010058.","Brunetti N","Diagnostics (Basel)","2022","2023/01/08","PMC9818181","","10.3390/diagnostics13010058"
"36551716","Diagnostic and Prognostic Deep Learning Applications for Histological Assessment of Cutaneous Melanoma","Grant SR, Andrew TW, Alvarez EV, Huss WJ, Paragh G.","Cancers (Basel). 2022 Dec 17;14(24):6231. doi: 10.3390/cancers14246231.","Grant SR","Cancers (Basel)","2022","2022/12/23","PMC9776963","","10.3390/cancers14246231"
"36517196","Bladder Cancer Radiation Oncology of the Future: Prognostic Modelling, Radiomics, and Treatment Planning With Artificial Intelligence","Moore NS, McWilliam A, Aneja S.","Semin Radiat Oncol. 2023 Jan;33(1):70-75. doi: 10.1016/j.semradonc.2022.10.009.","Moore NS","Semin Radiat Oncol","2023","2022/12/14","","","10.1016/j.semradonc.2022.10.009"
"36481326","Machine learning for outcome prediction of neurosurgical aneurysm treatment: Current methods and future directions","Velagapudi L, Saiegh FA, Swaminathan S, Mouchtouris N, Khanna O, Sabourin V, Gooch MR, Herial N, Tjoumakaris S, Rosenwasser RH, Jabbour P.","Clin Neurol Neurosurg. 2023 Jan;224:107547. doi: 10.1016/j.clineuro.2022.107547. Epub 2022 Nov 25.","Velagapudi L","Clin Neurol Neurosurg","2023","2022/12/08","","","10.1016/j.clineuro.2022.107547"
"36475188","Role of Artificial Intelligence and Machine Learning in Prediction, Diagnosis, and Prognosis of Cancer","Gaur K, Jagtap MM.","Cureus. 2022 Nov 2;14(11):e31008. doi: 10.7759/cureus.31008. eCollection 2022 Nov.","Gaur K","Cureus","2022","2022/12/07","PMC9717523","","10.7759/cureus.31008"
"36462630","Machine Learning for Lung Cancer Diagnosis, Treatment, and Prognosis","Li Y, Wu X, Yang P, Jiang G, Luo Y.","Genomics Proteomics Bioinformatics. 2022 Oct;20(5):850-866. doi: 10.1016/j.gpb.2022.11.003. Epub 2022 Dec 1.","Li Y","Genomics Proteomics Bioinformatics","2022","2022/12/03","PMC10025752","","10.1016/j.gpb.2022.11.003"
"36431321","Cardiovascular/Stroke Risk Stratification in Diabetic Foot Infection Patients Using Deep Learning-Based Artificial Intelligence: An Investigative Study","Khanna NN, Maindarkar MA, Viswanathan V, Puvvula A, Paul S, Bhagawati M, Ahluwalia P, Ruzsa Z, Sharma A, Kolluri R, Krishnan PR, Singh IM, Laird JR, Fatemi M, Alizad A, Dhanjil SK, Saba L, Balestrieri A, Faa G, Paraskevas KI, Misra DP, Agarwal V, Sharma A, Teji JS, Al-Maini M, Nicolaides A, Rathore V, Naidu S, Liblik K, Johri AM, Turk M, Sobel DW, Miner M, Viskovic K, Tsoulfas G, Protogerou AD, Mavrogeni S, Kitas GD, Fouda MM, Kalra MK, Suri JS.","J Clin Med. 2022 Nov 19;11(22):6844. doi: 10.3390/jcm11226844.","Khanna NN","J Clin Med","2022","2022/11/26","PMC9693632","","10.3390/jcm11226844"
"36426919","An Assessment of the Predictive Performance of Current Machine Learning-Based Breast Cancer Risk Prediction Models: Systematic Review","Gao Y, Li S, Jin Y, Zhou L, Sun S, Xu X, Li S, Yang H, Zhang Q, Wang Y.","JMIR Public Health Surveill. 2022 Dec 29;8(12):e35750. doi: 10.2196/35750.","Gao Y","JMIR Public Health Surveill","2022","2022/11/25","PMC9837707","","10.2196/35750"
"39076608","Multi-modal deep learning based on multi-dimensional and multi-level temporal data can enhance the prognostic prediction for multi-drug resistant pulmonary tuberculosis patients","Lu ZH, Yang M, Pan CH, Zheng PY, Zhang SX.","Sci One Health. 2022 Nov 23;1:100004. doi: 10.1016/j.soh.2022.100004. eCollection 2022 Nov.","Lu ZH","Sci One Health","2022","2024/07/30","PMC11262254","","10.1016/j.soh.2022.100004"
"36304293","A Review of Feature Selection Methods for Machine Learning-Based Disease Risk Prediction","Pudjihartono N, Fadason T, Kempa-Liehr AW, O'Sullivan JM.","Front Bioinform. 2022 Jun 27;2:927312. doi: 10.3389/fbinf.2022.927312. eCollection 2022.","Pudjihartono N","Front Bioinform","2022","2022/10/28","PMC9580915","","10.3389/fbinf.2022.927312"
"36201237","Machine learning in sudden cardiac death risk prediction: a systematic review","Barker J, Li X, Khavandi S, Koeckerling D, Mavilakandy A, Pepper C, Bountziouka V, Chen L, Kotb A, Antoun I, Mansir J, Smith-Byrne K, Schlindwein FS, Dhutia H, Tyukin I, Nicolson WB, Ng GA.","Europace. 2022 Nov 22;24(11):1777-1787. doi: 10.1093/europace/euac135.","Barker J","Europace","2022","2022/10/06","","","10.1093/europace/euac135"
"36158960","Pre-thrombectomy prognostic prediction of large-vessel ischemic stroke using machine learning: A systematic review and meta-analysis","Zeng M, Oakden-Rayner L, Bird A, Smith L, Wu Z, Scroop R, Kleinig T, Jannes J, Jenkinson M, Palmer LJ.","Front Neurol. 2022 Sep 8;13:945813. doi: 10.3389/fneur.2022.945813. eCollection 2022.","Zeng M","Front Neurol","2022","2022/09/26","PMC9495610","","10.3389/fneur.2022.945813"
"36143255","Effectiveness of Artificial Intelligence Methods in Personalized Aggression Risk Prediction within Inpatient Psychiatric Treatment Settings-A Systematic Review","Tay JL, Li Z, Sim K.","J Pers Med. 2022 Sep 7;12(9):1470. doi: 10.3390/jpm12091470.","Tay JL","J Pers Med","2022","2022/09/23","PMC9501805","","10.3390/jpm12091470"
"36119479","Applying artificial intelligence technology to assist with breast cancer diagnosis and prognosis prediction","Jones MA, Islam W, Faiz R, Chen X, Zheng B.","Front Oncol. 2022 Aug 31;12:980793. doi: 10.3389/fonc.2022.980793. eCollection 2022.","Jones MA","Front Oncol","2022","2022/09/19","PMC9471147","","10.3389/fonc.2022.980793"
"36099267","Social determinants of health in prognostic machine learning models for orthopaedic outcomes: A systematic review","Lans A, Kanbier LN, Bernstein DN, Groot OQ, Ogink PT, Tobert DG, Verlaan JJ, Schwab JH.","J Eval Clin Pract. 2023 Mar;29(2):292-299. doi: 10.1111/jep.13765. Epub 2022 Sep 13.","Lans A","J Eval Clin Pract","2023","2022/09/13","","","10.1111/jep.13765"
"36098343","Evolution of Radiological Treatment Response Assessments for Cancer Immunotherapy: From iRECIST to Radiomics and Artificial Intelligence","Kim N, Lee ES, Won SE, Yang M, Lee AJ, Shin Y, Ko Y, Pyo J, Park HJ, Kim KW.","Korean J Radiol. 2022 Nov;23(11):1089-1101. doi: 10.3348/kjr.2022.0225. Epub 2022 Sep 5.","Kim N","Korean J Radiol","2022","2022/09/13","PMC9614294","","10.3348/kjr.2022.0225"
"36078307","Machine Learning and Criminal Justice: A Systematic Review of Advanced Methodology for Recidivism Risk Prediction","Travaini GV, Pacchioni F, Bellumore S, Bosia M, De Micco F.","Int J Environ Res Public Health. 2022 Aug 25;19(17):10594. doi: 10.3390/ijerph191710594.","Travaini GV","Int J Environ Res Public Health","2022","2022/09/09","PMC9517748","","10.3390/ijerph191710594"
"36004937","Machine learning for risk stratification in kidney disease","Gulamali FF, Sawant AS, Nadkarni GN.","Curr Opin Nephrol Hypertens. 2022 Nov 1;31(6):548-552. doi: 10.1097/MNH.0000000000000832. Epub 2022 Aug 10.","Gulamali FF","Curr Opin Nephrol Hypertens","2022","2022/08/25","PMC9529795","NIHMS1827357","10.1097/MNH.0000000000000832"
"35961967","Predicting treatment response using EEG in major depressive disorder: A machine-learning meta-analysis","Watts D, Pulice RF, Reilly J, Brunoni AR, Kapczinski F, Passos IC.","Transl Psychiatry. 2022 Aug 12;12(1):332. doi: 10.1038/s41398-022-02064-z.","Watts D","Transl Psychiatry","2022","2022/08/12","PMC9374666","","10.1038/s41398-022-02064-z"
"35885449","Deep Learning Paradigm for Cardiovascular Disease/Stroke Risk Stratification in Parkinson's Disease Affected by COVID-19: A Narrative Review","Suri JS, Maindarkar MA, Paul S, Ahluwalia P, Bhagawati M, Saba L, Faa G, Saxena S, Singh IM, Chadha PS, Turk M, Johri A, Khanna NN, Viskovic K, Mavrogeni S, Laird JR, Miner M, Sobel DW, Balestrieri A, Sfikakis PP, Tsoulfas G, Protogerou AD, Misra DP, Agarwal V, Kitas GD, Kolluri R, Teji JS, Al-Maini M, Dhanjil SK, Sockalingam M, Saxena A, Sharma A, Rathore V, Fatemi M, Alizad A, Krishnan PR, Omerzu T, Naidu S, Nicolaides A, Paraskevas KI, Kalra M, Ruzsa Z, Fouda MM.","Diagnostics (Basel). 2022 Jun 24;12(7):1543. doi: 10.3390/diagnostics12071543.","Suri JS","Diagnostics (Basel)","2022","2022/07/27","PMC9324237","","10.3390/diagnostics12071543"
"35873778","Performance of Machine Learning for Tissue Outcome Prediction in Acute Ischemic Stroke: A Systematic Review and Meta-Analysis","Wang X, Fan Y, Zhang N, Li J, Duan Y, Yang B.","Front Neurol. 2022 Jul 8;13:910259. doi: 10.3389/fneur.2022.910259. eCollection 2022.","Wang X","Front Neurol","2022","2022/07/25","PMC9305175","","10.3389/fneur.2022.910259"
"35794668","Risk of bias of prognostic models developed using machine learning: a systematic review in oncology","Dhiman P, Ma J, Andaur Navarro CL, Speich B, Bullock G, Damen JAA, Hooft L, Kirtley S, Riley RD, Van Calster B, Moons KGM, Collins GS.","Diagn Progn Res. 2022 Jul 7;6(1):13. doi: 10.1186/s41512-022-00126-w.","Dhiman P","Diagn Progn Res","2022","2022/07/06","PMC9261114","","10.1186/s41512-022-00126-w"
"35771735","Artificial intelligence in clinical applications for lung cancer: diagnosis, treatment and prognosis","Pei Q, Luo Y, Chen Y, Li J, Xie D, Ye T.","Clin Chem Lab Med. 2022 Jun 30;60(12):1974-1983. doi: 10.1515/cclm-2022-0291. Print 2022 Nov 25.","Pei Q","Clin Chem Lab Med","2022","2022/06/30","","","10.1515/cclm-2022-0291"
"35659246","Machine learning methods for functional recovery prediction and prognosis in post-stroke rehabilitation: a systematic review","Campagnini S, Arienti C, Patrini M, Liuzzi P, Mannini A, Carrozza MC.","J Neuroeng Rehabil. 2022 Jun 3;19(1):54. doi: 10.1186/s12984-022-01032-4.","Campagnini S","J Neuroeng Rehabil","2022","2022/06/06","PMC9166382","","10.1186/s12984-022-01032-4"
"35650647","A scoping methodological review of simulation studies comparing statistical and machine learning approaches to risk prediction for time-to-event data","Smith H, Sweeting M, Morris T, Crowther MJ.","Diagn Progn Res. 2022 Jun 2;6(1):10. doi: 10.1186/s41512-022-00124-y.","Smith H","Diagn Progn Res","2022","2022/06/01","PMC9161606","","10.1186/s41512-022-00124-y"
"35642760","CT-Derived Body Composition Assessment as a Prognostic Tool in Oncologic Patients: From Opportunistic Research to Artificial Intelligence-Based Clinical Implementation","Bates DDB, Pickhardt PJ.","AJR Am J Roentgenol. 2022 Oct;219(4):671-680. doi: 10.2214/AJR.22.27749. Epub 2022 Jun 1.","Bates DDB","AJR Am J Roentgenol","2022","2022/06/01","","","10.2214/AJR.22.27749"
"35636386","Machine Learning in the Diagnosis and Prognostic Prediction of Dental Caries: A Systematic Review","Reyes LT, Knorst JK, Ortiz FR, Ardenghi TM.","Caries Res. 2022;56(3):161-170. doi: 10.1159/000524167. Epub 2022 May 30.","Reyes LT","Caries Res","2022","2022/05/31","","","10.1159/000524167"
"35626389","Cardiovascular Risk Stratification in Diabetic Retinopathy via Atherosclerotic Pathway in COVID-19/Non-COVID-19 Frameworks Using Artificial Intelligence Paradigm: A Narrative Review","Munjral S, Maindarkar M, Ahluwalia P, Puvvula A, Jamthikar A, Jujaray T, Suri N, Paul S, Pathak R, Saba L, Chalakkal RJ, Gupta S, Faa G, Singh IM, Chadha PS, Turk M, Johri AM, Khanna NN, Viskovic K, Mavrogeni S, Laird JR, Pareek G, Miner M, Sobel DW, Balestrieri A, Sfikakis PP, Tsoulfas G, Protogerou A, Misra DP, Agarwal V, Kitas GD, Kolluri R, Teji J, Al-Maini M, Dhanjil SK, Sockalingam M, Saxena A, Sharma A, Rathore V, Fatemi M, Alizad A, Viswanathan V, Krishnan PR, Omerzu T, Naidu S, Nicolaides A, Fouda MM, Suri JS.","Diagnostics (Basel). 2022 May 14;12(5):1234. doi: 10.3390/diagnostics12051234.","Munjral S","Diagnostics (Basel)","2022","2022/05/28","PMC9140106","","10.3390/diagnostics12051234"
"35584585","Application of artificial intelligence in the diagnosis and prognostic prediction of ovarian cancer","Zhou J, Cao W, Wang L, Pan Z, Fu Y.","Comput Biol Med. 2022 Jul;146:105608. doi: 10.1016/j.compbiomed.2022.105608. Epub 2022 May 13.","Zhou J","Comput Biol Med","2022","2022/05/18","","","10.1016/j.compbiomed.2022.105608"
"35508795","Artificial intelligence for disease diagnosis and risk prediction in nuclear cardiology","Miller RJH, Huang C, Liang JX, Slomka PJ.","J Nucl Cardiol. 2022 Aug;29(4):1754-1762. doi: 10.1007/s12350-022-02977-8. Epub 2022 May 4.","Miller RJH","J Nucl Cardiol","2022","2022/05/04","","","10.1007/s12350-022-02977-8"
"35508417","How is test laboratory data used and characterised by machine learning models? A systematic review of diagnostic and prognostic models developed for COVID-19 patients using only laboratory data","Carobene A, Milella F, Famiglini L, Cabitza F.","Clin Chem Lab Med. 2022 May 5;60(12):1887-1901. doi: 10.1515/cclm-2022-0182. Print 2022 Nov 25.","Carobene A","Clin Chem Lab Med","2022","2022/05/04","","","10.1515/cclm-2022-0182"
"35479632","Could Artificial Intelligence/Machine Learning and Inclusion of Diet-Gut Microbiome Interactions Improve Disease Risk Prediction? Case Study: Coronary Artery Disease","Vilne B, Ķibilds J, Siksna I, Lazda I, Valciņa O, Krūmiņa A.","Front Microbiol. 2022 Apr 11;13:627892. doi: 10.3389/fmicb.2022.627892. eCollection 2022.","Vilne B","Front Microbiol","2022","2022/04/28","PMC9036178","","10.3389/fmicb.2022.627892"
"35475536","Use of unstructured text in prognostic clinical prediction models: a systematic review","Seinen TM, Fridgeirsson EA, Ioannou S, Jeannetot D, John LH, Kors JA, Markus AF, Pera V, Rekkas A, Williams RD, Yang C, van Mulligen EM, Rijnbeek PR.","J Am Med Inform Assoc. 2022 Jun 14;29(7):1292-1302. doi: 10.1093/jamia/ocac058.","Seinen TM","J Am Med Inform Assoc","2022","2022/04/27","PMC9196702","","10.1093/jamia/ocac058"
"35448500","Cardiovascular/Stroke Risk Stratification in Parkinson's Disease Patients Using Atherosclerosis Pathway and Artificial Intelligence Paradigm: A Systematic Review","Suri JS, Paul S, Maindarkar MA, Puvvula A, Saxena S, Saba L, Turk M, Laird JR, Khanna NN, Viskovic K, Singh IM, Kalra M, Krishnan PR, Johri A, Paraskevas KI.","Metabolites. 2022 Mar 31;12(4):312. doi: 10.3390/metabo12040312.","Suri JS","Metabolites","2022","2022/04/21","PMC9033076","","10.3390/metabo12040312"
"35395724","Methodological conduct of prognostic prediction models developed using machine learning in oncology: a systematic review","Dhiman P, Ma J, Andaur Navarro CL, Speich B, Bullock G, Damen JAA, Hooft L, Kirtley S, Riley RD, Van Calster B, Moons KGM, Collins GS.","BMC Med Res Methodol. 2022 Apr 8;22(1):101. doi: 10.1186/s12874-022-01577-x.","Dhiman P","BMC Med Res Methodol","2022","2022/04/09","PMC8991704","","10.1186/s12874-022-01577-x"
"35328275","A Powerful Paradigm for Cardiovascular Risk Stratification Using Multiclass, Multi-Label, and Ensemble-Based Machine Learning Paradigms: A Narrative Review","Suri JS, Bhagawati M, Paul S, Protogerou AD, Sfikakis PP, Kitas GD, Khanna NN, Ruzsa Z, Sharma AM, Saxena S, Faa G, Laird JR, Johri AM, Kalra MK, Paraskevas KI, Saba L.","Diagnostics (Basel). 2022 Mar 16;12(3):722. doi: 10.3390/diagnostics12030722.","Suri JS","Diagnostics (Basel)","2022","2022/03/25","PMC8947682","","10.3390/diagnostics12030722"
"35323346","Applications of Artificial Intelligence in Screening, Diagnosis, Treatment, and Prognosis of Colorectal Cancer","Qiu H, Ding S, Liu J, Wang L, Wang X.","Curr Oncol. 2022 Mar 7;29(3):1773-1795. doi: 10.3390/curroncol29030146.","Qiu H","Curr Oncol","2022","2022/03/24","PMC8947571","","10.3390/curroncol29030146"
"35297371","Implementation of prognostic machine learning algorithms in paediatric chronic respiratory conditions: a scoping review","Filipow N, Main E, Sebire NJ, Booth J, Taylor AM, Davies G, Stanojevic S.","BMJ Open Respir Res. 2022 Mar;9(1):e001165. doi: 10.1136/bmjresp-2021-001165.","Filipow N","BMJ Open Respir Res","2022","2022/03/17","PMC8928277","","10.1136/bmjresp-2021-001165"
"35261480","Machine learning techniques applied to mechanical fault diagnosis and fault prognosis in the context of real industrial manufacturing use-cases: a systematic literature review","Fernandes M, Corchado JM, Marreiros G.","Appl Intell (Dordr). 2022;52(12):14246-14280. doi: 10.1007/s10489-022-03344-3. Epub 2022 Mar 4.","Fernandes M","Appl Intell (Dordr)","2022","2022/03/09","PMC8894092","","10.1007/s10489-022-03344-3"
"35261223","Cardiovascular risk prediction: from classical statistical methods to machine learning approaches","Sperti M, Malavolta M, Staunovo Polacco F, Dellavalle A, Ruggieri R, Bergia S, Fazio A, Santoro C, Deriu MA.","Minerva Cardiol Angiol. 2022 Feb;70(1):102-122. doi: 10.23736/S2724-5683.21.05868-3.","Sperti M","Minerva Cardiol Angiol","2022","2022/03/09","","","10.23736/S2724-5683.21.05868-3"
"35222885","Discovering Knee Osteoarthritis Imaging Features for Diagnosis and Prognosis: Review of Manual Imaging Grading and Machine Learning Approaches","Teoh YX, Lai KW, Usman J, Goh SL, Mohafez H, Hasikin K, Qian P, Jiang Y, Zhang Y, Dhanalakshmi S.","J Healthc Eng. 2022 Feb 18;2022:4138666. doi: 10.1155/2022/4138666. eCollection 2022.","Teoh YX","J Healthc Eng","2022","2022/02/28","PMC8881170","","10.1155/2022/4138666"
"35174084","Imaging Biomarkers of Glioblastoma Treatment Response: A Systematic Review and Meta-Analysis of Recent Machine Learning Studies","Booth TC, Grzeda M, Chelliah A, Roman A, Al Busaidi A, Dragos C, Shuaib H, Luis A, Mirchandani A, Alparslan B, Mansoor N, Lavrador J, Vergani F, Ashkan K, Modat M, Ourselin S.","Front Oncol. 2022 Jan 31;12:799662. doi: 10.3389/fonc.2022.799662. eCollection 2022.","Booth TC","Front Oncol","2022","2022/02/17","PMC8842649","","10.3389/fonc.2022.799662"
"35171443","Artificial Intelligence to Improve Risk Prediction with Nuclear Cardiac Studies","Juarez-Orozco LE, Klén R, Niemi M, Ruijsink B, Daquarti G, van Es R, Benjamins JW, Yeung MW, van der Harst P, Knuuti J.","Curr Cardiol Rep. 2022 Apr;24(4):307-316. doi: 10.1007/s11886-022-01649-w. Epub 2022 Feb 16.","Juarez-Orozco LE","Curr Cardiol Rep","2022","2022/02/16","PMC8852880","","10.1007/s11886-022-01649-w"
"35158874","Machine Learning and Deep Learning Applications in Multiple Myeloma Diagnosis, Prognosis, and Treatment Selection","Allegra A, Tonacci A, Sciaccotta R, Genovese S, Musolino C, Pioggia G, Gangemi S.","Cancers (Basel). 2022 Jan 25;14(3):606. doi: 10.3390/cancers14030606.","Allegra A","Cancers (Basel)","2022","2022/02/15","PMC8833500","","10.3390/cancers14030606"
"35144387","Artificial intelligence and imaging for risk prediction of pancreatic cancer: a narrative review","Qureshi TA, Javed S, Sarmadi T, Pandol SJ, Li D.","Chin Clin Oncol. 2022 Feb;11(1):1. doi: 10.21037/cco-21-117. Epub 2022 Feb 9.","Qureshi TA","Chin Clin Oncol","2022","2022/02/11","PMC9273027","NIHMS1820428","10.21037/cco-21-117"
"35116107","Development of artificial intelligence technology in diagnosis, treatment, and prognosis of colorectal cancer","Liang F, Wang S, Zhang K, Liu TJ, Li JN.","World J Gastrointest Oncol. 2022 Jan 15;14(1):124-152. doi: 10.4251/wjgo.v14.i1.124.","Liang F","World J Gastrointest Oncol","2022","2022/02/04","PMC8790413","","10.4251/wjgo.v14.i1.124"
"35070384","Artificial intelligence-assisted decision making for prognosis and drug efficacy prediction in lung cancer patients: a narrative review","Li J, Wu J, Zhao Z, Zhang Q, Shao J, Wang C, Qiu Z, Li W.","J Thorac Dis. 2021 Dec;13(12):7021-7033. doi: 10.21037/jtd-21-864.","Li J","J Thorac Dis","2021","2022/01/24","PMC8743400","","10.21037/jtd-21-864"
"35065220","Artificial intelligence: A promising frontier in bladder cancer diagnosis and outcome prediction","Borhani S, Borhani R, Kajdacsy-Balla A.","Crit Rev Oncol Hematol. 2022 Mar;171:103601. doi: 10.1016/j.critrevonc.2022.103601. Epub 2022 Jan 19.","Borhani S","Crit Rev Oncol Hematol","2022","2022/01/22","","","10.1016/j.critrevonc.2022.103601"
"35048222","Prognostic findings for ICU admission in patients with COVID-19 pneumonia: baseline and follow-up chest CT and the added value of artificial intelligence","Laino ME, Ammirabile A, Lofino L, Lundon DJ, Chiti A, Francone M, Savevski V.","Emerg Radiol. 2022 Apr;29(2):243-262. doi: 10.1007/s10140-021-02008-y. Epub 2022 Jan 20.","Laino ME","Emerg Radiol","2022","2022/01/20","PMC8769787","","10.1007/s10140-021-02008-y"
"35021182","Machine Learning Algorithms as a Computer-Assisted Decision Tool for Oral Cancer Prognosis and Management Decisions: A Systematic Review","Chiesa-Estomba CM, Graña M, Medela A, Sistiaga-Suarez JA, Lechien JR, Calvo-Henriquez C, Mayo-Yanez M, Vaira LA, Grammatica A, Cammaroto G, Ayad T, Fagan JJ.","ORL J Otorhinolaryngol Relat Spec. 2022;84(4):278-288. doi: 10.1159/000520672. Epub 2022 Jan 12.","Chiesa-Estomba CM","ORL J Otorhinolaryngol Relat Spec","2022","2022/01/12","","","10.1159/000520672"
"35005694","COVID-19 Prognostic Models: A Pro-con Debate for Machine Learning vs. Traditional Statistics","Al-Hindawi A, Abdulaal A, Rawson TM, Alqahtani SA, Mughal N, Moore LSP.","Front Digit Health. 2021 Dec 23;3:637944. doi: 10.3389/fdgth.2021.637944. eCollection 2021.","Al-Hindawi A","Front Digit Health","2021","2022/01/10","PMC8734592","","10.3389/fdgth.2021.637944"
"34982868","Deep Learning for Outcome Prediction in Neurosurgery: A Systematic Review of Design, Reporting, and Reproducibility","Huang J, Shlobin NA, DeCuypere M, Lam SK.","Neurosurgery. 2022 Jan 1;90(1):16-38. doi: 10.1227/NEU.0000000000001736.","Huang J","Neurosurgery","2022","2022/01/04","","","10.1227/NEU.0000000000001736"
"34942271","Machine learning applications on neuroimaging for diagnosis and prognosis of epilepsy: A review","Yuan J, Ran X, Liu K, Yao C, Yao Y, Wu H, Liu Q.","J Neurosci Methods. 2022 Feb 15;368:109441. doi: 10.1016/j.jneumeth.2021.109441. Epub 2021 Dec 21.","Yuan J","J Neurosci Methods","2022","2021/12/23","","","10.1016/j.jneumeth.2021.109441"
"34939174","Methodological quality of machine learning-based quantitative imaging analysis studies in esophageal cancer: a systematic review of clinical outcome prediction after concurrent chemoradiotherapy","Shi Z, Zhang Z, Liu Z, Zhao L, Ye Z, Dekker A, Wee L.","Eur J Nucl Med Mol Imaging. 2022 Jul;49(8):2462-2481. doi: 10.1007/s00259-021-05658-9. Epub 2021 Dec 23.","Shi Z","Eur J Nucl Med Mol Imaging","2022","2021/12/23","PMC9206619","","10.1007/s00259-021-05658-9"
"34938254","Machine Learning in Action: Stroke Diagnosis and Outcome Prediction","Mainali S, Darsie ME, Smetana KS.","Front Neurol. 2021 Dec 6;12:734345. doi: 10.3389/fneur.2021.734345. eCollection 2021.","Mainali S","Front Neurol","2021","2021/12/23","PMC8685212","","10.3389/fneur.2021.734345"
"34924256","Deep Learning for Radiotherapy Outcome Prediction Using Dose Data - A Review","Appelt AL, Elhaminia B, Gooya A, Gilbert A, Nix M.","Clin Oncol (R Coll Radiol). 2022 Feb;34(2):e87-e96. doi: 10.1016/j.clon.2021.12.002. Epub 2021 Dec 16.","Appelt AL","Clin Oncol (R Coll Radiol)","2022","2021/12/20","","","10.1016/j.clon.2021.12.002"
"34884024","Overview of Explainable Artificial Intelligence for Prognostic and Health Management of Industrial Assets Based on Preferred Reporting Items for Systematic Reviews and Meta-Analyses","Nor AKM, Pedapati SR, Muhammad M, Leiva V.","Sensors (Basel). 2021 Dec 1;21(23):8020. doi: 10.3390/s21238020.","Nor AKM","Sensors (Basel)","2021","2021/12/10","PMC8659640","","10.3390/s21238020"
"34829962","Deep Learning for Human Disease Detection, Subtype Classification, and Treatment Response Prediction Using Epigenomic Data","Nguyen TM, Kim N, Kim DH, Le HL, Piran MJ, Um SJ, Kim JH.","Biomedicines. 2021 Nov 20;9(11):1733. doi: 10.3390/biomedicines9111733.","Nguyen TM","Biomedicines","2021","2021/11/27","PMC8615388","","10.3390/biomedicines9111733"
"34828357","Bioinformatic and Machine Learning Applications in Melanoma Risk Assessment and Prognosis: A Literature Review","Ma EZ, Hoegler KM, Zhou AE.","Genes (Basel). 2021 Oct 30;12(11):1751. doi: 10.3390/genes12111751.","Ma EZ","Genes (Basel)","2021","2021/11/27","PMC8621295","","10.3390/genes12111751"
"34805994","Machine learning for the life-time risk prediction of Alzheimer's disease: a systematic review","Rowe TW, Katzourou IK, Stevenson-Hoare JO, Bracher-Smith MR, Ivanov DK, Escott-Price V.","Brain Commun. 2021 Oct 21;3(4):fcab246. doi: 10.1093/braincomms/fcab246. eCollection 2021.","Rowe TW","Brain Commun","2021","2021/11/22","PMC8598986","","10.1093/braincomms/fcab246"
"34754327","Deep Learning in Cancer Diagnosis and Prognosis Prediction: A Minireview on Challenges, Recent Trends, and Future Directions","Tufail AB, Ma YK, Kaabar MKA, Martínez F, Junejo AR, Ullah I, Khan R.","Comput Math Methods Med. 2021 Oct 31;2021:9025470. doi: 10.1155/2021/9025470. eCollection 2021.","Tufail AB","Comput Math Methods Med","2021","2021/11/10","PMC8572604","","10.1155/2021/9025470"
"34712399","Applied machine learning in cancer research: A systematic review for patient diagnosis, classification and prognosis","Kourou K, Exarchos KP, Papaloukas C, Sakaloglou P, Exarchos T, Fotiadis DI.","Comput Struct Biotechnol J. 2021 Oct 6;19:5546-5555. doi: 10.1016/j.csbj.2021.10.006. eCollection 2021.","Kourou K","Comput Struct Biotechnol J","2021","2021/10/29","PMC8523813","","10.1016/j.csbj.2021.10.006"
"34708735","Narrative review of artificial intelligence in diabetic macular edema: Diagnosis and predicting treatment response using optical coherence tomography","Chakroborty S, Gupta M, Devishamani CS, Patel K, Ankit C, Ganesh Babu TC, Raman R.","Indian J Ophthalmol. 2021 Nov;69(11):2999-3008. doi: 10.4103/ijo.IJO_1482_21.","Chakroborty S","Indian J Ophthalmol","2021","2021/10/28","PMC8725112","","10.4103/ijo.IJO_1482_21"
"34638627","Risk Prediction of Cardiovascular Events by Exploration of Molecular Data with Explainable Artificial Intelligence","Westerlund AM, Hawe JS, Heinig M, Schunkert H.","Int J Mol Sci. 2021 Sep 24;22(19):10291. doi: 10.3390/ijms221910291.","Westerlund AM","Int J Mol Sci","2021","2021/10/13","PMC8508897","","10.3390/ijms221910291"
"34579788","Deep learning in cancer diagnosis, prognosis and treatment selection","Tran KA, Kondrashova O, Bradley A, Williams ED, Pearson JV, Waddell N.","Genome Med. 2021 Sep 27;13(1):152. doi: 10.1186/s13073-021-00968-x.","Tran KA","Genome Med","2021","2021/09/28","PMC8477474","","10.1186/s13073-021-00968-x"
"34541366","Scope and challenges of machine learning-based diagnosis and prognosis in clinical dentistry: A literature review","Reyes LT, Knorst JK, Ortiz FR, Ardenghi TM.","J Clin Transl Res. 2021 Jul 30;7(4):523-539. eCollection 2021 Aug 26.","Reyes LT","J Clin Transl Res","2021","2021/09/20","PMC8445629","",""
"34492100","Machine Learning-based Prediction Models for Diagnosis and Prognosis in Inflammatory Bowel Diseases: A Systematic Review","Nguyen NH, Picetti D, Dulai PS, Jairath V, Sandborn WJ, Ohno-Machado L, Chen PL, Singh S.","J Crohns Colitis. 2022 Mar 14;16(3):398-413. doi: 10.1093/ecco-jcc/jjab155.","Nguyen NH","J Crohns Colitis","2022","2021/09/07","PMC8919806","","10.1093/ecco-jcc/jjab155"
"34465148","The diagnostic and prognostic value of artificial intelligence and artificial neural networks in spinal surgery : a narrative review","McDonnell JM, Evans SR, McCarthy L, Temperley H, Waters C, Ahern D, Cunniffe G, Morris S, Synnott K, Birch N, Butler JS.","Bone Joint J. 2021 Sep;103-B(9):1442-1448. doi: 10.1302/0301-620X.103B9.BJJ-2021-0192.R1.","McDonnell JM","Bone Joint J","2021","2021/09/01","","","10.1302/0301-620X.103B9.BJJ-2021-0192.R1"
"34214626","Reporting of prognostic clinical prediction models based on machine learning methods in oncology needs to be improved","Dhiman P, Ma J, Navarro CA, Speich B, Bullock G, Damen JA, Kirtley S, Hooft L, Riley RD, Van Calster B, Moons KGM, Collins GS.","J Clin Epidemiol. 2021 Oct;138:60-72. doi: 10.1016/j.jclinepi.2021.06.024. Epub 2021 Jun 29.","Dhiman P","J Clin Epidemiol","2021","2021/07/02","PMC8592577","","10.1016/j.jclinepi.2021.06.024"
"34072804","Application and Performance of Artificial Intelligence Technology in Oral Cancer Diagnosis and Prediction of Prognosis: A Systematic Review","Khanagar SB, Naik S, Al Kheraif AA, Vishwanathaiah S, Maganur PC, Alhazmi Y, Mushtaq S, Sarode SC, Sarode GS, Zanza A, Testarelli L, Patil S.","Diagnostics (Basel). 2021 May 31;11(6):1004. doi: 10.3390/diagnostics11061004.","Khanagar SB","Diagnostics (Basel)","2021","2021/06/02","PMC8227647","","10.3390/diagnostics11061004"
"34051979","Phenomapping Heart Failure with Preserved Ejection Fraction Using Machine Learning Cluster Analysis: Prognostic and Therapeutic Implications","Galli E, Bourg C, Kosmala W, Oger E, Donal E.","Heart Fail Clin. 2021 Jul;17(3):499-518. doi: 10.1016/j.hfc.2021.02.010.","Galli E","Heart Fail Clin","2021","2021/05/30","","","10.1016/j.hfc.2021.02.010"
"34050596","Artificial intelligence in clinical decision support and outcome prediction - applications in stroke","Yeo M, Kok HK, Kutaiba N, Maingard J, Thijs V, Tahayori B, Russell J, Jhamb A, Chandra RV, Brooks M, Barras CD, Asadi H.","J Med Imaging Radiat Oncol. 2021 May 28. doi: 10.1111/1754-9485.13193. Online ahead of print.","Yeo M","J Med Imaging Radiat Oncol","2021","2021/05/29","","","10.1111/1754-9485.13193"
"33982064","How machine learning is impacting research in atrial fibrillation: implications for risk prediction and future management","Olier I, Ortega-Martorell S, Pieroni M, Lip GYH.","Cardiovasc Res. 2021 Jun 16;117(7):1700-1717. doi: 10.1093/cvr/cvab169.","Olier I","Cardiovasc Res","2021","2021/05/13","PMC8477792","","10.1093/cvr/cvab169"
"33928671","Application of Artificial Intelligence for Diagnosis and Risk Stratification in NAFLD and NASH: The State of the Art","Dinani AM, Kowdley KV, Noureddin M.","Hepatology. 2021 Oct;74(4):2233-2240. doi: 10.1002/hep.31869. Epub 2021 Aug 10.","Dinani AM","Hepatology","2021","2021/04/30","","","10.1002/hep.31869"
"33882561","Artificial intelligence in bladder cancer prognosis: a pathway for personalized medicine","Pinar U, Pradere B, Roupret M.","Curr Opin Urol. 2021 Jul 1;31(4):404-408. doi: 10.1097/MOU.0000000000000882.","Pinar U","Curr Opin Urol","2021","2021/04/21","","","10.1097/MOU.0000000000000882"
"33842685","Machine learning approaches in COVID-19 diagnosis, mortality, and severity risk prediction: A review","Alballa N, Al-Turaiki I.","Inform Med Unlocked. 2021;24:100564. doi: 10.1016/j.imu.2021.100564. Epub 2021 Apr 3.","Alballa N","Inform Med Unlocked","2021","2021/04/12","PMC8018906","","10.1016/j.imu.2021.100564"
"33820530","Machine learning for subtype definition and risk prediction in heart failure, acute coronary syndromes and atrial fibrillation: systematic review of validity and clinical utility","Banerjee A, Chen S, Fatemifar G, Zeina M, Lumbers RT, Mielke J, Gill S, Kotecha D, Freitag DF, Denaxas S, Hemingway H.","BMC Med. 2021 Apr 6;19(1):85. doi: 10.1186/s12916-021-01940-7.","Banerjee A","BMC Med","2021","2021/04/06","PMC8022365","","10.1186/s12916-021-01940-7"
"33786653","Artificial intelligence in assessment of hepatocellular carcinoma treatment response","Spieler B, Sabottke C, Moawad AW, Gabr AM, Bashir MR, Do RKG, Yaghmai V, Rozenberg R, Gerena M, Yacoub J, Elsayes KM.","Abdom Radiol (NY). 2021 Aug;46(8):3660-3671. doi: 10.1007/s00261-021-03056-1. Epub 2021 Mar 31.","Spieler B","Abdom Radiol (NY)","2021","2021/03/31","","","10.1007/s00261-021-03056-1"
"33778661","Artificial Intelligence in Cardiovascular Imaging for Risk Stratification in Coronary Artery Disease","Lin A, Kolossváry M, Motwani M, Išgum I, Maurovich-Horvat P, Slomka PJ, Dey D.","Radiol Cardiothorac Imaging. 2021 Feb 25;3(1):e200512. doi: 10.1148/ryct.2021200512. eCollection 2021 Feb.","Lin A","Radiol Cardiothorac Imaging","2021","2021/03/29","PMC7978004","","10.1148/ryct.2021200512"
"33735095","Machine Learning Models for Image-Based Diagnosis and Prognosis of COVID-19: Systematic Review","Montazeri M, ZahediNasab R, Farahani A, Mohseni H, Ghasemian F.","JMIR Med Inform. 2021 Apr 23;9(4):e25181. doi: 10.2196/25181.","Montazeri M","JMIR Med Inform","2021","2021/03/18","PMC8074953","","10.2196/25181"
"33639101","Tumor Microenvironment and the Role of Artificial Intelligence in Breast Cancer Detection and Prognosis","Malherbe K.","Am J Pathol. 2021 Aug;191(8):1364-1373. doi: 10.1016/j.ajpath.2021.01.014. Epub 2021 Feb 24.","Malherbe K","Am J Pathol","2021","2021/02/27","","","10.1016/j.ajpath.2021.01.014"
"33573278","The Role of Artificial Intelligence in the Diagnosis and Prognosis of Renal Cell Tumors","Giulietti M, Cecati M, Sabanovic B, Scirè A, Cimadamore A, Santoni M, Montironi R, Piva F.","Diagnostics (Basel). 2021 Jan 30;11(2):206. doi: 10.3390/diagnostics11020206.","Giulietti M","Diagnostics (Basel)","2021","2021/02/12","PMC7912267","","10.3390/diagnostics11020206"
"33568617","Effectiveness of Artificial Intelligence Applications Designed for Endodontic Diagnosis, Decision-making, and Prediction of Prognosis: A Systematic Review","Boreak N.","J Contemp Dent Pract. 2020 Aug 1;21(8):926-934.","Boreak N","J Contemp Dent Pract","2020","2021/02/11","","",""
"33562572","Machine Learning Use for Prognostic Purposes in Multiple Sclerosis","Seccia R, Romano S, Salvetti M, Crisanti A, Palagi L, Grassi F.","Life (Basel). 2021 Feb 5;11(2):122. doi: 10.3390/life11020122.","Seccia R","Life (Basel)","2021","2021/02/10","PMC7914671","","10.3390/life11020122"
"33381570","Artificial Intelligence in Coronary Computed Tomography Angiography: From Anatomy to Prognosis","Muscogiuri G, Van Assen M, Tesche C, De Cecco CN, Chiesa M, Scafuri S, Guglielmo M, Baggiano A, Fusini L, Guaricci AI, Rabbat MG, Pontone G.","Biomed Res Int. 2020 Dec 16;2020:6649410. doi: 10.1155/2020/6649410. eCollection 2020.","Muscogiuri G","Biomed Res Int","2020","2020/12/31","PMC7762640","","10.1155/2020/6649410"
"33277724","Machine Learning Versus Usual Care for Diagnostic and Prognostic Prediction in the Emergency Department: A Systematic Review","Kareemi H, Vaillancourt C, Rosenberg H, Fournier K, Yadav K.","Acad Emerg Med. 2021 Feb;28(2):184-196. doi: 10.1111/acem.14190. Epub 2021 Jan 2.","Kareemi H","Acad Emerg Med","2021","2020/12/05","","","10.1111/acem.14190"
"33268955","Prognostic role of artificial intelligence among patients with hepatocellular cancer: A systematic review","Lai Q, Spoletini G, Mennini G, Laureiro ZL, Tsilimigras DI, Pawlik TM, Rossi M.","World J Gastroenterol. 2020 Nov 14;26(42):6679-6688. doi: 10.3748/wjg.v26.i42.6679.","Lai Q","World J Gastroenterol","2020","2020/12/03","PMC7673961","","10.3748/wjg.v26.i42.6679"
"33248809","Deep learning for the prediction of treatment response in depression","Squarcina L, Villa FM, Nobile M, Grisan E, Brambilla P.","J Affect Disord. 2021 Feb 15;281:618-622. doi: 10.1016/j.jad.2020.11.104. Epub 2020 Nov 17.","Squarcina L","J Affect Disord","2021","2020/11/29","","","10.1016/j.jad.2020.11.104"
"33200995","Comparison of Multivariable Logistic Regression and Other Machine Learning Algorithms for Prognostic Prediction Studies in Pregnancy Care: Systematic Review and Meta-Analysis","Sufriyana H, Husnayain A, Chen YL, Kuo CY, Singh O, Yeh TY, Wu YW, Su EC.","JMIR Med Inform. 2020 Nov 17;8(11):e16503. doi: 10.2196/16503.","Sufriyana H","JMIR Med Inform","2020","2020/11/17","PMC7708089","","10.2196/16503"
"33070540","Usefulness of machine learning in COVID-19 for the detection and prognosis of cardiovascular complications","Zimmerman A, Kalra D.","Rev Cardiovasc Med. 2020 Sep 30;21(3):345-352. doi: 10.31083/j.rcm.2020.03.120.","Zimmerman A","Rev Cardiovasc Med","2020","2020/10/19","","","10.31083/j.rcm.2020.03.120"
"33024830","Using machine-learning risk prediction models to triage the acuity of undifferentiated patients entering the emergency care system: a systematic review","Miles J, Turner J, Jacques R, Williams J, Mason S.","Diagn Progn Res. 2020 Oct 2;4:16. doi: 10.1186/s41512-020-00084-1. eCollection 2020.","Miles J","Diagn Progn Res","2020","2020/10/07","PMC7531169","","10.1186/s41512-020-00084-1"
"32900480","Machine learning improves mortality risk prediction after cardiac surgery: Systematic review and meta-analysis","Benedetto U, Dimagli A, Sinha S, Cocomello L, Gibbison B, Caputo M, Gaunt T, Lyon M, Holmes C, Angelini GD.","J Thorac Cardiovasc Surg. 2022 Jun;163(6):2075-2087.e9. doi: 10.1016/j.jtcvs.2020.07.105. Epub 2020 Aug 10.","Benedetto U","J Thorac Cardiovasc Surg","2022","2020/09/09","","","10.1016/j.jtcvs.2020.07.105"
"32746368","Machine Learning for Clinical Outcome Prediction","Shamout F, Zhu T, Clifton DA.","IEEE Rev Biomed Eng. 2021;14:116-126. doi: 10.1109/RBME.2020.3007816. Epub 2021 Jan 22.","Shamout F","IEEE Rev Biomed Eng","2021","2020/08/04","","","10.1109/RBME.2020.3007816"
"32711142","Pituitary Tumors in the Computational Era, Exploring Novel Approaches to Diagnosis, and Outcome Prediction with Machine Learning","Soldozy S, Farzad F, Young S, Yağmurlu K, Norat P, Sokolowski J, Park MS, Jane JA Jr, Syed HR.","World Neurosurg. 2021 Feb;146:315-321.e1. doi: 10.1016/j.wneu.2020.07.104. Epub 2020 Jul 22.","Soldozy S","World Neurosurg","2021","2020/07/26","","","10.1016/j.wneu.2020.07.104"
"32623625","Ischemia and outcome prediction by cardiac CT based machine learning","Brandt V, Emrich T, Schoepf UJ, Dargis DM, Bayer RR, De Cecco CN, Tesche C.","Int J Cardiovasc Imaging. 2020 Dec;36(12):2429-2439. doi: 10.1007/s10554-020-01929-y. Epub 2020 Jul 4.","Brandt V","Int J Cardiovasc Imaging","2020","2020/07/06","","","10.1007/s10554-020-01929-y"
"32439080","Risk Stratification Strategies for Colorectal Cancer Screening: From Logistic Regression to Artificial Intelligence","Imperiale TF, Monahan PO.","Gastrointest Endosc Clin N Am. 2020 Jul;30(3):423-440. doi: 10.1016/j.giec.2020.02.004. Epub 2020 Apr 16.","Imperiale TF","Gastrointest Endosc Clin N Am","2020","2020/05/23","","","10.1016/j.giec.2020.02.004"
"32150991","The Application of Deep Learning in Cancer Prognosis Prediction","Zhu W, Xie L, Han J, Guo X.","Cancers (Basel). 2020 Mar 5;12(3):603. doi: 10.3390/cancers12030603.","Zhu W","Cancers (Basel)","2020","2020/03/11","PMC7139576","","10.3390/cancers12030603"
"32138284","Artificial Intelligence in Acute Kidney Injury Risk Prediction","Gameiro J, Branco T, Lopes JA.","J Clin Med. 2020 Mar 3;9(3):678. doi: 10.3390/jcm9030678.","Gameiro J","J Clin Med","2020","2020/03/07","PMC7141311","","10.3390/jcm9030678"
"31893575","FOLFOX treatment response prediction in metastatic or recurrent colorectal cancer patients via machine learning algorithms","Lu W, Fu D, Kong X, Huang Z, Hwang M, Zhu Y, Chen L, Jiang K, Li X, Wu Y, Li J, Yuan Y, Ding K.","Cancer Med. 2020 Feb;9(4):1419-1429. doi: 10.1002/cam4.2786. Epub 2020 Jan 1.","Lu W","Cancer Med","2020","2020/01/02","PMC7013065","","10.1002/cam4.2786"
"31830558","Artificial intelligence in cancer diagnosis and prognosis: Opportunities and challenges","Huang S, Yang J, Fong S, Zhao Q.","Cancer Lett. 2020 Feb 28;471:61-71. doi: 10.1016/j.canlet.2019.12.007. Epub 2019 Dec 10.","Huang S","Cancer Lett","2020","2019/12/13","","","10.1016/j.canlet.2019.12.007"
"31625775","Systematic review of machine learning for diagnosis and prognosis in dermatology","Thomsen K, Iversen L, Titlestad TL, Winther O.","J Dermatolog Treat. 2020 Aug;31(5):496-510. doi: 10.1080/09546634.2019.1682500. Epub 2019 Oct 31.","Thomsen K","J Dermatolog Treat","2020","2019/10/19","","","10.1080/09546634.2019.1682500"
"31581811","Risk prediction of new AF: is there a role for artificial intelligence?","Taggar JS, Qureshi N, Weng S.","Eur J Prev Cardiol. 2020 Aug;27(12):1325-1327. doi: 10.1177/2047487319879525. Epub 2019 Oct 4.","Taggar JS","Eur J Prev Cardiol","2020","2019/10/05","","","10.1177/2047487319879525"
"31481890","Deep Learning in Alzheimer's Disease: Diagnostic Classification and Prognostic Prediction Using Neuroimaging Data","Jo T, Nho K, Saykin AJ.","Front Aging Neurosci. 2019 Aug 20;11:220. doi: 10.3389/fnagi.2019.00220. eCollection 2019.","Jo T","Front Aging Neurosci","2019","2019/09/05","PMC6710444","","10.3389/fnagi.2019.00220"
"31347389","The utility of artificial intelligence in suicide risk prediction and the management of suicidal behaviors","Fonseka TM, Bhat V, Kennedy SH.","Aust N Z J Psychiatry. 2019 Oct;53(10):954-964. doi: 10.1177/0004867419864428. Epub 2019 Jul 26.","Fonseka TM","Aust N Z J Psychiatry","2019","2019/07/27","","","10.1177/0004867419864428"
"30149250","Calcium detection, its quantification, and grayscale morphology-based risk stratification using machine learning in multimodality big data coronary and carotid scans: A review","Banchhor SK, Londhe ND, Araki T, Saba L, Radeva P, Khanna NN, Suri JS.","Comput Biol Med. 2018 Oct 1;101:184-198. doi: 10.1016/j.compbiomed.2018.08.017. Epub 2018 Aug 20.","Banchhor SK","Comput Biol Med","2018","2018/08/28","","","10.1016/j.compbiomed.2018.08.017"
"30136381","Machine learning in major depression: From classification to treatment outcome prediction","Gao S, Calhoun VD, Sui J.","CNS Neurosci Ther. 2018 Nov;24(11):1037-1052. doi: 10.1111/cns.13048. Epub 2018 Aug 23.","Gao S","CNS Neurosci Ther","2018","2018/08/24","PMC6324186","NIHMS1004058","10.1111/cns.13048"
"29352978","Use of multimodality imaging and artificial intelligence for diagnosis and prognosis of early stages of Alzheimer's disease","Liu X, Chen K, Wu T, Weidman D, Lure F, Li J.","Transl Res. 2018 Apr;194:56-67. doi: 10.1016/j.trsl.2018.01.001. Epub 2018 Jan 10.","Liu X","Transl Res","2018","2018/01/22","PMC5875456","NIHMS946214","10.1016/j.trsl.2018.01.001"
"28986230","Machine Learning and Neurosurgical Outcome Prediction: A Systematic Review","Senders JT, Staples PC, Karhade AV, Zaki MM, Gormley WB, Broekman MLD, Smith TR, Arnaout O.","World Neurosurg. 2018 Jan;109:476-486.e1. doi: 10.1016/j.wneu.2017.09.149. Epub 2017 Oct 3.","Senders JT","World Neurosurg","2018","2017/10/08","","","10.1016/j.wneu.2017.09.149"
"28662070","Machine learning and microsimulation techniques on the prognosis of dementia: A systematic literature review","Dallora AL, Eivazzadeh S, Mendes E, Berglund J, Anderberg P.","PLoS One. 2017 Jun 29;12(6):e0179804. doi: 10.1371/journal.pone.0179804. eCollection 2017.","Dallora AL","PLoS One","2017","2017/06/30","PMC5491044","","10.1371/journal.pone.0179804"
"27436868","Moving beyond regression techniques in cardiovascular risk prediction: applying machine learning to address analytic challenges","Goldstein BA, Navar AM, Carter RE.","Eur Heart J. 2017 Jun 14;38(23):1805-1814. doi: 10.1093/eurheartj/ehw302.","Goldstein BA","Eur Heart J","2017","2016/07/21","PMC5837244","","10.1093/eurheartj/ehw302"
"26233633","A Review on Carotid Ultrasound Atherosclerotic Tissue Characterization and Stroke Risk Stratification in Machine Learning Framework","Sharma AM, Gupta A, Kumar PK, Rajan J, Saba L, Nobutaka I, Laird JR, Nicolades A, Suri JS.","Curr Atheroscler Rep. 2015 Sep;17(9):55. doi: 10.1007/s11883-015-0529-2.","Sharma AM","Curr Atheroscler Rep","2015","2015/08/03","","","10.1007/s11883-015-0529-2"
"25750696","Machine learning applications in cancer prognosis and prediction","Kourou K, Exarchos TP, Exarchos KP, Karamouzis MV, Fotiadis DI.","Comput Struct Biotechnol J. 2014 Nov 15;13:8-17. doi: 10.1016/j.csbj.2014.11.005. eCollection 2015.","Kourou K","Comput Struct Biotechnol J","2014","2015/03/10","PMC4348437","","10.1016/j.csbj.2014.11.005"
